sample_id,sequence,organism,strain,mic_uM,target_log10_mic_uM,split,fold,source
dbaasp_11778,GLRKRLRKFRNKDKEKLKKIGQKIQGLLPKLAPRTDY,ecoli,ATCC 25922,14.48771854,1.161,development,2,DBAASP
dbaasp_13915,LLSRVDE,ecoli,ATCC 25922,157.3982864,2.197,development,3,DBAASP
dbaasp_8960,RIKRFWPVVIRTVVAGYNLYR,ecoli,ATCC 25922,3.622429984,0.559,development,4,DBAASP
dbaasp_19514,KRLKKIFKKMIKIF,ecoli,ATCC 25922,3.097419299,0.491,development,3,DBAASP
dbaasp_7814,RFRRLRDKTRDRLKKI,ecoli,ATCC 25922,127.9381304,2.107,development,2,DBAASP
dbaasp_1316,GGLIKIVPAMICAVTKKC,ecoli,ATCC 25922,139.9587323,2.146,development,2,DBAASP
dbaasp_1071,GLLRKGGEKIGEKLKKIGQKIKNFFQKLVPQPEQ,ecoli,ATCC 25922,16.59586907,1.22,development,4,DBAASP
dbaasp_778,RVKRVWKLVIRLVKALYKLYRAIKKK,ecoli,ATCC 25922,7.603262769,0.881,development,1,DBAASP
dbaasp_17238,KRFKKFWKKIKNSVKKRAKKFFRKPRVIAVSIPF,ecoli,ATCC 25922,0.36982818,-0.432,development,3,DBAASP
dbaasp_10853,YRLRVKWKW,ecoli,ATCC 25922,9.862794856,0.994,development,3,DBAASP
dbaasp_9381,LKKLLKLCKKLCKLAG,ecoli,ATCC 25922,5.00034535,0.699,development,1,DBAASP
dbaasp_18395,KRIGWRWRRWCPRLRK,ecoli,ATCC 25922,3.580964371,0.554,development,2,DBAASP
dbaasp_16914,ITKWLLNAIKKGFKL,ecoli,ATCC 25922,63.97348355,1.806,development,4,DBAASP
dbaasp_2504,GFMKYIGPLIPHAVKAISDLI,ecoli,ATCC 25922,6.251726928,0.796,development,4,DBAASP
dbaasp_16592,LIGIIDGVKERKKRRR,ecoli,ATCC 25922,63.97348355,1.806,development,5,DBAASP
dbaasp_13764,GLWDVIKKVASVIGGL,ecoli,ATCC 25922,19.54339456,1.291,development,1,DBAASP
dbaasp_5244,PRPPRLPRPRPRPLPFPRPGPRPIPRPLPFP,ecoli,ATCC 25922,15.99558029,1.204,development,3,DBAASP
dbaasp_3004,GRLQAFLAKMKEIAAQTL,ecoli,ATCC 25922,3.140508694,0.497,development,3,DBAASP
dbaasp_4163,ILGPVLGLVGDTLGDLL,ecoli,ATCC 25922,60.67363296,1.783,development,1,DBAASP
dbaasp_13851,KLKLLLKLGLKLL,ecoli,ATCC 25922,25.00345362,1.398,development,5,DBAASP
dbaasp_17292,RRGWAARLFAAFGRR,ecoli,ATCC 25922,5.701642723,0.756,development,3,DBAASP
dbaasp_18828,RWLRLNGRWLRL,ecoli,ATCC 25922,1.798870915,0.255,development,2,DBAASP
dbAMP_19475,LRLWKRRWKYRVPP,ecoli,ATCC 25922,25.82260191,1.412,development,3,dbAMP
dbaasp_17226,GFCWRACVYRNGVRVCYRRCN,ecoli,ATCC 25922,0.097498964,-1.011,development,1,DBAASP
dbaasp_8924,INWKALLDAAKKVL,ecoli,ATCC 25922,4.988844875,0.698,development,4,DBAASP
dbaasp_1160,GNNRPVYIPQPRPPHPRL,ecoli,ATCC 25922,7.99834255,0.903,development,3,DBAASP
dbaasp_19522,ASVVKKLTKKVAGLLK,ecoli,ATCC 25922,7.99834255,0.903,development,4,DBAASP
dbaasp_13874,GLLKRIKT,ecoli,ATCC 25922,3.572728382,0.553,development,4,DBAASP
dbaasp_5831,PRPLPFPRPG,ecoli,ATCC 25922,500.034535,2.699,development,2,DBAASP
dbaasp_3234,RCVCRRGVCRCVCRRGVC,ecoli,ATCC 25922,6.095368972,0.785,development,3,DBAASP
dbaasp_16485,GIKKWLHKPKKFPKKFVKKIMNS,ecoli,ATCC 25922,10,1,development,2,DBAASP
dbaasp_20186,CGRRPWWWRCRL,ecoli,ATCC 25922,9.66050879,0.985,development,4,DBAASP
dbaasp_4585,KRLRRVWRRWR,ecoli,ATCC 25922,29.99162519,1.477,development,1,DBAASP
dbaasp_18123,KWKSFLKTKKSAKKTVLHTALKAISS,ecoli,ATCC 25922,2.747894153,0.439,development,3,DBAASP
dbaasp_19946,WRNWRNWRNWRN,ecoli,ATCC 25922,15.99558029,1.204,development,2,DBAASP
dbaasp_12723,VRPVVRPVVRPVVRPVVRPVVRPVVRPV,ecoli,ATCC 25922,7.99834255,0.903,development,3,DBAASP
dbaasp_12605,RRIRIIIRIRR,ecoli,ATCC 25922,1.99986187,0.301,development,5,DBAASP
dbaasp_1362,TKCFQWQRNMRKVRGPPVSCIKRDS,ecoli,ATCC 25922,127.9381304,2.107,development,2,DBAASP
dbaasp_16901,CASYFCRWWWAA,ecoli,ATCC 25922,63.97348355,1.806,development,3,DBAASP
dbaasp_7143,RFRRLRKKTRKRLKKI,ecoli,ATCC 25922,127.9381304,2.107,development,3,DBAASP
dbaasp_4669,FLPLIGRVLSGAL,ecoli,ATCC 25922,39.99447498,1.602,development,4,DBAASP
dbaasp_14633,RKRRIVVIRRKR,ecoli,ATCC 25922,7.99834255,0.903,development,1,DBAASP
dbAMP_24675,FWGFLGKLAMKAVPSLIGGNKK,ecoli,ATCC 25922,3.999447498,0.602,development,4,dbAMP
dbAMP_03794,GLVTSLIKGAGKLLGGLFGSVTGGQS,ecoli,ATCC 25922,127.9381304,2.107,development,3,dbAMP
dbaasp_10287,FRRFFKWFRRPFKFF,ecoli,ATCC 25922,4.497798549,0.653,development,2,DBAASP
dbaasp_5411,RLGTALPALLKTLLAGLNG,ecoli,ATCC 25922,16.98243652,1.23,development,5,DBAASP
dbaasp_13813,GLLSALSLLGKLL,ecoli,ATCC 25922,3.097419299,0.491,development,1,DBAASP
dbaasp_11366,TWLPAVIKIQAHWRGYRQRKIYL,ecoli,ATCC 25922,1.076465214,0.032,development,1,DBAASP
dbaasp_5863,RRFRPKVTITIQGSARF,ecoli,ATCC 25922,3.999447498,0.602,development,1,DBAASP
dbaasp_18383,SRWGRWLRKIRRWRPK,ecoli,ATCC 25922,3.60578643,0.557,development,5,DBAASP
dbaasp_4583,KSLRRVWRSWR,ecoli,ATCC 25922,29.99162519,1.477,development,2,DBAASP
dbaasp_3708,GVFTLIKGATQLIGKTLGKELGKTGLELMACKITEQC,ecoli,ATCC 25922,0.928966387,-0.032,development,5,DBAASP
dbaasp_12967,KLLSHSLLVTLA,ecoli,ATCC 25922,4.897788194,0.69,development,5,DBAASP
dbaasp_13454,KVWSRLRKIFSTR,ecoli,ATCC 25922,1.883649089,0.275,development,2,DBAASP
dbaasp_12719,LRPLLRPLLRPLLRPLLRPLLRPL,ecoli,ATCC 25922,1.99986187,0.301,development,4,DBAASP
dbaasp_16917,KIAKRIWKILRRRL,ecoli,ATCC 25922,8.53100114,0.931,development,3,DBAASP
dbaasp_12842,PMARNKKLLKKLRLKIAFK,ecoli,ATCC 25922,7.99834255,0.903,development,3,DBAASP
dbaasp_18163,FWSTLLSIGKSLL,ecoli,ATCC 25922,31.47748314,1.498,development,5,DBAASP
dbaasp_4157,GIGGALLSAGKAALKGLAKVLV,ecoli,ATCC 25922,18.83649089,1.275,development,1,DBAASP
dbaasp_10602,GCRRLCWKQRCVTYCRGR,ecoli,ATCC 25922,1,0,development,2,DBAASP
dbaasp_10711,MMRVMRRKTKVIWEKKDFIGLYSID,ecoli,ATCC 25922,0.990831945,-0.004,development,5,DBAASP
dbaasp_1358,GIFSLIKGAAKVVAKGLGKEVGKFGLDLMACKVTNQC,ecoli,ATCC 25922,0.899497582,-0.046,development,1,DBAASP
dbaasp_20157,KWLLKLLKW,ecoli,ATCC 25922,6.60693448,0.82,development,2,DBAASP
dbaasp_11254,GLLFKELQKLIRYQIFIGK,ecoli,ATCC 25922,17.41806873,1.241,development,3,DBAASP
dbaasp_7019,SRWPSPGRPRPFPGRPKPIFRPR,ecoli,ATCC 25922,6.295061829,0.799,development,2,DBAASP
dbaasp_19638,KFAKFAKKFAKFAKGGKPQQFFGLM,ecoli,ATCC 25922,5.649369748,0.752,development,4,DBAASP
dbaasp_11890,ALNALKKVSQGIHEAIKLIANHVQ,ecoli,ATCC 25922,7.99834255,0.903,development,5,DBAASP
dbaasp_11250,IKLRNVLKYLFRIDVIKEDIL,ecoli,ATCC 25922,63.97348355,1.806,development,3,DBAASP
dbaasp_19864,FLPKVAKLLKELL,ecoli,ATCC 25922,7.99834255,0.903,development,4,DBAASP
dbaasp_8436,FFPSIAGLAAKFLPKIFCSITKRC,ecoli,ATCC 25922,0.378442585,-0.422,development,1,DBAASP
dbAMP_05282,KRIRFFERIRDRLRDLGNRIKNRIRDFFS,ecoli,ATCC 25922,2.094112456,0.321,development,5,dbAMP
dbaasp_13589,WPTSFT,ecoli,ATCC 25922,199.986187,2.301,development,4,DBAASP
dbaasp_15626,SSRRKPCKGWLCKLKLRGGYTLIGSATNLNRPTYVRA,ecoli,ATCC 25922,2.890679882,0.461,development,1,DBAASP
dbaasp_8815,AKRLKKLFKKIWNWK,ecoli,ATCC 25922,3.999447498,0.602,development,5,DBAASP
dbaasp_12608,RWWRRWRRWWR,ecoli,ATCC 25922,7.99834255,0.903,development,2,DBAASP
dbaasp_20103,LISGLIKK,ecoli,ATCC 25922,937.5620069,2.972,development,4,DBAASP
dbaasp_14722,GWWRRTVAKVRN,ecoli,ATCC 25922,6.295061829,0.799,development,3,DBAASP
dbaasp_12441,CSLYGCYLLHPGKICYCLHCSR,ecoli,ATCC 25922,7.99834255,0.903,development,4,DBAASP
dbaasp_5820,PLPFPRPGPRPIPRPLPFPRPGPRPIPRP,ecoli,ATCC 25922,5.834451043,0.766,development,3,DBAASP
dbaasp_7139,GSKKPVPIIYCQRRTAKCQRM,ecoli,ATCC 25922,13.09181923,1.117,development,2,DBAASP
dbaasp_11761,KWCFRVCYAGICYRRCA,ecoli,ATCC 25922,0.014421154,-1.841,development,4,DBAASP
dbaasp_6415,RRGKPSGGSRGSKMGSKDSKGGWRGRPGSGSRPGFG,ecoli,ATCC 25922,10,1,development,5,DBAASP
dbaasp_18657,FHIIGGLFSAGKAIHRLIRRRRR,ecoli,ATCC 25922,93.75620069,1.972,development,3,DBAASP
dbaasp_17822,GRRPWWWRAR,ecoli,ATCC 25922,5.533501092,0.743,development,1,DBAASP
dbaasp_3734,FLPKLFAGIISKNF,ecoli,ATCC 25922,6.652731562,0.823,development,1,DBAASP
dbaasp_4211,FFPIIAGMAAKVICAITKKC,ecoli,ATCC 25922,13.00169578,1.114,development,3,DBAASP
dbaasp_2003,VFQFLGKIIHHVGNFVHGFSHVF,ecoli,ATCC 25922,96.6050879,1.985,development,5,DBAASP
dbaasp_19612,WKWKWKRRRFKWKWKW,ecoli,ATCC 25922,7.99834255,0.903,development,3,DBAASP
dbaasp_19611,IRIRIRRRRFRIRIRI,ecoli,ATCC 25922,7.99834255,0.903,development,5,DBAASP
dbaasp_19606,VRVRRRRFRVRV,ecoli,ATCC 25922,31.9889511,1.505,development,4,DBAASP
dbaasp_4479,HNKQEGRDHDKSKGHFHRVVIHHKGGKAH,ecoli,ATCC 25922,1.671090614,0.223,development,1,DBAASP
dbaasp_5056,RILRGVSRRIMRRILTGRR,ecoli,ATCC 25922,6.807693587,0.833,development,4,DBAASP
dbaasp_17721,RRIRPRPPRLPRPRWR,ecoli,ATCC 25922,1,0,development,4,DBAASP
dbaasp_5716,GVWSTILGGLKKFAKGGLDAIVNPK,ecoli,ATCC 25922,1.99986187,0.301,development,1,DBAASP
dbaasp_13826,GALSALKALGKAL,ecoli,ATCC 25922,25.00345362,1.398,development,5,DBAASP
dbaasp_13689,WRFRWRFRWRFR,ecoli,ATCC 25922,7.99834255,0.903,development,3,DBAASP
dbaasp_19467,FIKKIAKLLKKIF,ecoli,ATCC 25922,3.176874071,0.502,development,2,DBAASP
dbaasp_15970,GLFGAIAGFIKGGWQGMVKG,ecoli,ATCC 25922,15.70362804,1.196,development,4,DBAASP
dbaasp_18220,PFRLSLHL,ecoli,ATCC 25922,31.9889511,1.505,development,4,DBAASP
dbaasp_7731,FLSLIPHAINAVSTLVHHF,ecoli,ATCC 25922,14.99684836,1.176,development,2,DBAASP
dbaasp_6933,GLNAFKKVFQGIHEAIKLINNHVQ,ecoli,ATCC 25922,19.9986187,1.301,development,5,DBAASP
dbaasp_15073,KRAAQRIKAFLR,ecoli,ATCC 25922,2.500345362,0.398,development,5,DBAASP
dbaasp_16909,IPLLRKGKKIIWW,ecoli,ATCC 25922,63.97348355,1.806,development,3,DBAASP
dbaasp_19569,KLLPSVVGLFKKKKQ,ecoli,ATCC 25922,50.0034535,1.699,development,4,DBAASP
dbaasp_10392,SPRRRTPSPRRRRSQSPRRR,ecoli,ATCC 25922,25.00345362,1.398,development,2,DBAASP
dbaasp_15055,KRIVQRIKDFAR,ecoli,ATCC 25922,19.9986187,1.301,development,2,DBAASP
dbaasp_16907,KLVKKLLKKYITF,ecoli,ATCC 25922,63.97348355,1.806,development,3,DBAASP
dbaasp_14624,FFGHLFKLATKIIPSLFR,ecoli,ATCC 25922,5.902010802,0.771,development,4,DBAASP
dbaasp_12765,GIGKFSKKGAAARRRKVSLKAL,ecoli,ATCC 25922,220.2926463,2.343,development,3,DBAASP
dbaasp_19525,AKVVNKLTGKVAGLLK,ecoli,ATCC 25922,127.9381304,2.107,development,1,DBAASP
dbaasp_4492,KRFWPLVPVAINTVAAGINLYKAIRRK,ecoli,ATCC 25922,1.99986187,0.301,development,5,DBAASP
dbaasp_2865,LLKWLLKWLKK,ecoli,ATCC 25922,6.886522963,0.838,development,3,DBAASP
dbAMP_19516,LRLKKRRWKYRVPF,ecoli,ATCC 25922,3.213660539,0.507,development,2,dbAMP
dbAMP_19521,LRLKKRRWKYRVPQ,ecoli,ATCC 25922,13.09181923,1.117,development,2,dbAMP
dbaasp_5284,GLMDTVKNAAKNLAGQLLDTIKCKMTGC,ecoli,ATCC 25922,29.99162519,1.477,development,3,DBAASP
dbaasp_5614,RRRRRRRRRRGIGKFLHSAKKFGKAFVGEIMNS,ecoli,ATCC 25922,0.778036551,-0.109,development,3,DBAASP
dbAMP_00257,AIPWIWIWRLLRKG,ecoli,ATCC 25922,4.187935651,0.622,development,3,dbAMP
dbaasp_13072,AARIILRFRFR,ecoli,ATCC 25922,3.999447498,0.602,development,2,DBAASP
dbaasp_2861,LKWLLKWLK,ecoli,ATCC 25922,4.13047502,0.616,development,3,DBAASP
dbaasp_17026,ILGTILGLLKTL,ecoli,ATCC 25922,63.97348355,1.806,development,2,DBAASP
dbaasp_19669,GYCFTACALRNGVRICYRRCN,ecoli,ATCC 25922,0.250034536,-0.602,development,2,DBAASP
dbaasp_16331,RRIPFWPPNLPGPRRPPWFLPDFRIPRIPRKR,ecoli,ATCC 25922,3.999447498,0.602,development,4,DBAASP
dbaasp_12108,DEMKLDGFNMHLE,ecoli,ATCC 25922,19.9986187,1.301,development,2,DBAASP
dbaasp_12845,KFLKLKWLKSWKNFK,ecoli,ATCC 25922,12.5025903,1.097,development,3,DBAASP
dbaasp_10681,CRKKKC,ecoli,ATCC 25922,21.42890601,1.331,development,5,DBAASP
dbaasp_20055,GWWRRRWWG,ecoli,ATCC 25922,31.9889511,1.505,development,3,DBAASP
dbaasp_4560,EQHSSGKSDV,ecoli,ATCC 25922,100,2,development,5,DBAASP
dbaasp_11086,KRFKKFFRKLKKSVKKRKKEFKKKPRVIGVSIPF,ecoli,ATCC 25922,0.474241985,-0.324,development,5,DBAASP
dbaasp_10613,ASENGKCNLLCLVKKKLRAVGNVIKTVVGKIA,ecoli,ATCC 25922,0.690239804,-0.161,development,5,DBAASP
dbaasp_15800,RKCVKVQLIKNGRQVTAF,ecoli,ATCC 25922,11.99499303,1.079,development,5,DBAASP
dbaasp_15003,DLLNGLLNPVLGIANGLTGGLVKK,ecoli,ATCC 25922,295.1209227,2.47,development,1,DBAASP
dbAMP_19469,LWLKKRRWKYRVPP,ecoli,ATCC 25922,3.250872974,0.512,development,2,dbAMP
dbaasp_1439,GGLRSLGRKILRAWKKYGPQATPATRQ,ecoli,ATCC 25922,1,0,development,4,DBAASP
dbaasp_3482,IWSAIWSGIKGLL,ecoli,ATCC 25922,14.99684836,1.176,development,5,DBAASP
dbaasp_5821,PLPFPRPGPRPIPRP,ecoli,ATCC 25922,500.034535,2.699,development,5,DBAASP
dbaasp_5616,GIGKFLHSAKKFGKAFVGEIMNSKKKKKKKKKK,ecoli,ATCC 25922,3.349654392,0.525,development,3,DBAASP
dbaasp_5710,GVFGLLAKAALKGASKLIPHLLPSRQQ,ecoli,ATCC 25922,1,0,development,1,DBAASP
dbAMP_20718,QKRPRVRLSAGGGWKKIWKPGIKKWIK,ecoli,ATCC 25922,63.97348355,1.806,development,4,dbAMP
dbaasp_15845,RRWNWWWNWRR,ecoli,ATCC 25922,63.97348355,1.806,development,3,DBAASP
dbaasp_16767,LNLKALLAVAAKIL,ecoli,ATCC 25922,7.99834255,0.903,development,1,DBAASP
dbaasp_17637,RWKMRRIKIQR,ecoli,ATCC 25922,32.21068791,1.508,development,2,DBAASP
dbaasp_2499,PRLKVYLPRYKVYSTAAGRYQLLSRYW,ecoli,ATCC 25922,149.9684836,2.176,development,1,DBAASP
dbaasp_1178,QKKIRVRLAA,ecoli,ATCC 25922,13.74041975,1.138,development,2,DBAASP
dbaasp_979,KSSTRGRKSSRRKK,ecoli,ATCC 25922,121.6186001,2.085,development,3,DBAASP
dbaasp_17121,RRIFKRLFKYLRRF,ecoli,ATCC 25922,1.009252886,0.004,development,5,DBAASP
dbaasp_19371,AHPRIKKHLDLLMKKERHLAMKIAAP,ecoli,ATCC 25922,8.260379496,0.917,development,2,DBAASP
dbaasp_5712,NLLGSLLKTGLKVGSNLL,ecoli,ATCC 25922,127.9381304,2.107,development,2,DBAASP
dbaasp_3685,GLLDTIKNMALNAAKSAGVSVLNTLSCKLSKTC,ecoli,ATCC 25922,2.570395783,0.41,development,1,DBAASP
dbaasp_16981,FPVTWRWWKWWKGKFPVTWRWWKWWKG,ecoli,ATCC 25922,65.46361741,1.816,development,1,DBAASP
dbaasp_2326,KKKLLLLLLLLLKKK,ecoli,ATCC 25922,50.0034535,1.699,development,2,DBAASP
dbaasp_5845,FWGLKGLKGPGKFSKKL,ecoli,ATCC 25922,25.00345362,1.398,development,4,DBAASP
dbaasp_264,KWKSFAKTFKSAKKTVLHTALKAISS,ecoli,ATCC 25922,63.97348355,1.806,development,3,DBAASP
dbaasp_10828,IIPLPLGYFAKKKKKKDPVPLDQ,ecoli,ATCC 25922,38.19442708,1.582,development,2,DBAASP
dbaasp_16589,DILIIVGGKRRR,ecoli,ATCC 25922,63.97348355,1.806,development,4,DBAASP
dbaasp_13817,GLLSLLSLLGKAL,ecoli,ATCC 25922,3.097419299,0.491,development,1,DBAASP
dbaasp_20101,LIGGLINR,ecoli,ATCC 25922,954.992586,2.98,development,5,DBAASP
dbaasp_5862,LVQRGRFGRFLRKIRRFR,ecoli,ATCC 25922,3.999447498,0.602,development,4,DBAASP
dbaasp_9961,FRIRVRV,ecoli,ATCC 25922,15.99558029,1.204,development,2,DBAASP
dbaasp_3733,FLPKLFAKITKKNMAHIR,ecoli,ATCC 25922,1.496235656,0.175,development,3,DBAASP
dbaasp_10826,GLMDIFKVAVNKLLAAGMNKPRCKAAHC,ecoli,ATCC 25922,7.550922277,0.878,development,5,DBAASP
dbAMP_24667,GKPRGNARLGLRPKRSRWL,ecoli,ATCC 25922,3.30369541,0.519,development,3,dbAMP
dbaasp_13957,GIIAGIIIAIKK,ecoli,ATCC 25922,127.9381304,2.107,development,2,DBAASP
dbaasp_16893,RLFRRVKKVAG,ecoli,ATCC 25922,190.5460718,2.28,development,1,DBAASP
dbaasp_9907,VFRLKKWMQKVIDRFGG,ecoli,ATCC 25922,3.999447498,0.602,development,1,DBAASP
dbaasp_15834,FFFFKKKKK,ecoli,ATCC 25922,6.501296903,0.813,development,1,DBAASP
dbaasp_6910,DDALRHLLRHLLRHL,ecoli,ATCC 25922,100,2,development,2,DBAASP
dbaasp_709,RRRPRPPYLPRPRPPPFFPPRLPPRIPPGFPPRFPPRFP,ecoli,ATCC 25922,0.425598413,-0.371,development,2,DBAASP
dbaasp_13010,GKKLLWLLKKG,ecoli,ATCC 25922,31.9889511,1.505,development,4,DBAASP
dbaasp_3149,KLLKRIKTLL,ecoli,ATCC 25922,19.86094917,1.298,development,2,DBAASP
dbaasp_15836,VVVKKKKK,ecoli,ATCC 25922,34.11929116,1.533,development,1,DBAASP
dbaasp_1173,QKKARVRLSA,ecoli,ATCC 25922,56.23413252,1.75,development,5,DBAASP
dbaasp_18607,QDLCHNLGGRCFRNRCSWSLRNHGGQDCPWGSVCCKP,ecoli,ATCC 25922,121.8989599,2.086,development,4,DBAASP
dbaasp_7484,VDKPPYLPRPRPPRRIYNR,ecoli,ATCC 25922,7.99834255,0.903,development,2,DBAASP
dbaasp_5610,FLPIIGKLLSG,ecoli,ATCC 25922,4.385306978,0.642,development,4,DBAASP
dbAMP_25149,EIEKFDKSKLK,ecoli,ATCC 25922,9.66050879,0.985,development,5,dbAMP
dbaasp_5720,GMATKAGTAFGKAAKAIIGAAL,ecoli,ATCC 25922,15.99558029,1.204,development,5,DBAASP
dbaasp_18811,RWVKVPGRWVKV,ecoli,ATCC 25922,12.5025903,1.097,development,2,DBAASP
dbaasp_12312,VLVPQGFAVVKKANFVAFYT,ecoli,ATCC 25922,234.9632821,2.371,development,5,DBAASP
dbaasp_7263,GVVDILKGAAKDIAGHLASAVMNKL,ecoli,ATCC 25922,100,2,development,5,DBAASP
dbaasp_13079,GLRKRLRKFRNKQKEKLKKIGQKIQGLLPKLAPRTDY,ecoli,ATCC 25922,3.614098626,0.558,development,1,DBAASP
dbaasp_14040,CRKPTFRRLKWKIKFKFKC,ecoli,ATCC 25922,6.412095766,0.807,development,2,DBAASP
dbaasp_1564,INWKGIAAMAKKLL,ecoli,ATCC 25922,4.875284901,0.688,development,2,DBAASP
dbaasp_4418,FLPILASLAAKFGPKLFSLVTKKS,ecoli,ATCC 25922,50.0034535,1.699,development,1,DBAASP
dbaasp_13838,GLSLLLSLGLKLL,ecoli,ATCC 25922,25.00345362,1.398,development,1,DBAASP
dbaasp_17820,GKKPWWWKAK,ecoli,ATCC 25922,24.15460834,1.383,development,5,DBAASP
dbaasp_11736,KWCFRVAYRGISYRRCR,ecoli,ATCC 25922,0.226986485,-0.644,development,1,DBAASP
dbaasp_19670,GYCFTACRLRNGVRICYRRCN,ecoli,ATCC 25922,0.500034535,-0.301,development,1,DBAASP
dbaasp_1273,FLGGLIKIVPAMICAVTKKC,ecoli,ATCC 25922,15.31087462,1.185,development,3,DBAASP
dbaasp_8289,GVFDIIKDAGKQLVAHATGKIAEKV,ecoli,ATCC 25922,309.0295433,2.49,development,1,DBAASP
dbAMP_04079,GSKKPVPIIYCNRRTKCQRM,ecoli,ATCC 25922,1.99986187,0.301,development,2,dbAMP
dbaasp_18381,RWGRWLRKIRRWRPKC,ecoli,ATCC 25922,3.580964371,0.554,development,2,DBAASP
dbaasp_13067,AARIILRGRFR,ecoli,ATCC 25922,3.999447498,0.602,development,3,DBAASP
dbaasp_11238,GKLGPLLKIAAKVGSKLL,ecoli,ATCC 25922,6.295061829,0.799,development,5,DBAASP
dbaasp_12505,KIGVLKKYFKIGALIKAIIK,ecoli,ATCC 25922,7.99834255,0.903,development,2,DBAASP
dbaasp_8774,VKRWKKFWRKWKKWW,ecoli,ATCC 25922,8.298507675,0.919,development,1,DBAASP
dbaasp_17655,GLAKRAKTLL,ecoli,ATCC 25922,511.6818355,2.709,development,3,DBAASP
dbaasp_4332,VKRFKKFFRKLKKSVKK,ecoli,ATCC 25922,3.672823005,0.565,development,5,DBAASP
dbaasp_2024,KISKRILTGKK,ecoli,ATCC 25922,204.1737945,2.31,development,1,DBAASP
dbAMP_02735,GGLKKLGKKLEGAGKRVFKASEKALPVVVGIKAIGK,ecoli,ATCC 25922,0.39994475,-0.398,development,5,dbAMP
dbaasp_6755,RWWRWWR,ecoli,ATCC 25922,8.24138115,0.916,development,4,DBAASP
dbaasp_14656,FKCRRWQWRMRKVRGPPVSCIKRDS,ecoli,ATCC 25922,1.99986187,0.301,development,1,DBAASP
dbAMP_25427,GNGNLLGGLLRPVLGVVKGLTGGLGKK,ecoli,ATCC 25922,1.99986187,0.301,development,2,dbAMP
dbaasp_487,KKKKKKAAWAAWAAWAA,ecoli,ATCC 25922,7.99834255,0.903,development,1,DBAASP
dbaasp_7103,ILGTIPGLLKGL,ecoli,ATCC 25922,255.8585887,2.408,development,4,DBAASP
dbaasp_2304,GFRDVLKGAAKAFVKTVAGHIAN,ecoli,ATCC 25922,2.999162519,0.477,development,3,DBAASP
dbaasp_10394,RRLTLRQLLGLGSRRRRRSR,ecoli,ATCC 25922,25.00345362,1.398,development,4,DBAASP
dbaasp_13679,VRLRVKTRVRLK,ecoli,ATCC 25922,3.999447498,0.602,development,1,DBAASP
dbaasp_19519,ASVVNKLTGKVAGLLK,ecoli,ATCC 25922,15.99558029,1.204,development,1,DBAASP
dbaasp_15901,KRFWPLVPVAINTVA,ecoli,ATCC 25922,127.9381304,2.107,development,1,DBAASP
dbaasp_13961,GIIAGIGIKIKK,ecoli,ATCC 25922,63.97348355,1.806,development,5,DBAASP
dbAMP_21496,LLKKLLKLLLKLLKK,ecoli,ATCC 25922,21.97859873,1.342,development,5,dbAMP
dbaasp_14031,WLKAAAKAAAKLW,ecoli,ATCC 25922,0.500034535,-0.301,development,5,DBAASP
dbaasp_11362,EQEENVVKIQAFWKGYKQRKEYM,ecoli,ATCC 25922,0.788860118,-0.103,development,3,DBAASP
dbaasp_1607,FIPGLRRLFATVVPTVVGAINKLPPG,ecoli,ATCC 25922,2.322736796,0.366,development,4,DBAASP
dbaasp_10073,KCRQWQSKIRRTNPIFCIRR,ecoli,ATCC 25922,24.88857318,1.396,development,2,DBAASP
dbaasp_11852,GFKRIVQKIRDFLRNLV,ecoli,ATCC 25922,3.097419299,0.491,development,3,DBAASP
dbaasp_15883,RYRRKKKMKK,ecoli,ATCC 25922,100,2,development,4,DBAASP
dbAMP_25097,ICHHCI,ecoli,ATCC 25922,28.31391996,1.452,development,3,dbAMP
dbaasp_3403,ILPILGNLLNSLL,ecoli,ATCC 25922,100,2,development,4,DBAASP
dbaasp_5238,GLPVCGETCTLGTCYTQGCTCSWPICKRN,ecoli,ATCC 25922,159.9558029,2.204,development,2,DBAASP
dbaasp_9874,WGRAFSRGVRRLARGGRG,ecoli,ATCC 25922,31.76874071,1.502,development,4,DBAASP
dbaasp_14988,WKIVFWWRR,ecoli,ATCC 25922,1.472312502,0.168,development,4,DBAASP
dbaasp_16427,IIICRKPIICRKPIICRKPIICRKPIICRKPIII,ecoli,ATCC 25922,3.999447498,0.602,development,3,DBAASP
dbaasp_19003,GVITDTLKGVAKTVAAELLRKAHCKLTNSC,ecoli,ATCC 25922,47.75292737,1.679,development,3,DBAASP
dbaasp_18646,IIRWWWRII,ecoli,ATCC 25922,15.99558029,1.204,development,5,DBAASP
dbaasp_5058,KILGVSKRILTGKK,ecoli,ATCC 25922,168.2674061,2.226,development,2,DBAASP
dbaasp_10637,RKKTRKRLKKIGKVLKWI,ecoli,ATCC 25922,1.99986187,0.301,development,2,DBAASP
dbaasp_11750,KWCFRRCYAGICYRRCR,ecoli,ATCC 25922,0.224905461,-0.648,development,4,DBAASP
dbaasp_4193,FLRFIGSVIHGIGHLVHHIGVAL,ecoli,ATCC 25922,1.99986187,0.301,development,3,DBAASP
dbaasp_18655,FIHHIIGRRRRR,ecoli,ATCC 25922,158.1248039,2.199,development,5,DBAASP
dbaasp_8806,KWFKIQLQIKKWKNKK,ecoli,ATCC 25922,31.9889511,1.505,development,1,DBAASP
dbaasp_17724,WRIRRRWPRLPRPRWR,ecoli,ATCC 25922,1,0,development,5,DBAASP
dbaasp_11305,VKKFPWWWAFLKK,ecoli,ATCC 25922,3.999447498,0.602,development,5,DBAASP
dbaasp_3135,GLLKVIKTLL,ecoli,ATCC 25922,2.779713268,0.444,development,1,DBAASP
dbaasp_5715,GWLPTFGKILRKAMQLGPKLIQPI,ecoli,ATCC 25922,1,0,development,5,DBAASP
dbAMP_19451,LRFKKRRWKYRVPP,ecoli,ATCC 25922,13.06170888,1.116,development,5,dbAMP
dbaasp_20041,IWRRRWI,ecoli,ATCC 25922,63.97348355,1.806,development,1,DBAASP
dbAMP_25221,FLSMIPKIAGGIASLVKNL,ecoli,ATCC 25922,31.9889511,1.505,development,3,dbAMP
dbaasp_7667,KLKLVALHKQVL,ecoli,ATCC 25922,10.93956366,1.039,development,5,DBAASP
dbaasp_3105,FLPLVTMLLGKLF,ecoli,ATCC 25922,159.9558029,2.204,development,4,DBAASP
dbAMP_10492,RIKRFWPVVIRTVVAGY,ecoli,ATCC 25922,100,2,development,2,dbAMP
dbaasp_14881,GLFDAIKKIAESF,ecoli,ATCC 25922,180.3017741,2.256,development,3,DBAASP
dbaasp_4111,FLLFPLMCKIQGKC,ecoli,ATCC 25922,61.65950019,1.79,development,3,DBAASP
dbaasp_9964,FRIRVRVFKRIVQRIKDFLR,ecoli,ATCC 25922,1,0,development,3,DBAASP
dbaasp_17076,FKRHVQRIKDFLR,ecoli,ATCC 25922,10,1,development,5,DBAASP
dbaasp_3400,GLLSVLKGVLKTTGKHIFKNVGGSLLDQAKCKISGQC,ecoli,ATCC 25922,2.999162519,0.477,development,4,DBAASP
dbaasp_10651,KRRWPWWPWRLI,ecoli,ATCC 25922,4.539416167,0.657,development,5,DBAASP
dbaasp_19879,LKKLARILKKLCRI,ecoli,ATCC 25922,2.382319469,0.377,development,3,DBAASP
dbaasp_14725,AWWRRTVAKVRK,ecoli,ATCC 25922,12.5025903,1.097,development,3,DBAASP
dbaasp_3688,SFLSTFKELAINAAKNAGQSLLHTLSCKLDKTC,ecoli,ATCC 25922,4.466835922,0.65,development,4,DBAASP
dbaasp_16587,DILIIVGGKDRKKRRR,ecoli,ATCC 25922,7.99834255,0.903,development,3,DBAASP
dbaasp_11520,FLSLIPKIAGGIASLVKDL,ecoli,ATCC 25922,100,2,development,5,DBAASP
dbaasp_13940,GIIKGIIKIIKA,ecoli,ATCC 25922,127.9381304,2.107,development,2,DBAASP
dbaasp_17611,RQIRRIIQR,ecoli,ATCC 25922,40.92606597,1.612,development,5,DBAASP
dbaasp_15150,LVTLVFVGGGWKWKWENGKWKWQW,ecoli,ATCC 25922,127.9381304,2.107,development,2,DBAASP
dbaasp_17696,WRKWRK,ecoli,ATCC 25922,127.9381304,2.107,development,2,DBAASP
dbaasp_10854,KRRWRIWLV,ecoli,ATCC 25922,6.180164001,0.791,development,1,DBAASP
dbaasp_9204,MLLKKLLKKM,ecoli,ATCC 25922,407.3802778,2.61,development,3,DBAASP
dbaasp_4478,LVQRGRFGRFLKKVRRFIPKVIIAAQIGSRFG,ecoli,ATCC 25922,2.500345362,0.398,development,3,DBAASP
dbaasp_8620,GVVKRIKTVV,ecoli,ATCC 25922,199.986187,2.301,development,2,DBAASP
dbaasp_1441,KWKSFLKTFKSAAKTVLHTALKAISS,ecoli,ATCC 25922,1.99986187,0.301,development,2,DBAASP
dbaasp_9959,FLFSLIPSAIGGLISAFK,ecoli,ATCC 25922,50.0034535,1.699,development,1,DBAASP
dbAMP_19452,LRWKKRRWKYRVPP,ecoli,ATCC 25922,6.412095766,0.807,development,1,dbAMP
dbaasp_3256,KKLLKWLKKLL,ecoli,ATCC 25922,8.974287945,0.953,development,2,DBAASP
dbaasp_3358,GIRDVLKGAAKAFVKTVAGHIAN,ecoli,ATCC 25922,3.999447498,0.602,development,5,DBAASP
dbaasp_5670,YSKSLPLSVLNP,ecoli,ATCC 25922,6.151768727,0.789,development,3,DBAASP
dbaasp_11742,KWCFRVCYRGICARRCR,ecoli,ATCC 25922,0.115877736,-0.936,development,3,DBAASP
dbaasp_9753,KIAKVALKALKIAKVALKAL,ecoli,ATCC 25922,0.963829024,-0.016,development,1,DBAASP
dbaasp_7681,VQLRIRVCVIRK,ecoli,ATCC 25922,10.91440336,1.038,development,1,DBAASP
dbaasp_11976,EEEEWWWW,ecoli,ATCC 25922,101.3911386,2.006,development,3,DBAASP
dbaasp_18250,KRGGIWKLIRPLGRGAGRILRHFHIDFCGNC,ecoli,ATCC 25922,3.118889584,0.494,development,1,DBAASP
dbaasp_7025,GRPRPFPGRPKPIFRPR,ecoli,ATCC 25922,50.0034535,1.699,development,3,DBAASP
dbaasp_5143,VRRFPWWWAFLRR,ecoli,ATCC 25922,1.99986187,0.301,development,2,DBAASP
dbaasp_5936,IWLTALKFLGKNLGKHLAKQQLAKL,ecoli,ATCC 25922,1.409288798,0.149,development,1,DBAASP
dbaasp_364,GKKYRRFRWKFRKGRFWFWG,ecoli,ATCC 25922,5.767664634,0.761,development,5,DBAASP
dbaasp_7730,GLKDMIKNLAKEAAVKLAGAVINKFSPQPQ,ecoli,ATCC 25922,5.00034535,0.699,development,1,DBAASP
dbAMP_02290,FPVTFRFFKFFKG,ecoli,ATCC 25922,6.367955209,0.804,development,2,dbAMP
dbaasp_19938,WRTWRTWRTWRTWRT,ecoli,ATCC 25922,3.999447498,0.602,development,4,DBAASP
dbaasp_8800,KIWFQNRRMKWKK,ecoli,ATCC 25922,127.9381304,2.107,development,3,DBAASP
dbaasp_14032,LWKAAAKAAAKWL,ecoli,ATCC 25922,1,0,development,3,DBAASP
dbaasp_5719,FIGALLRPALKLLAGK,ecoli,ATCC 25922,31.9889511,1.505,development,4,DBAASP
dbaasp_6703,FLPLLLSALPSFLCLVFKKC,ecoli,ATCC 25922,33.0369541,1.519,development,5,DBAASP
dbaasp_16891,CRRKKC,ecoli,ATCC 25922,20.65380156,1.315,development,1,DBAASP
dbaasp_4580,QHSSGKSDVRRW,ecoli,ATCC 25922,100,2,development,3,DBAASP
dbaasp_13445,AIKIRKLFKKLLR,ecoli,ATCC 25922,1.940885878,0.288,development,1,DBAASP
dbaasp_13972,MGIIAGIIKFIKGLIEKFTGK,ecoli,ATCC 25922,127.9381304,2.107,development,1,DBAASP
dbaasp_10710,FLGGLIKWWPWRR,ecoli,ATCC 25922,4.602565736,0.663,development,2,DBAASP
dbaasp_13068,AARIILRNRFR,ecoli,ATCC 25922,15.99558029,1.204,development,2,DBAASP
dbaasp_10076,KSRQWQWKIRRTWPIFSIRR,ecoli,ATCC 25922,2.951209227,0.47,development,2,DBAASP
dbaasp_18822,RWFHFPGRWFHF,ecoli,ATCC 25922,0.599791076,-0.222,development,5,DBAASP
dbaasp_5015,HKLGTLVNLAKKIL,ecoli,ATCC 25922,7.99834255,0.903,development,1,DBAASP
dbaasp_14662,GGFKCRRWQWRMKKLGAPSITCVRRAFLPET,ecoli,ATCC 25922,1.99986187,0.301,development,3,DBAASP
dbaasp_17079,FKRINQRIKDFLR,ecoli,ATCC 25922,10,1,development,2,DBAASP
dbaasp_7729,GKFHQIKKMFLSVGVKVTSLKRIQFGDF,ecoli,ATCC 25922,19.9986187,1.301,development,1,DBAASP
dbaasp_7274,GVVDILKGLAKDIAGHLASKVMNKL,ecoli,ATCC 25922,12.5025903,1.097,development,3,DBAASP
dbaasp_11942,AAAARRRR,ecoli,ATCC 25922,140.9288798,2.149,development,4,DBAASP
dbaasp_2854,ILRWPWWPWRRK,ecoli,ATCC 25922,9.078205302,0.958,development,2,DBAASP
dbaasp_9436,RRWVAWRNR,ecoli,ATCC 25922,95.94006315,1.982,development,5,DBAASP
dbaasp_17045,IFWLFRGKADVAL,ecoli,ATCC 25922,168.6553025,2.227,development,2,DBAASP
dbaasp_18826,RWFKFNGRWFKF,ecoli,ATCC 25922,3.801893963,0.58,development,4,DBAASP
dbaasp_4335,LVKRFKKFFRKLKKSV,ecoli,ATCC 25922,7.870457897,0.896,development,5,DBAASP
dbaasp_19252,RRIRRPRLPRPRVPRP,ecoli,ATCC 25922,3.999447498,0.602,development,4,DBAASP
dbaasp_13349,FLPFLKSILGKIL,ecoli,ATCC 25922,50.0034535,1.699,development,3,DBAASP
dbaasp_3747,LLPPWLRPRNG,ecoli,ATCC 25922,153.815464,2.187,development,5,DBAASP
dbaasp_12756,GLLDLLKLLLKAAG,ecoli,ATCC 25922,26.00159563,1.415,development,3,DBAASP
dbAMP_25340,FPVTWPTKWWEG,ecoli,ATCC 25922,131.8256739,2.12,development,5,dbAMP
dbaasp_19125,GFFKKARRKVKKAFRRVL,ecoli,ATCC 25922,3.60578643,0.557,development,3,DBAASP
dbaasp_7278,GVVDALKGAAKDIAGHLASKVMNKL,ecoli,ATCC 25922,100,2,development,2,DBAASP
dbaasp_4280,GVPCAESCVWIPCTVTALLGCSCKDKVCYLN,ecoli,ATCC 25922,159.9558029,2.204,development,2,DBAASP
dbaasp_18392,KRIGCWRWRRWPRLRK,ecoli,ATCC 25922,3.580964371,0.554,development,3,DBAASP
dbaasp_18219,PFKLKLKL,ecoli,ATCC 25922,31.9889511,1.505,development,4,DBAASP
dbaasp_8869,KILGKLWKGVKSIF,ecoli,ATCC 25922,31.26079367,1.495,development,3,DBAASP
dbaasp_11272,IKYLLVKLQGASQKTITLMLRRNNLYVMGYS,ecoli,ATCC 25922,100.6931669,2.003,development,4,DBAASP
dbaasp_128,GLRKRKRKFRNKKKEKLKKI,ecoli,ATCC 25922,63.97348355,1.806,development,4,DBAASP
dbaasp_18652,VVRWWWRVV,ecoli,ATCC 25922,7.99834255,0.903,development,3,DBAASP
dbaasp_15061,KRIVQKIKDFLR,ecoli,ATCC 25922,5.00034535,0.699,development,5,DBAASP
dbaasp_13799,KIVPAMICAVTKKC,ecoli,ATCC 25922,2.691534804,0.43,development,1,DBAASP
dbaasp_5387,KRFKKFFMKLKKSVKKRVMKFFKKPMVIGVTFPF,ecoli,ATCC 25922,0.475335226,-0.323,development,1,DBAASP
dbaasp_16332,RRIPFWPIPLRWQWPPPWFPPSFPIPRISRKR,ecoli,ATCC 25922,1.99986187,0.301,development,3,DBAASP
dbaasp_16428,LKKLCARLKKLCAR,ecoli,ATCC 25922,7.99834255,0.903,development,1,DBAASP
dbaasp_11337,IWLTALKFLGKNLGKLAKQQLAKL,ecoli,ATCC 25922,0.709577768,-0.149,development,2,DBAASP
dbaasp_14879,GLADIIKKIAESF,ecoli,ATCC 25922,92.25714272,1.965,development,3,DBAASP
dbaasp_17224,GFCWHVCARRNGVRVCYRRCN,ecoli,ATCC 25922,0.023659197,-1.626,development,2,DBAASP
dbaasp_10855,RTKKWIVWI,ecoli,ATCC 25922,14.02813705,1.147,development,2,DBAASP
dbaasp_1638,SIITMTKEAKLPQSWKQIACRLYNTC,ecoli,ATCC 25922,19.95262315,1.3,development,2,DBAASP
dbaasp_16591,DILIIVGGRR,ecoli,ATCC 25922,63.97348355,1.806,development,2,DBAASP
dbAMP_19492,LRLKKRYWKYRVPP,ecoli,ATCC 25922,6.637430704,0.822,development,4,dbAMP
dbaasp_14726,GAWRRTVAKVRK,ecoli,ATCC 25922,50.0034535,1.699,development,1,DBAASP
dbaasp_5718,GFMSKVANFAKKFAKGGVNAIMNQK,ecoli,ATCC 25922,1,0,development,1,DBAASP
dbaasp_6333,QSHLSMCSVCCNCCKNYKGCGFCCRF,ecoli,ATCC 25922,23.98832919,1.38,development,1,DBAASP
dbaasp_11360,GSAQPYKQLHKVVNWDPYG,ecoli,ATCC 25922,46.13175746,1.664,development,4,DBAASP
dbaasp_18624,SGPGRRSSRRRWK,ecoli,ATCC 25922,55.20774393,1.742,development,4,DBAASP
dbaasp_5840,LLRHVVKILEKYL,ecoli,ATCC 25922,62.23002852,1.794,development,5,DBAASP
dbaasp_5569,FIHHIFRGIVHAGRSIGRFLTG,ecoli,ATCC 25922,80.16780634,1.904,development,4,DBAASP
dbaasp_4155,GIGGVLLSAGKAALKGLTKVLAEKYAN,ecoli,ATCC 25922,38.10658234,1.581,development,1,DBAASP
dbaasp_4112,FVLPLVMCKILRKC,ecoli,ATCC 25922,60.81350013,1.784,development,1,DBAASP
dbaasp_12701,IKPIIKPIIKPIIKPIIKPI,ecoli,ATCC 25922,63.97348355,1.806,development,5,DBAASP
dbaasp_11755,KWCFRVCYRGGCYRRCR,ecoli,ATCC 25922,0.114024979,-0.943,development,1,DBAASP
dbaasp_17051,LKKLAKLLKKLLKLAG,ecoli,ATCC 25922,10,1,development,4,DBAASP
dbaasp_5730,GKCNVLCQLKQKLRSIGSGSHIGSVVLPRG,ecoli,ATCC 25922,2.269864852,0.356,development,4,DBAASP
dbaasp_4706,APKKQLKW,ecoli,ATCC 25922,16.33051948,1.213,development,2,DBAASP
dbaasp_11883,GLNALKKVFQKIHEAIKKINNHVQ,ecoli,ATCC 25922,3.999447498,0.602,development,2,DBAASP
dbaasp_8292,GVFDIIKDAGRQLVAHAMGKIAEKV,ecoli,ATCC 25922,301.995172,2.48,development,5,DBAASP
dbaasp_17654,GALKRAKTAL,ecoli,ATCC 25922,511.6818355,2.709,development,4,DBAASP
dbaasp_5052,KKIMRTFLRRISKKILTGKK,ecoli,ATCC 25922,13.18256739,1.12,development,1,DBAASP
dbaasp_20182,CGKKWGWWKCKL,ecoli,ATCC 25922,21.28139046,1.328,development,1,DBAASP
dbaasp_16484,GIKKWLHSPKKFGKKFPKKIMNS,ecoli,ATCC 25922,79.9834255,1.903,development,1,DBAASP
dbaasp_17065,LKKLLKLHKKLLKLAG,ecoli,ATCC 25922,2.500345362,0.398,development,2,DBAASP
dbaasp_20254,RRIWRRWIRI,ecoli,ATCC 25922,1.99986187,0.301,development,4,DBAASP
dbaasp_5349,RWKIFKKIEKMGRNIRDGIVKAGPAIEVLGSAKAI,ecoli,ATCC 25922,0.199986187,-0.699,development,1,DBAASP
dbaasp_15874,KKKMKKALQYIKLLKE,ecoli,ATCC 25922,25.00345362,1.398,development,5,DBAASP
dbaasp_9625,FRFKFRFK,ecoli,ATCC 25922,13.48962883,1.13,development,4,DBAASP
dbaasp_1888,FLSTALKVAANVVPTLFCKITKKC,ecoli,ATCC 25922,149.9684836,2.176,development,5,DBAASP
dbaasp_12711,VKPVVKPVVKPVVKPVVKPVVKPVVKPV,ecoli,ATCC 25922,63.97348355,1.806,development,2,DBAASP
dbaasp_17591,RQIRRWWQW,ecoli,ATCC 25922,50.0034535,1.699,development,3,DBAASP
dbaasp_8438,FFLLSLIPSAISAIKKI,ecoli,ATCC 25922,23.98832919,1.38,development,2,DBAASP
dbaasp_6462,GILDAIKAFANALG,ecoli,ATCC 25922,32.43396173,1.511,development,4,DBAASP
dbaasp_17451,HAHSGHGQSTQRGSRTAGR,ecoli,ATCC 25922,16.25548756,1.211,development,4,DBAASP
dbAMP_27599,KWLRWVRRRWW,ecoli,ATCC 25922,46.23810214,1.665,development,4,dbAMP
dbaasp_10531,GLPCGESCVFIPCITTVVGCSCKNKVCYNN,ecoli,ATCC 25922,39.99447498,1.602,development,5,DBAASP
dbaasp_11106,PRPGPRP,ecoli,ATCC 25922,42.26686143,1.626,development,3,DBAASP
dbaasp_11739,KWCFRVCYRAICYRRCR,ecoli,ATCC 25922,0.026485001,-1.577,development,3,DBAASP
dbaasp_10183,RWKIFKKIEKMGRNIRDGIVKAGPAIEVLGSAKAIGK,ecoli,ATCC 25922,0.984011106,-0.007,development,3,DBAASP
dbaasp_1055,PFWRRRIRIRR,ecoli,ATCC 25922,38.9045145,1.59,development,5,DBAASP
dbaasp_17294,RRGWARRLFAAFGRR,ecoli,ATCC 25922,11.50800389,1.061,development,1,DBAASP
dbaasp_11738,KWCFRVCYAGICYRRCR,ecoli,ATCC 25922,0.057676646,-1.239,development,4,DBAASP
dbaasp_3889,FLSLIPHIVSGVASIAKHF,ecoli,ATCC 25922,69.9841996,1.845,development,2,DBAASP
dbaasp_10638,TRKRLKKIGKVLKWI,ecoli,ATCC 25922,7.99834255,0.903,development,2,DBAASP
dbaasp_9385,GIGAVLKVLTTGLPACISWCKRKRQQ,ecoli,ATCC 25922,10,1,development,4,DBAASP
dbaasp_2195,FLPLLAGLAANFLPKIFCKITKKC,ecoli,ATCC 25922,25.00345362,1.398,development,4,DBAASP
dbaasp_11231,KIAGKAGKIAKIAGKAGKIA,ecoli,ATCC 25922,63.97348355,1.806,development,4,DBAASP
dbaasp_17807,KELEEK,ecoli,ATCC 25922,826.0379496,2.917,development,3,DBAASP
dbaasp_1042,FQWQRNIRKVR,ecoli,ATCC 25922,165.1961798,2.218,development,5,DBAASP
dbaasp_1672,SLWETIKNAGKGFILNILDKIRCKVAGGCKT,ecoli,ATCC 25922,74.98942093,1.875,development,4,DBAASP
dbaasp_3656,INPFVAGVAAEMMQHVYCAASKKC,ecoli,ATCC 25922,3.372873087,0.528,development,1,DBAASP
dbaasp_3463,LKWLKKLLKKL,ecoli,ATCC 25922,2.870780582,0.458,development,2,DBAASP
dbaasp_15872,RYRRKKKMKKALQYIKLLKE,ecoli,ATCC 25922,25.00345362,1.398,development,2,DBAASP
dbaasp_14830,SNVYRPPPYRPVYRPLRRPGYRP,ecoli,ATCC 25922,1,0,development,5,DBAASP
dbaasp_11230,KIGKALGKALKALGKALGKA,ecoli,ATCC 25922,7.99834255,0.903,development,5,DBAASP
dbaasp_5025,HFLGTLVNLAKKKL,ecoli,ATCC 25922,127.9381304,2.107,development,4,DBAASP
dbaasp_17818,GKKWWGWKAK,ecoli,ATCC 25922,24.88857318,1.396,development,3,DBAASP
dbaasp_16779,LNLKALLAVAKK,ecoli,ATCC 25922,127.9381304,2.107,development,2,DBAASP
dbaasp_8598,GLLSRIKTLL,ecoli,ATCC 25922,100,2,development,5,DBAASP
dbaasp_17667,KKWQWK,ecoli,ATCC 25922,221.819642,2.346,development,4,DBAASP
dbaasp_14236,GRWRWWWRWRV,ecoli,ATCC 25922,3.999447498,0.602,development,4,DBAASP
dbaasp_17458,SHHRHFRSHQCRRQRSNSCDR,ecoli,ATCC 25922,11.96740531,1.078,development,1,DBAASP
dbaasp_5777,HTCHFRRRPKVRKFKLYHEGKFWCPG,ecoli,ATCC 25922,12.5025903,1.097,development,4,DBAASP
dbaasp_13101,KAAKAAKKAAKAAWK,ecoli,ATCC 25922,131.2199899,2.118,development,3,DBAASP
dbaasp_19880,LKKLCAILKKLCRI,ecoli,ATCC 25922,78.70457897,1.896,development,2,DBAASP
dbAMP_24914,CVRVRVRVRVRPGRVRVRVRVRVC,ecoli,ATCC 25922,25.00345362,1.398,development,2,dbAMP
dbaasp_12378,VLLRALARKILLGIKKYG,ecoli,ATCC 25922,25.52701303,1.407,development,5,DBAASP
dbaasp_16354,RRIRFRPPRLPRPRPRPWIPPRFPFPRIPGKR,ecoli,ATCC 25922,0.500034535,-0.301,development,2,DBAASP
dbaasp_12675,QLGRRRHRRRPSRRRRHW,ecoli,ATCC 25922,63.97348355,1.806,development,2,DBAASP
dbaasp_11369,FLRFIGSVKHGKGHLVHHIGVAL,ecoli,ATCC 25922,1.99986187,0.301,development,5,DBAASP
dbaasp_16174,FVKWFSKFLGRIL,ecoli,ATCC 25922,3.801893963,0.58,development,1,DBAASP
dbAMP_19485,LRLKQRRWKYRVPP,ecoli,ATCC 25922,6.652731562,0.823,development,1,dbAMP
dbaasp_16041,AKRHHGYKRKFH,ecoli,ATCC 25922,41.39996748,1.617,development,4,DBAASP
dbaasp_13678,RRLRWWTRWRLK,ecoli,ATCC 25922,3.999447498,0.602,development,5,DBAASP
dbaasp_13943,GIIRGIIRRIKG,ecoli,ATCC 25922,127.9381304,2.107,development,3,DBAASP
dbaasp_1862,FFPIVGKLLFGLFGLL,ecoli,ATCC 25922,2.837919028,0.453,development,5,DBAASP
dbaasp_11234,GIKDLLKGAAKALVKTVLF,ecoli,ATCC 25922,2.999162519,0.477,development,1,DBAASP
dbaasp_763,GIGKFLKKAKKFGKAFVKILKK,ecoli,ATCC 25922,3.250872974,0.512,development,4,DBAASP
dbaasp_8157,KFFKRLLKSVRRAVKKFRKKPRLIGLSTLL,ecoli,ATCC 25922,0.648634434,-0.188,development,2,DBAASP
dbAMP_25370,LLRKRLRKFRNKIKEKLKKIGQKIQGFVPKLVPRTES,ecoli,ATCC 25922,8.413951416,0.925,development,2,dbAMP
dbaasp_3464,LLKWLKKLLKK,ecoli,ATCC 25922,2.870780582,0.458,development,4,DBAASP
dbaasp_10586,FLGAIAQALTSLLGKL,ecoli,ATCC 25922,127.9381304,2.107,development,5,DBAASP
dbaasp_10535,GGVCPKILQRCRRDSDCPGACICRGNGYCGSGSD,ecoli,ATCC 25922,159.9558029,2.204,development,1,DBAASP
dbaasp_17664,GWWKRIKTWW,ecoli,ATCC 25922,7.99834255,0.903,development,3,DBAASP
dbaasp_16327,RWRFKWKK,ecoli,ATCC 25922,82.22426499,1.915,development,1,DBAASP
dbaasp_20183,CGKKPWWWKCKL,ecoli,ATCC 25922,41.39996748,1.617,development,5,DBAASP
dbaasp_19813,GSKKPVPIIYTNRRTGKCQRM,ecoli,ATCC 25922,7.99834255,0.903,development,5,DBAASP
dbAMP_19466,LRLKKRRWKYRYPP,ecoli,ATCC 25922,12.88249552,1.11,development,3,dbAMP
dbaasp_18390,CKRIGWRWRRWPRLRK,ecoli,ATCC 25922,3.580964371,0.554,development,4,DBAASP
dbaasp_13850,GLKLLLKLGLKLL,ecoli,ATCC 25922,25.00345362,1.398,development,4,DBAASP
dbaasp_10632,WWRLRRIW,ecoli,ATCC 25922,25.00345362,1.398,development,2,DBAASP
dbaasp_16632,GLWETIKTTGKSIALNLLDKIKCKIAGGCPP,ecoli,ATCC 25922,1.99986187,0.301,development,5,DBAASP
dbAMP_25307,TFKRKNGSRKNGHRPGGYSLIALGNKKVLKAPYMESI,ecoli,ATCC 25922,2.098939884,0.322,development,3,dbAMP
dbaasp_2860,LKWLKKWLK,ecoli,ATCC 25922,32.65878322,1.514,development,2,DBAASP
dbaasp_19884,LKKLCRILKALCRI,ecoli,ATCC 25922,9.682778563,0.986,development,2,DBAASP
dbaasp_7767,RFRRLRKKFRKRLKKI,ecoli,ATCC 25922,63.97348355,1.806,development,2,DBAASP
dbAMP_17035,NILLWG,ecoli,ATCC 25922,183.6538343,2.264,development,1,dbAMP
dbaasp_4135,FLHHIVGLIHHGKLDMYRSNN,ecoli,ATCC 25922,10,1,development,2,DBAASP
dbaasp_17437,GRRGGRGGR,ecoli,ATCC 25922,35.15604405,1.546,development,4,DBAASP
dbaasp_15036,RLFDKIRQVIRK,ecoli,ATCC 25922,5.00034535,0.699,development,2,DBAASP
dbAMP_15893,VWRHWRRFW,ecoli,ATCC 25922,113.5010816,2.055,development,3,dbAMP
dbaasp_16411,QKRPRVRLSA,ecoli,ATCC 25922,63.97348355,1.806,development,5,DBAASP
dbaasp_14713,AIWRKATRRLVKLIV,ecoli,ATCC 25922,12.5025903,1.097,development,5,DBAASP
dbaasp_20270,IRRIIRKIIHIIKKYG,ecoli,ATCC 25922,1.99986187,0.301,development,4,DBAASP
dbaasp_5024,HFLGTLVNLKKKIL,ecoli,ATCC 25922,127.9381304,2.107,development,1,DBAASP
dbaasp_2313,GLGSILGKILNVAGKVGKTIGKVADAVGNKE,ecoli,ATCC 25922,3.999447498,0.602,development,5,DBAASP
dbaasp_15057,KKIVQRIKDFLR,ecoli,ATCC 25922,5.00034535,0.699,development,1,DBAASP
dbaasp_20279,GGHYLGALLGPLMNLLQ,ecoli,ATCC 25922,127.9381304,2.107,development,4,DBAASP
dbaasp_14707,KVFTLFQARAQGKLMRI,ecoli,ATCC 25922,25.00345362,1.398,development,4,DBAASP
dbaasp_7719,AAAAAAAIKMLMDLVNERIMALNKKAKK,ecoli,ATCC 25922,10,1,development,5,DBAASP
dbAMP_19459,LRLKKRRIKYRVPP,ecoli,ATCC 25922,13.83566379,1.141,development,1,dbAMP
dbaasp_10426,KWKSFLKTFKSAKKTGLHTALKAISS,ecoli,ATCC 25922,2.766941645,0.442,development,3,DBAASP
dbaasp_17256,FLKVLKKLL,ecoli,ATCC 25922,29.51209227,1.47,development,2,DBAASP
dbaasp_11765,RPDKPRPYLPRPRPPRPVR,ecoli,ATCC 25922,1.90107828,0.279,development,5,DBAASP
dbaasp_7669,KKCRNKKMEVSR,ecoli,ATCC 25922,26.85344446,1.429,development,4,DBAASP
dbaasp_19516,ASVVKKLTKGVAGLLK,ecoli,ATCC 25922,15.99558029,1.204,development,5,DBAASP
dbaasp_691,KIAGKIAKIAGKIAKIAGKIA,ecoli,ATCC 25922,3.908408958,0.592,development,2,DBAASP
dbaasp_12966,VNFKLLSHSLLVTLASHL,ecoli,ATCC 25922,6.324118514,0.801,development,5,DBAASP
dbaasp_16915,IHKLVKLWLNLGKKF,ecoli,ATCC 25922,63.97348355,1.806,development,1,DBAASP
dbaasp_4380,KLVKRFKKFFRKLKKS,ecoli,ATCC 25922,31.04559588,1.492,development,1,DBAASP
dbaasp_14733,GWWRRTVAKARK,ecoli,ATCC 25922,12.5025903,1.097,development,3,DBAASP
dbaasp_8747,RKWVWWRNR,ecoli,ATCC 25922,91.41132415,1.961,development,4,DBAASP
dbaasp_2293,GFLGSLLKTGLKVGSNLL,ecoli,ATCC 25922,50.0034535,1.699,development,4,DBAASP
dbaasp_4673,APRKNVRF,ecoli,ATCC 25922,132.1295634,2.121,development,5,DBAASP
dbaasp_13891,KWCFRVCYRGICYRKCRG,ecoli,ATCC 25922,1,0,development,1,DBAASP
dbaasp_10552,FKARLWQWRM,ecoli,ATCC 25922,70.4693069,1.848,development,5,DBAASP
dbaasp_365,GCKKFRRFKLKCKQKLWLWCG,ecoli,ATCC 25922,388.150366,2.589,development,4,DBAASP
dbaasp_13958,GIIAGIIIKAKK,ecoli,ATCC 25922,127.9381304,2.107,development,1,DBAASP
dbaasp_19555,ASVVKKWWKGWWKLLK,ecoli,ATCC 25922,1,0,development,3,DBAASP
dbaasp_4627,FVRWFSRFLGRIL,ecoli,ATCC 25922,47.97334486,1.681,development,3,DBAASP
dbaasp_3003,GKLQAFLAKMKEIAAQTL,ecoli,ATCC 25922,3.19889511,0.505,development,1,DBAASP
dbaasp_13959,GIIAGIIIKIAK,ecoli,ATCC 25922,127.9381304,2.107,development,1,DBAASP
dbaasp_4455,HKTDSFVGLM,ecoli,ATCC 25922,447.7133042,2.651,development,1,DBAASP
dbaasp_9775,RIWKIWWKR,ecoli,ATCC 25922,18.45015419,1.266,development,4,DBAASP
dbaasp_11271,FFKLIPKLVKGLISAFK,ecoli,ATCC 25922,2.338837239,0.369,development,3,DBAASP
dbaasp_16941,VDKPPYLPRPRPIRRPGGR,ecoli,ATCC 25922,1,0,development,3,DBAASP
dbaasp_351,CAKAKAKAGSGAKAKAKAC,ecoli,ATCC 25922,0.172981636,-0.762,development,2,DBAASP
dbAMP_25420,KKWMQKVIDRFGG,ecoli,ATCC 25922,7.99834255,0.903,development,1,dbAMP
dbaasp_4905,KWCRCVCRRGICRCRCRK,ecoli,ATCC 25922,1.199499303,0.079,development,4,DBAASP
dbaasp_14204,FLGALLKIGAKVLPSVLCGIFKKC,ecoli,ATCC 25922,6.99841996,0.845,development,2,DBAASP
dbaasp_17078,FKRISQRIKDFLR,ecoli,ATCC 25922,5.00034535,0.699,development,1,DBAASP
dbAMP_25150,QQRFEWEFEQQ,ecoli,ATCC 25922,31.9889511,1.505,development,1,dbAMP
dbaasp_15059,KRIKQRIKDFLR,ecoli,ATCC 25922,2.500345362,0.398,development,4,DBAASP
dbaasp_11961,YYYYRRRR,ecoli,ATCC 25922,100.2305238,2.001,development,4,DBAASP
dbaasp_144,FKRIVQRIKDFLR,ecoli,ATCC 25922,5.00034535,0.699,development,4,DBAASP
dbaasp_1820,GFSSIFRGVAKFASKGLGKDLARLGVNLVACKISKQC,ecoli,ATCC 25922,10,1,development,1,DBAASP
dbAMP_17506,GLRKRLRKFRNKIKEKLKKEGQKIQGLLPKLAPRTDY,ecoli,ATCC 25922,1.807174126,0.257,development,3,dbAMP
dbaasp_1443,KWKSFLKTFKSASKTVLHTALKAISS,ecoli,ATCC 25922,7.99834255,0.903,development,4,DBAASP
dbAMP_27508,FWRRFWRR,ecoli,ATCC 25922,5.00034535,0.699,development,1,dbAMP
dbaasp_14985,WYQLIRTFGNLIHQKYRKLLEAYRKLRD,ecoli,ATCC 25922,0.41591061,-0.381,development,2,DBAASP
dbaasp_4926,GLLGPLLKIAAKVGSKLL,ecoli,ATCC 25922,6.295061829,0.799,development,2,DBAASP
dbaasp_14782,KKLFKKILRYL,ecoli,ATCC 25922,5.942921586,0.774,development,2,DBAASP
dbaasp_10083,CLLKKLLKKLLKKC,ecoli,ATCC 25922,75.50922277,1.878,development,5,DBAASP
dbaasp_19883,LKKLCRILAKLCRI,ecoli,ATCC 25922,4.841723676,0.685,development,2,DBAASP
dbaasp_18264,KRIWQR,ecoli,ATCC 25922,12.5025903,1.097,development,1,DBAASP
dbaasp_4574,IWRIFRRIF,ecoli,ATCC 25922,7.99834255,0.903,development,5,DBAASP
dbaasp_11108,PRPLPRP,ecoli,ATCC 25922,157.3982864,2.197,development,1,DBAASP
dbaasp_3650,ENMFNIKSSVESDSFWG,ecoli,ATCC 25922,102.0939484,2.009,development,3,DBAASP
dbaasp_17110,GLFDIIKKIWESF,ecoli,ATCC 25922,126.7651866,2.103,development,1,DBAASP
dbaasp_1044,FWQRNIRKWR,ecoli,ATCC 25922,42.16965034,1.625,development,4,DBAASP
dbaasp_19290,GVFKDALKQFGAALLDQAANALKPK,ecoli,ATCC 25922,48.97788194,1.69,development,1,DBAASP
dbaasp_11188,RRIPFWPPNWPGPWLPPWSPPDFRIPRILRKR,ecoli,ATCC 25922,3.999447498,0.602,development,5,DBAASP
dbaasp_16957,IWLTKALKFLGKNLGK,ecoli,ATCC 25922,0.959400632,-0.018,development,2,DBAASP
dbaasp_7145,RFRRLRWKTRWRLKKI,ecoli,ATCC 25922,1.99986187,0.301,development,4,DBAASP
dbaasp_17300,RRWARRLFFAYRR,ecoli,ATCC 25922,5.199959965,0.716,development,3,DBAASP
dbaasp_9878,WLRAFRRLVRRLARLLRR,ecoli,ATCC 25922,13.30454418,1.124,development,2,DBAASP
dbaasp_10047,RFRRLFRIRVRVLKKI,ecoli,ATCC 25922,1,0,development,1,DBAASP
dbaasp_19234,FFSLIPKLVGKLIKAFK,ecoli,ATCC 25922,2.338837239,0.369,development,1,DBAASP
dbAMP_24916,GMASLLAKVLPHVVKLIK,ecoli,ATCC 25922,25.00345362,1.398,development,1,dbAMP
dbaasp_14044,GIIKKIIKKIIKKI,ecoli,ATCC 25922,3.698281798,0.568,development,5,DBAASP
dbaasp_13999,ARRARRRWRRRARRA,ecoli,ATCC 25922,31.47748314,1.498,development,2,DBAASP
dbaasp_16416,ICRKPIICRKPI,ecoli,ATCC 25922,63.97348355,1.806,development,2,DBAASP
dbaasp_14886,KRIVQRIKDFLR,ecoli,ATCC 25922,0.644169266,-0.191,development,3,DBAASP
dbaasp_4704,APRRQLKW,ecoli,ATCC 25922,15.4525444,1.189,development,4,DBAASP
dbaasp_11524,GLVSGLLNSVTGLLGNLAGGGL,ecoli,ATCC 25922,100,2,development,1,DBAASP
dbaasp_14986,VRRSKRGIKVPSFVKKVLKDVVSESIS,ecoli,ATCC 25922,1.651961798,0.218,development,2,DBAASP
dbaasp_16904,RWWWLL,ecoli,ATCC 25922,15.99558029,1.204,development,1,DBAASP
dbaasp_8610,KRFWQLVPLAIKIYRAWKRR,ecoli,ATCC 25922,1.99986187,0.301,development,2,DBAASP
dbaasp_12759,GKKYRRFRWKFKGLFLFLG,ecoli,ATCC 25922,26.36331386,1.421,development,1,DBAASP
dbaasp_10051,GLFDIWAWWRWRR,ecoli,ATCC 25922,136.4583137,2.135,development,3,DBAASP
dbaasp_16477,GIKKWLHSPKKFGKKFVKKIMNS,ecoli,ATCC 25922,2.500345362,0.398,development,5,DBAASP
dbaasp_12440,YCSKFCGSAGCSLYGCYLLH,ecoli,ATCC 25922,63.97348355,1.806,development,5,DBAASP
dbaasp_1584,IDWKKLLDAAKQIL,ecoli,ATCC 25922,4.886523593,0.689,development,3,DBAASP
dbaasp_13828,GLLSLSLGKLL,ecoli,ATCC 25922,25.00345362,1.398,development,1,DBAASP
dbaasp_4619,FVPWFSKFLGRIL,ecoli,ATCC 25922,23.98832919,1.38,development,4,DBAASP
dbaasp_20045,VWRRRWV,ecoli,ATCC 25922,127.9381304,2.107,development,2,DBAASP
dbaasp_8678,RGRKGGRRKK,ecoli,ATCC 25922,5.997910763,0.778,development,5,DBAASP
dbaasp_4394,GLLDTLKGAAKNVVGSLASKVMEKL,ecoli,ATCC 25922,25.00345362,1.398,development,2,DBAASP
dbaasp_2183,GFLSTVKNLATNVAGTVIDTLKCKVTGGCRS,ecoli,ATCC 25922,119.9499303,2.079,development,1,DBAASP
dbaasp_20042,LWRRRWL,ecoli,ATCC 25922,63.97348355,1.806,development,1,DBAASP
dbaasp_8798,RQIRIWFQNRRMRWRR,ecoli,ATCC 25922,7.99834255,0.903,development,3,DBAASP
dbaasp_16766,LNLKALLAAAKKIL,ecoli,ATCC 25922,7.99834255,0.903,development,5,DBAASP
dbaasp_13674,RWLRKWTRKWLK,ecoli,ATCC 25922,3.999447498,0.602,development,5,DBAASP
dbaasp_12438,QSVACTSYYCSKFCGSAGCSLYGCYLLHPGKICYCLHCSR,ecoli,ATCC 25922,31.9889511,1.505,development,2,DBAASP
dbaasp_5020,HFLGTKVNLAKKIL,ecoli,ATCC 25922,127.9381304,2.107,development,4,DBAASP
dbaasp_16886,RKEKIKKRIGKIDRL,ecoli,ATCC 25922,134.2764961,2.128,development,1,DBAASP
dbaasp_15151,YSTCFIMGGGWKWKWENGKWKWKW,ecoli,ATCC 25922,31.9889511,1.505,development,2,DBAASP
dbaasp_19862,FLPIVKKLLKELL,ecoli,ATCC 25922,7.99834255,0.903,development,4,DBAASP
dbAMP_25158,FLGWLFKWAKK,ecoli,ATCC 25922,5.00034535,0.699,development,3,dbAMP
dbaasp_19001,PMKKLFKLLARIAVKIPVW,ecoli,ATCC 25922,2.999162519,0.477,development,4,DBAASP
dbaasp_16326,RCVRWWKRVCK,ecoli,ATCC 25922,66.52731562,1.823,development,2,DBAASP
dbaasp_9729,FSIARLLKWWKG,ecoli,ATCC 25922,5.382697825,0.731,development,3,DBAASP
dbaasp_11911,RRPFWIIRR,ecoli,ATCC 25922,79.9834255,1.903,development,3,DBAASP
dbaasp_13505,RWCRRYRVRVRGVLVYAYVCW,ecoli,ATCC 25922,7.99834255,0.903,development,1,DBAASP
dbaasp_6934,GLNALKKFFQGIHEAIKLINNHVQ,ecoli,ATCC 25922,19.9986187,1.301,development,5,DBAASP
dbaasp_1469,FLSLALAALPKLFCLIFKKC,ecoli,ATCC 25922,59.97910763,1.778,development,4,DBAASP
dbaasp_14735,GWWRRTVAKVRA,ecoli,ATCC 25922,6.295061829,0.799,development,4,DBAASP
dbaasp_10075,KARQWQWKIRRTWPIFAIRR,ecoli,ATCC 25922,1.49279441,0.174,development,2,DBAASP
dbaasp_14340,RIKWWK,ecoli,ATCC 25922,8.689604293,0.939,development,5,DBAASP
dbaasp_10827,IIPLPLGYFAKKP,ecoli,ATCC 25922,69.50243176,1.842,development,4,DBAASP
dbaasp_6088,KWCFRVCYRGICYRKCR,ecoli,ATCC 25922,0.062517269,-1.204,development,5,DBAASP
dbaasp_3141,GLLKKIKTLL,ecoli,ATCC 25922,14.42115352,1.159,development,2,DBAASP
dbaasp_7137,GSKKPVPIIYCNRRTAKCQRM,ecoli,ATCC 25922,6.576578374,0.818,development,5,DBAASP
dbaasp_15900,KMKKALQY,ecoli,ATCC 25922,100,2,development,4,DBAASP
dbAMP_04670,IKRFWPVVIRTVVAGYNLYRAIKKK,ecoli,ATCC 25922,0.062517269,-1.204,development,3,dbAMP
dbaasp_491,ILPWKWPWWPWRR,ecoli,ATCC 25922,2.500345362,0.398,development,1,DBAASP
dbaasp_13670,RRLRKKTRKRLK,ecoli,ATCC 25922,127.9381304,2.107,development,5,DBAASP
dbaasp_5824,RRIRPRP,ecoli,ATCC 25922,500.034535,2.699,development,4,DBAASP
dbAMP_19120,RRFHFHFPGFHFHFRR,ecoli,ATCC 25922,3.999447498,0.602,development,3,dbAMP
dbaasp_15040,AGGKRIVQRIKDFLRGAGGKRIVQRIKDFLRG,ecoli,ATCC 25922,0.625172693,-0.204,development,2,DBAASP
dbaasp_10699,GIHHILKYGKPS,ecoli,ATCC 25922,31.9889511,1.505,development,3,DBAASP
dbaasp_681,GWASKIGQTLGKIAKVGLKELIQPK,ecoli,ATCC 25922,6.039486294,0.781,development,1,DBAASP
dbaasp_17882,YPVTQPLAPVHNPIS,ecoli,ATCC 25922,1.936421964,0.287,development,2,DBAASP
dbaasp_9028,LKGCWTKSIPPKPCF,ecoli,ATCC 25922,1.386755829,0.142,development,1,DBAASP
dbaasp_3483,IPPFIKKVLTTVF,ecoli,ATCC 25922,12.5025903,1.097,development,5,DBAASP
dbAMP_25329,GLFGKLIKKFLRKAISYAVKKARGKH,ecoli,ATCC 25922,1.496235656,0.175,development,3,dbAMP
dbaasp_1619,GFFDRIKALTKNVTLELLNTITCKLPVTPP,ecoli,ATCC 25922,15.03141966,1.177,development,5,DBAASP
dbaasp_16776,LNLKKLLAVAKKIL,ecoli,ATCC 25922,3.999447498,0.602,development,3,DBAASP
dbaasp_841,GIGGVLLSAGKAALKGLAKVLAEKYAN,ecoli,ATCC 25922,1.039920166,0.017,development,1,DBAASP
dbaasp_2424,GIFNVFKGALKTAGKHVAGSLLNQLKCKVSGEC,ecoli,ATCC 25922,3.999447498,0.602,development,5,DBAASP
dbaasp_11527,FSGGDCRGLRRRCFCTR,ecoli,ATCC 25922,251.1886432,2.4,development,5,DBAASP
dbaasp_1594,FRSGILKLASKIPSVLCAVLKNC,ecoli,ATCC 25922,20.46444637,1.311,development,1,DBAASP
dbaasp_14441,KKWRKWLAKKKKK,ecoli,ATCC 25922,3.597493352,0.556,development,1,DBAASP
dbaasp_14708,KVWTLFRAAGKLMAK,ecoli,ATCC 25922,25.00345362,1.398,development,3,DBAASP
dbaasp_481,RRRAAFAAWAAFAARRR,ecoli,ATCC 25922,7.99834255,0.903,development,5,DBAASP
dbaasp_12574,RFRPPIRRPPIRPPFYPPFRPPI,ecoli,ATCC 25922,1.99986187,0.301,development,1,DBAASP
dbaasp_3899,LLGMIPVAISAISALSKL,ecoli,ATCC 25922,100,2,development,3,DBAASP
dbaasp_5051,KKIMRTFLRRISKDILTGKK,ecoli,ATCC 25922,6.622165037,0.821,development,5,DBAASP
dbAMP_19118,RRWHWHWPGWHWHWRR,ecoli,ATCC 25922,3.999447498,0.602,development,2,dbAMP
dbaasp_12847,LFKKNKLWFKSKKWL,ecoli,ATCC 25922,50.0034535,1.699,development,4,DBAASP
dbaasp_14647,IDWKKLLPAAKQIL,ecoli,ATCC 25922,127.9381304,2.107,development,3,DBAASP
dbaasp_17666,KWFKRIKTFW,ecoli,ATCC 25922,15.99558029,1.204,development,2,DBAASP
dbaasp_13843,GLLSLLSLGLKLL,ecoli,ATCC 25922,25.00345362,1.398,development,4,DBAASP
dbaasp_10706,FLGGLIKWKWPWWPWRR,ecoli,ATCC 25922,3.404081897,0.532,development,2,DBAASP
dbaasp_8746,RAWVAWRNR,ecoli,ATCC 25922,417.8303666,2.621,development,3,DBAASP
dbaasp_17816,GKKPWGWKAK,ecoli,ATCC 25922,214.2890601,2.331,development,3,DBAASP
dbaasp_1174,QKKIAVRLSA,ecoli,ATCC 25922,29.24152378,1.466,development,1,DBAASP
dbaasp_18077,VFRLKKWIQKVI,ecoli,ATCC 25922,130.0169578,2.114,development,3,DBAASP
dbAMP_19491,LRLKKQRWKYRVPP,ecoli,ATCC 25922,13.52072563,1.131,development,2,dbAMP
dbaasp_11752,KWCGRVCYRGICYRRCR,ecoli,ATCC 25922,0.115611224,-0.937,development,5,DBAASP
dbaasp_6668,ALWKTLLKKVLKA,ecoli,ATCC 25922,1.499684836,0.176,development,5,DBAASP
dbaasp_9777,KWWKIWRWR,ecoli,ATCC 25922,17.53880502,1.244,development,3,DBAASP
dbaasp_17686,WRLWRLWRLWRL,ecoli,ATCC 25922,3.999447498,0.602,development,4,DBAASP
dbaasp_9010,FFHHIFRGIVHIGKTIHRLVTG,ecoli,ATCC 25922,1.599558029,0.204,development,1,DBAASP
dbAMP_24562,PCRGRSCGPRLRGGYTLIGRPVKNQNRPKYMWV,ecoli,ATCC 25922,5.997910763,0.778,development,5,dbAMP
dbaasp_16421,IICRKPIICRKPIICRKPII,ecoli,ATCC 25922,3.999447498,0.602,development,3,DBAASP
dbaasp_10393,RPRRRATTRRRITTGTRRRR,ecoli,ATCC 25922,12.5025903,1.097,development,1,DBAASP
DRAMP02963,GRFRRLRKKTRKRLKKIGKV,ecoli,ATCC 25922,11.99499303,1.079,development,1,DRAMP
dbAMP_27589,KKKKKKKKK,ecoli,ATCC 25922,25.00345362,1.398,development,1,dbAMP
dbaasp_10398,ENFFKRIRRAGKRIRDAIISAAPAVETLAQAQKIIKGGD,ecoli,ATCC 25922,2.500345362,0.398,development,5,DBAASP
dbaasp_8959,RIKRFWPVVIRTVVAGYNLYRA,ecoli,ATCC 25922,1.761976046,0.246,development,3,DBAASP
dbaasp_10920,GRPNPVPNPKPPHPRL,ecoli,ATCC 25922,12.5025903,1.097,development,4,DBAASP
dbAMP_19495,LRLKKRHWKYRVPP,ecoli,ATCC 25922,3.334264128,0.523,development,5,dbAMP
dbaasp_368,GRRYKKFKWRFRGRFWFWG,ecoli,ATCC 25922,24.15460834,1.383,development,2,DBAASP
dbaasp_13844,LLGSLLSLGLKLL,ecoli,ATCC 25922,25.00345362,1.398,development,2,DBAASP
dbaasp_8802,KIWFQNKKMKWKK,ecoli,ATCC 25922,255.8585887,2.408,development,3,DBAASP
dbaasp_17237,SPRVCIRVCRNGVCYRRCWG,ecoli,ATCC 25922,0.500034535,-0.301,development,3,DBAASP
dbaasp_9778,RLWKRWWIR,ecoli,ATCC 25922,4.487453899,0.652,development,1,DBAASP
dbaasp_16977,SRDSRPVQPRVQPPPPPPKQKPSIYDTPIRRPGGRKTMYA,ecoli,ATCC 25922,127.9381304,2.107,development,4,DBAASP
dbaasp_16846,PFLKKHNLNPARKYFPQWKAPTL,ecoli,ATCC 25922,50.0034535,1.699,development,1,DBAASP
dbaasp_14190,GRWRWWWRWRW,ecoli,ATCC 25922,3.999447498,0.602,development,3,DBAASP
dbaasp_14271,VRRFPAAAPFLRR,ecoli,ATCC 25922,127.9381304,2.107,development,2,DBAASP
dbaasp_8209,GIGAVLKVLTTGLCALISWIKRKRQQ,ecoli,ATCC 25922,125.025903,2.097,development,4,DBAASP
dbaasp_1864,FFPIVGKLLSGLL,ecoli,ATCC 25922,5.407543229,0.733,development,3,DBAASP
dbaasp_6842,RRLFRRILRYL,ecoli,ATCC 25922,0.500034535,-0.301,development,4,DBAASP
dbaasp_11760,AWCFRVCYRGACYRRCR,ecoli,ATCC 25922,0.058076442,-1.236,development,3,DBAASP
dbaasp_17001,LKKLLKLPKKLLKL,ecoli,ATCC 25922,39.99447498,1.602,development,1,DBAASP
dbaasp_19701,RSPRVCIRVCRNGVCYRRCWG,ecoli,ATCC 25922,0.250034536,-0.602,development,5,DBAASP
dbaasp_1524,GLLSGILGAGKHIVCGLSGLC,ecoli,ATCC 25922,2.564484037,0.409,development,2,DBAASP
dbaasp_1599,AKAWGIPPHVIPQIVPVRIRPLGGNV,ecoli,ATCC 25922,9.036494737,0.956,development,4,DBAASP
dbaasp_7563,LLKKLLKKLLKL,ecoli,ATCC 25922,349.1403155,2.543,development,3,DBAASP
dbaasp_19643,KFAKFAKKFAKFAKGGFGLM,ecoli,ATCC 25922,3.630780548,0.56,development,4,DBAASP
dbaasp_17806,QAVEAQK,ecoli,ATCC 25922,1655.769963,3.219,development,3,DBAASP
dbaasp_16803,GLFDIVKKVVGLLK,ecoli,ATCC 25922,20.98939884,1.322,development,3,DBAASP
dbaasp_13097,GLRKRLRKFRNKIKEKLKKIGQKSQGLLPKLAPRTDY,ecoli,ATCC 25922,7.294575103,0.863,development,4,DBAASP
dbaasp_16469,GIKKFLHIIWKFIKAFVGEIMNS,ecoli,ATCC 25922,15.99558029,1.204,development,1,DBAASP
dbAMP_19519,LRLKKRRWKYRVPI,ecoli,ATCC 25922,3.273406949,0.515,development,3,dbAMP
dbaasp_1595,SIWEGIKNAGKGFLVSILDKVRCKVAGGCNP,ecoli,ATCC 25922,3.01995172,0.48,development,3,DBAASP
dbaasp_14000,FRRFRRRWRRRFRRF,ecoli,ATCC 25922,3.419794425,0.534,development,3,DBAASP
dbaasp_5250,RRIRPRPPRLPRP,ecoli,ATCC 25922,127.9381304,2.107,development,5,DBAASP
dbaasp_4729,FWGALAKGALKLIGVSLFSSFSKKD,ecoli,ATCC 25922,299.9162519,2.477,development,1,DBAASP
dbaasp_10402,RLLFRKIRRLKR,ecoli,ATCC 25922,4.886523593,0.689,development,3,DBAASP
dbaasp_11754,KWCFRVCGRGICYRRCR,ecoli,ATCC 25922,0.233345806,-0.632,development,4,DBAASP
dbaasp_14439,KKWRKWLAKKW,ecoli,ATCC 25922,2.02768272,0.307,development,5,DBAASP
dbaasp_15060,KRIVKRIKDFLR,ecoli,ATCC 25922,1.25025903,0.097,development,3,DBAASP
dbaasp_14889,GLFDIIKKIAASF,ecoli,ATCC 25922,11.40249788,1.057,development,5,DBAASP
dbaasp_14948,KWKLFKKIRFGRFLRKIRRFRPK,ecoli,ATCC 25922,1.99986187,0.301,development,3,DBAASP
dbaasp_8868,FILGKLWKGVKSIF,ecoli,ATCC 25922,30.90295433,1.49,development,1,DBAASP
dbaasp_17872,VRRWWWRRV,ecoli,ATCC 25922,31.9889511,1.505,development,5,DBAASP
dbaasp_19944,WRQWRQWRQWRQWRQ,ecoli,ATCC 25922,7.99834255,0.903,development,3,DBAASP
dbAMP_17495,GLRKRLRKFRNKRKEKLKKIGQKIQGLLPKLAPRTDY,ecoli,ATCC 25922,1.794733627,0.254,development,1,dbAMP
dbAMP_00084,ACIKNGGRCVASGGPPYCCSNYCLQIAGQSYGVCKKH,ecoli,ATCC 25922,52.36004366,1.719,development,4,dbAMP
dbaasp_19115,KFLKKAKKFGKAFVKIL,ecoli,ATCC 25922,7.888601176,0.897,development,1,DBAASP
dbAMP_25226,GWGKFFKKFFKVGK,ecoli,ATCC 25922,5.997910763,0.778,development,4,dbAMP
dbaasp_7811,RFRRLRCKTRCRLKKI,ecoli,ATCC 25922,1.99986187,0.301,development,5,DBAASP
dbaasp_3821,GLGSVLGKALKIGANLL,ecoli,ATCC 25922,12.5025903,1.097,development,3,DBAASP
dbaasp_13949,GIRRGIRRIKKR,ecoli,ATCC 25922,127.9381304,2.107,development,5,DBAASP
dbaasp_12314,GKVKIGINGFGRIGRLVA,ecoli,ATCC 25922,69.66265141,1.843,development,2,DBAASP
dbaasp_10206,GIMDTIKNAAKDVVQSLLNKASCKLAKTC,ecoli,ATCC 25922,149.9684836,2.176,development,5,DBAASP
dbaasp_1819,FLPIIASVAANVFSKIFCAISKKC,ecoli,ATCC 25922,77.98301105,1.892,development,1,DBAASP
dbaasp_12708,LKPLLKPLLKPLLKPLLKPLLKPLLKPL,ecoli,ATCC 25922,0.500034535,-0.301,development,2,DBAASP
dbaasp_10701,RIRWILRYWRWS,ecoli,ATCC 25922,1.99986187,0.301,development,2,DBAASP
dbaasp_11748,KWCFRVAYRGIAYRRCR,ecoli,ATCC 25922,0.057147864,-1.243,development,5,DBAASP
dbaasp_3122,GLLKRAKTLL,ecoli,ATCC 25922,37.49730022,1.574,development,3,DBAASP
dbaasp_4470,AWLDKLKSLGKVVG,ecoli,ATCC 25922,84.9180475,1.929,development,5,DBAASP
dbaasp_17357,KLGKKLGKLGKKLG,ecoli,ATCC 25922,21.97859873,1.342,development,1,DBAASP
dbaasp_10464,ILGKLWEGLKSLF,ecoli,ATCC 25922,33.65115694,1.527,development,1,DBAASP
dbaasp_7010,KIFGAIWPLALGALKNLIK,ecoli,ATCC 25922,3.999447498,0.602,development,5,DBAASP
dbaasp_18131,KWKSFLKTFKSAKKTVKHTLLKAISS,ecoli,ATCC 25922,0.334965439,-0.475,development,1,DBAASP
dbaasp_17010,KLLKLLKKLLKPLK,ecoli,ATCC 25922,19.9986187,1.301,development,3,DBAASP
dbaasp_9879,GVVVRVGRVVVRWV,ecoli,ATCC 25922,7.99834255,0.903,development,5,DBAASP
dbAMP_24900,LRVRLASHLRKLRKRLL,ecoli,ATCC 25922,2.999162519,0.477,development,5,dbAMP
dbaasp_18613,LKLLKKLL,ecoli,ATCC 25922,134.5860354,2.129,development,3,DBAASP
dbaasp_3749,VFLGNIVSMGKKI,ecoli,ATCC 25922,144.2115352,2.159,development,4,DBAASP
dbAMP_24993,ALKGCWTKSIPPKPCFGK,ecoli,ATCC 25922,2.999162519,0.477,development,5,dbAMP
dbaasp_7699,KFFKKLKNSVKKRAKKFFKKPRVIGVSIPF,ecoli,ATCC 25922,1.745822153,0.242,development,3,DBAASP
dbaasp_10709,FLGGLIKPWWPWRR,ecoli,ATCC 25922,17.41806873,1.241,development,1,DBAASP
dbaasp_8813,GRKKRRQRRRPPQ,ecoli,ATCC 25922,255.8585887,2.408,development,1,DBAASP
dbAMP_19505,LRLKKRRWWYRVPP,ecoli,ATCC 25922,6.45654229,0.81,development,3,dbAMP
dbaasp_19614,FRFRFRRRRFRFRFRF,ecoli,ATCC 25922,7.99834255,0.903,development,4,DBAASP
dbaasp_6170,FLPLIAGVAASILPKIFCFITKKC,ecoli,ATCC 25922,100,2,development,5,DBAASP
dbaasp_3559,FLGGLMKIIPAAFCAVTKKC,ecoli,ATCC 25922,8.994975815,0.954,development,4,DBAASP
dbaasp_17031,EGCNILCLLKRKVKAVKNVVKNVVKSVVG,ecoli,ATCC 25922,3.006076303,0.478,development,4,DBAASP
dbAMP_25419,WMQKVIDRFGG,ecoli,ATCC 25922,7.99834255,0.903,development,5,dbAMP
dbAMP_19490,LRLKKTRWKYRVPP,ecoli,ATCC 25922,13.70881766,1.137,development,5,dbAMP
dbaasp_8797,RQIKIWFQNRRLKWKK,ecoli,ATCC 25922,31.9889511,1.505,development,5,DBAASP
dbaasp_19686,GFCGYACYYRNGVRICVRYCN,ecoli,ATCC 25922,0.250034536,-0.602,development,3,DBAASP
dbAMP_24666,GKPIGNAILGLRPKISRWL,ecoli,ATCC 25922,0.483058802,-0.316,development,4,dbAMP
dbaasp_16479,GIKKWLHSAKKFPKKFVKKIMNS,ecoli,ATCC 25922,1.25025903,0.097,development,5,DBAASP
dbaasp_17605,RQIIRRMWR,ecoli,ATCC 25922,38.54783577,1.586,development,5,DBAASP
dbaasp_8381,TKLTEEEKNRLNFLKKISQRYQKFALPQYLK,ecoli,ATCC 25922,16.29296033,1.212,development,5,DBAASP
dbaasp_1737,KFFRKLKKSVKKRAKEFFKKPRVIGVSIPF,ecoli,ATCC 25922,0.635330932,-0.197,development,4,DBAASP
dbaasp_5142,VRRFAWWWPFLRR,ecoli,ATCC 25922,7.99834255,0.903,development,2,DBAASP
dbaasp_11495,KFKKLFKKLSPVIGKEFKRIVERIKRFLR,ecoli,ATCC 25922,10,1,development,5,DBAASP
dbaasp_14969,KRGLWESLKRKVTKLGDDIRNTLRNFKIKFPVPRQG,ecoli,ATCC 25922,4.909078762,0.691,development,1,DBAASP
dbaasp_11572,RKCNFLCKVKNKLKSVGSKSLIGSATHHGIYRV,ecoli,ATCC 25922,10.25651926,1.011,development,3,DBAASP
dbaasp_19206,GWLSKTWKKLENSAKKRIAEGIAIAIRGGPR,ecoli,ATCC 25922,0.500034535,-0.301,development,2,DBAASP
dbaasp_4359,GVVDILKGAAKDIAGHLASKVM,ecoli,ATCC 25922,114.0249788,2.057,development,5,DBAASP
dbaasp_20057,LWWRRRWWL,ecoli,ATCC 25922,7.99834255,0.903,development,1,DBAASP
dbaasp_3683,SFLDTLKNLAISAAKGAGQSVLSTLSCKLSETC,ecoli,ATCC 25922,3.953666201,0.597,development,3,DBAASP
dbaasp_17059,LKKLLKLPKKLLKLAG,ecoli,ATCC 25922,5.00034535,0.699,development,3,DBAASP
dbaasp_8434,SFLSTFKKLAIDAAKNAGQSVLHTLTCKLDNQC,ecoli,ATCC 25922,5.636376558,0.751,development,5,DBAASP
dbaasp_8158,KFFARLLASVRAAVKKFRKKPRLIGLSTLL,ecoli,ATCC 25922,5.495408739,0.74,development,2,DBAASP
dbaasp_10705,FLGGLIKRPPAMICAVRKKC,ecoli,ATCC 25922,114.5512941,2.059,development,1,DBAASP
dbaasp_13085,GLRKRLRKFRNKIKEYLKKIGQKIQGLLPKLAPRTDY,ecoli,ATCC 25922,3.597493352,0.556,development,1,DBAASP
dbaasp_10697,RLPWRWPRRPWRR,ecoli,ATCC 25922,131.5224832,2.119,development,1,DBAASP
dbaasp_7816,RFRRLRPKTRPRLKKI,ecoli,ATCC 25922,31.9889511,1.505,development,5,DBAASP
dbaasp_3748,APDRPRKFCGILG,ecoli,ATCC 25922,141.579378,2.151,development,4,DBAASP
dbaasp_4656,FAPLIGRVLSGIL,ecoli,ATCC 25922,39.99447498,1.602,development,1,DBAASP
dbaasp_17613,KKWKMRRNQFWIKIQR,ecoli,ATCC 25922,50.0034535,1.699,development,5,DBAASP
dbaasp_10629,WWWLRRIW,ecoli,ATCC 25922,6.194410751,0.792,development,3,DBAASP
dbaasp_15144,WKWKWKNGKWKWKW,ecoli,ATCC 25922,1.99986187,0.301,development,3,DBAASP
dbaasp_4666,FLPLIGRVASGIL,ecoli,ATCC 25922,39.99447498,1.602,development,5,DBAASP
dbaasp_18746,KRFKKFFKKLKNSVKKRVKFFFRKPRVIGVTFP,ecoli,ATCC 25922,0.479733449,-0.319,development,4,DBAASP
dbaasp_14785,RRLFKKILKYL,ecoli,ATCC 25922,23.60478233,1.373,development,5,DBAASP
dbaasp_1177,QKKIRVRASA,ecoli,ATCC 25922,56.23413252,1.75,development,2,DBAASP
dbaasp_9601,IIRKIIRK,ecoli,ATCC 25922,489.7788194,2.69,development,4,DBAASP
dbaasp_12130,GVSGHGQHGVHG,ecoli,ATCC 25922,115.3453258,2.062,development,5,DBAASP
dbaasp_3697,GLFSKFAGKGIKNFLNKGVKHIGKE,ecoli,ATCC 25922,1.555965632,0.192,development,3,DBAASP
dbaasp_18387,CPKRWGRWLRKIRRWR,ecoli,ATCC 25922,3.580964371,0.554,development,5,DBAASP
dbaasp_17465,SHHRRRRSHCH,ecoli,ATCC 25922,22.08004733,1.344,development,2,DBAASP
dbaasp_19642,KFAKFAKKFAKFAKGGFFGLM,ecoli,ATCC 25922,3.404081897,0.532,development,2,DBAASP
dbaasp_8513,RRIRPRPRC,ecoli,ATCC 25922,127.9381304,2.107,development,5,DBAASP
dbaasp_7146,RFRRLRKWTRWRLKKI,ecoli,ATCC 25922,3.999447498,0.602,development,4,DBAASP
dbaasp_15884,RYRRKKK,ecoli,ATCC 25922,100,2,development,1,DBAASP
dbaasp_13255,RRSIFRKLRRKIKKGLKKGIQHLLAGGRQGLPQGGRPGMI,ecoli,ATCC 25922,2.089296131,0.32,development,1,DBAASP
dbaasp_1581,SIITMTKEAKLPQLGKQIACRLYNTC,ecoli,ATCC 25922,41.3047502,1.616,development,5,DBAASP
dbaasp_13044,RRFKLLSHSLLVTLASHL,ecoli,ATCC 25922,1.506607066,0.178,development,3,DBAASP
dbaasp_7736,FFFDTLKNLAGKVIGALT,ecoli,ATCC 25922,61.94410751,1.792,development,4,DBAASP
dbaasp_3137,GLLKIIKTLL,ecoli,ATCC 25922,1.828100216,0.262,development,4,DBAASP
dbaasp_4282,GDACGETCFTGICFTAGCSCNPWPTCTRN,ecoli,ATCC 25922,79.9834255,1.903,development,5,DBAASP
dbaasp_14034,LWKAAAKAAAKLW,ecoli,ATCC 25922,3.999447498,0.602,development,3,DBAASP
dbaasp_4115,GLLDFVTGVGKDIFAQLIKQI,ecoli,ATCC 25922,63.97348355,1.806,development,3,DBAASP
dbaasp_7008,SFLNFFKGAAKNLLAAGLDKLKCKISGTQC,ecoli,ATCC 25922,12.5025903,1.097,development,2,DBAASP
dbaasp_18739,FKAWRWAWRWKKLAAPS,ecoli,ATCC 25922,3.681289736,0.566,development,2,DBAASP
dbaasp_11249,GKILKYLLYLLRKYANLIIR,ecoli,ATCC 25922,6.053408748,0.782,development,3,DBAASP
dbaasp_13730,RECRIGNGQCKNQCHENEIRIAYCIRPGTHCCLQQ,ecoli,ATCC 25922,6.165950019,0.79,development,1,DBAASP
dbaasp_13879,WLSKTAKKLWLSKTAKKL,ecoli,ATCC 25922,7.99834255,0.903,development,3,DBAASP
dbaasp_7824,FVKKFWGGVKAIFKGARKGLK,ecoli,ATCC 25922,1.99986187,0.301,development,3,DBAASP
dbAMP_25312,KWRRAVRAI,ecoli,ATCC 25922,2.197859873,0.342,development,3,dbAMP
dbaasp_13040,AARIILRRRFR,ecoli,ATCC 25922,7.99834255,0.903,development,3,DBAASP
dbaasp_3142,GLLKRIKVLL,ecoli,ATCC 25922,19.40885878,1.288,development,5,DBAASP
dbaasp_759,ACYCRIPACIAGERRYGTCIYQGRLWAFCC,ecoli,ATCC 25922,5.861381645,0.768,development,4,DBAASP
dbaasp_17236,FLKGLKKLL,ecoli,ATCC 25922,123.0268771,2.09,development,4,DBAASP
dbaasp_14329,KIKRWR,ecoli,ATCC 25922,17.98870915,1.255,development,4,DBAASP
dbaasp_18325,GIKRGIIKIIKRIKRI,ecoli,ATCC 25922,63.97348355,1.806,development,2,DBAASP
dbaasp_361,GCKKFRRLKWKYKGKFWFWCG,ecoli,ATCC 25922,23.38837239,1.369,development,2,DBAASP
dbaasp_10592,TRWLWLLRGGLKAAGWGIRAHLNRNQ,ecoli,ATCC 25922,3.097419299,0.491,development,5,DBAASP
dbaasp_3725,GFMDTAKNVAKNEAGNLLDNLKCKITKAC,ecoli,ATCC 25922,4.073802778,0.61,development,5,DBAASP
dbaasp_3467,LLKKLLKWLKK,ecoli,ATCC 25922,2.870780582,0.458,development,3,DBAASP
dbaasp_10249,FFPGIIKVASAILPTAICAITKRC,ecoli,ATCC 25922,28.97343588,1.462,development,2,DBAASP
dbaasp_478,KKAAAAFAAFAAWFAAFAAAAKKKK,ecoli,ATCC 25922,15.99558029,1.204,development,3,DBAASP
dbaasp_17821,GKKWWWWKAK,ecoli,ATCC 25922,45.08167045,1.654,development,5,DBAASP
dbaasp_690,GIGKFLHSAKKPGKAFVGEIMNS,ecoli,ATCC 25922,26.66858665,1.426,development,5,DBAASP
dbaasp_19577,KVVKKVKKKVKKVVK,ecoli,ATCC 25922,50.0034535,1.699,development,1,DBAASP
dbaasp_3669,FLPAVLLVATHVLPTVFCAITRKC,ecoli,ATCC 25922,1.309181923,0.117,development,2,DBAASP
dbaasp_9007,FFHHIFRGVVHVGKTIHRLVTG,ecoli,ATCC 25922,4.295364268,0.633,development,4,DBAASP
dbaasp_6751,RRWYRWWR,ecoli,ATCC 25922,3.715352291,0.57,development,4,DBAASP
dbaasp_17309,FMSVAKTILKRLFRVYAHIY,ecoli,ATCC 25922,3.999447498,0.602,development,2,DBAASP
dbaasp_13962,GIKAGIIIKIKK,ecoli,ATCC 25922,15.99558029,1.204,development,4,DBAASP
dbaasp_2383,GGLRSLGRKILRAWKKYGPIIVPIIRIG,ecoli,ATCC 25922,1.99986187,0.301,development,2,DBAASP
dbaasp_13463,KKLFKKILKYLA,ecoli,ATCC 25922,15.99558029,1.204,development,2,DBAASP
dbaasp_19570,KLLKKVVKLFKKKKK,ecoli,ATCC 25922,50.0034535,1.699,development,4,DBAASP
dbaasp_10001,IKQVKKLFKK,ecoli,ATCC 25922,0.699841996,-0.155,development,4,DBAASP
dbaasp_14716,PMKKLKLALRLAAKIAPVW,ecoli,ATCC 25922,7.99834255,0.903,development,4,DBAASP
dbaasp_19949,WRWRWRWR,ecoli,ATCC 25922,3.999447498,0.602,development,5,DBAASP
dbaasp_14266,VRRFPWAWPFLRR,ecoli,ATCC 25922,15.99558029,1.204,development,1,DBAASP
dbaasp_19352,ADPRVKKVLGVAMQIRKAQLMREKLNSIMRR,ecoli,ATCC 25922,3.451437393,0.538,development,2,DBAASP
dbaasp_5026,HFLGTLVNLAKKIK,ecoli,ATCC 25922,127.9381304,2.107,development,4,DBAASP
dbaasp_2209,FLGSIVGALASALPSLISKIRN,ecoli,ATCC 25922,25.00345362,1.398,development,3,DBAASP
dbaasp_9991,NLVSDIIGSKKHMEKLISIIKKCR,ecoli,ATCC 25922,23.1739465,1.365,development,5,DBAASP
dbaasp_480,KKKAAAFAAWAAFAKKK,ecoli,ATCC 25922,31.9889511,1.505,development,4,DBAASP
dbaasp_5709,SLFGTFAKMALKGASKLIPHLLPSRQQ,ecoli,ATCC 25922,1.99986187,0.301,development,2,DBAASP
dbaasp_17058,LKKLLKLSKKLLKLAG,ecoli,ATCC 25922,2.500345362,0.398,development,4,DBAASP
dbaasp_5854,RIVQRIKKWLLKWKKLGY,ecoli,ATCC 25922,13.67728826,1.136,development,4,DBAASP
dbaasp_14897,GLFDIIKKIAESA,ecoli,ATCC 25922,92.25714272,1.965,development,1,DBAASP
dbaasp_20016,LGLFLLLLRLILKGFKL,ecoli,ATCC 25922,102.3292992,2.01,development,1,DBAASP
dbaasp_16355,RRIRIRPPRLPRPRPRPWFPPRFPIPRIPGKR,ecoli,ATCC 25922,0.500034535,-0.301,development,4,DBAASP
dbaasp_9966,FRIRVRVKWKLFKKI,ecoli,ATCC 25922,1.99986187,0.301,development,4,DBAASP
dbaasp_14730,GWWRRAVAKVRK,ecoli,ATCC 25922,3.097419299,0.491,development,4,DBAASP
dbaasp_8594,GLFDVIKKLLKKIKGL,ecoli,ATCC 25922,3.097419299,0.491,development,5,DBAASP
dbaasp_10285,FRRPFKWFRRFFKFF,ecoli,ATCC 25922,2.697739432,0.431,development,4,DBAASP
dbaasp_14243,GWWRRWRRWWA,ecoli,ATCC 25922,3.999447498,0.602,development,1,DBAASP
dbaasp_1238,ENFFKEIERAGQRIRDAIISAAPAVETLAQAQKIIKGGD,ecoli,ATCC 25922,39.99447498,1.602,development,4,DBAASP
dbAMP_24620,FRKSKEKIGKEFKRI,ecoli,ATCC 25922,1.599558029,0.204,development,2,dbAMP
dbaasp_17218,GFCWYVCARRNGARVCYRRCN,ecoli,ATCC 25922,0.04931738,-1.307,development,1,DBAASP
dbaasp_20009,LGLFKKLLRLIKKGFKK,ecoli,ATCC 25922,4.655860935,0.668,development,5,DBAASP
dbaasp_9713,FSVTWRWWKWWKG,ecoli,ATCC 25922,5.445026528,0.736,development,1,DBAASP
dbaasp_17586,RKFRRKFKK,ecoli,ATCC 25922,50.0034535,1.699,development,2,DBAASP
dbaasp_7147,RFRRLRWKTRKRLWKI,ecoli,ATCC 25922,7.99834255,0.903,development,1,DBAASP
dbaasp_7259,GVVDILKGAAKDIAGHLASKVMNAL,ecoli,ATCC 25922,100,2,development,4,DBAASP
dbaasp_20267,KKIWKKWIKKIIKI,ecoli,ATCC 25922,3.999447498,0.602,development,2,DBAASP
dbAMP_19515,LRLKKRRWKYRVPY,ecoli,ATCC 25922,6.426877173,0.808,development,2,dbAMP
dbaasp_12707,LKPLLKPLLKPLLKPLLKPLLKPL,ecoli,ATCC 25922,1,0,development,5,DBAASP
dbaasp_12718,LRPLLRPLLRPLLRPLLRPL,ecoli,ATCC 25922,3.999447498,0.602,development,1,DBAASP
dbaasp_268,KWKSFLKTFKSAKKTVLHTLLKAISS,ecoli,ATCC 25922,3.999447498,0.602,development,4,DBAASP
dbaasp_17933,GIFDVVKGVLKGVGKNVAGSLLEQLKCKLSGGC,ecoli,ATCC 25922,14.99684836,1.176,development,4,DBAASP
dbaasp_16897,KIAKRIWKILRRRLFR,ecoli,ATCC 25922,3.655947916,0.563,development,2,DBAASP
dbaasp_14644,FWRRWQWRRRWF,ecoli,ATCC 25922,1.99986187,0.301,development,4,DBAASP
dbaasp_1818,FLPIIASVAAKVFSKIFCAISKKC,ecoli,ATCC 25922,5.00034535,0.699,development,1,DBAASP
dbaasp_15835,FFFKKK,ecoli,ATCC 25922,38.72576449,1.588,development,1,DBAASP
dbaasp_7261,GVVDILKGAAKDIAGHLASKVANKL,ecoli,ATCC 25922,100,2,development,3,DBAASP
dbaasp_7138,GSKKPVPIIYCQRRSGKCQRM,ecoli,ATCC 25922,13.24341535,1.122,development,1,DBAASP
dbaasp_19097,FRQWYRRVRRYWQRF,ecoli,ATCC 25922,1.99986187,0.301,development,5,DBAASP
dbaasp_16900,CASYFCRWWWLL,ecoli,ATCC 25922,63.97348355,1.806,development,4,DBAASP
dbaasp_17608,RQIIRRIQR,ecoli,ATCC 25922,40.92606597,1.612,development,5,DBAASP
dbaasp_4126,QRFSQPTFKLPQGRLTLSRKF,ecoli,ATCC 25922,9.931160484,0.997,development,5,DBAASP
dbAMP_19512,LRLKKRRWKYLVPP,ecoli,ATCC 25922,6.807693587,0.833,development,5,dbAMP
dbaasp_17066,AKRIVQRIKDFLR,ecoli,ATCC 25922,10,1,development,4,DBAASP
dbaasp_10529,GTLPCGESCVWIPCISSVVGCSCKSKVCYKD,ecoli,ATCC 25922,10,1,development,2,DBAASP
dbaasp_3123,GLLKRIATLL,ecoli,ATCC 25922,10.18591388,1.008,development,5,DBAASP
dbaasp_1183,QKKIRVRLSA,ecoli,ATCC 25922,3.388441561,0.53,development,3,DBAASP
dbaasp_12835,INWLAIAAAVAGML,ecoli,ATCC 25922,358.0964371,2.554,development,4,DBAASP
dbaasp_17689,WRFWRFWRF,ecoli,ATCC 25922,7.99834255,0.903,development,4,DBAASP
dbaasp_18081,VFALKKWIQKVI,ecoli,ATCC 25922,137.4041975,2.138,development,1,DBAASP
dbaasp_18216,APCKLGCKIKKVKQKIKQKLKAKVNAVKTVIGKISEHLG,ecoli,ATCC 25922,6.280583588,0.798,development,3,DBAASP
dbaasp_5795,GLLSLLSLLGKLL,ecoli,ATCC 25922,25.00345362,1.398,development,2,DBAASP
dbaasp_823,GFCRCLCRRGVCRCICTR,ecoli,ATCC 25922,1.99986187,0.301,development,4,DBAASP
dbaasp_18221,PFRLRLHL,ecoli,ATCC 25922,15.99558029,1.204,development,4,DBAASP
dbAMP_24994,LKGCWTKSIPPKPCFG,ecoli,ATCC 25922,1.99986187,0.301,development,1,dbAMP
dbaasp_19936,WRTWRTWRT,ecoli,ATCC 25922,63.97348355,1.806,development,2,DBAASP
dbaasp_17012,KLLKLPKKLLKLLK,ecoli,ATCC 25922,79.9834255,1.903,development,3,DBAASP
dbaasp_8293,GVFDIIKGAGKQLIAHAMEKIAEKVGLNKDGN,ecoli,ATCC 25922,119.3988104,2.077,development,2,DBAASP
dbaasp_2015,RRWCFRVCYRGFCYRKCR,ecoli,ATCC 25922,0.029991625,-1.523,development,2,DBAASP
dbaasp_19668,GYCFTACYLRNGVRICYRRCN,ecoli,ATCC 25922,0.250034536,-0.602,development,1,DBAASP
dbaasp_4288,GEYCGESCYLIPCFTPGCYCVSRQCVNKN,ecoli,ATCC 25922,79.9834255,1.903,development,1,DBAASP
dbaasp_14440,KKWRKWLAKKWW,ecoli,ATCC 25922,1.811340093,0.258,development,3,DBAASP
dbaasp_8801,RIWFQNRRMRWRR,ecoli,ATCC 25922,31.9889511,1.505,development,2,DBAASP
dbaasp_5681,FIPLVSGLFSRLL,ecoli,ATCC 25922,8.649679188,0.937,development,3,DBAASP
dbaasp_3119,GLAKRIKTLL,ecoli,ATCC 25922,34.75361614,1.541,development,3,DBAASP
dbaasp_3712,GIFGKILGVGKKTLCELSGMC,ecoli,ATCC 25922,2.951209227,0.47,development,5,DBAASP
dbAMP_16997,WRKAWRPGAKRWAK,ecoli,ATCC 25922,63.97348355,1.806,development,4,dbAMP
dbaasp_19635,KFAKFAKKFAKFAK,ecoli,ATCC 25922,19.498446,1.29,development,3,DBAASP
dbaasp_4654,ALPLIGRVLSGIL,ecoli,ATCC 25922,39.99447498,1.602,development,3,DBAASP
dbaasp_661,ALWKDILKNVGKAAGKAVLNTVTDMVNQ,ecoli,ATCC 25922,5.00034535,0.699,development,3,DBAASP
dbaasp_16487,GIKKWPHKPKKFGKKFVKKIKNS,ecoli,ATCC 25922,39.99447498,1.602,development,2,DBAASP
dbaasp_10645,GVFRVLRKVTRVVLKVIGKVLKWI,ecoli,ATCC 25922,1.99986187,0.301,development,1,DBAASP
dbaasp_11386,RGGCLCYCRRRFCVCVCR,ecoli,ATCC 25922,0.639734835,-0.194,development,5,DBAASP
dbaasp_19096,FKQFYRRVRRYFQKF,ecoli,ATCC 25922,3.999447498,0.602,development,5,DBAASP
dbaasp_10079,LLKKLLKKC,ecoli,ATCC 25922,467.7351413,2.67,development,4,DBAASP
dbAMP_19474,LRLRKRRWKYRVPP,ecoli,ATCC 25922,6.561452663,0.817,development,3,dbAMP
dbaasp_11261,FFGHIWHGARTLFRDVFA,ecoli,ATCC 25922,7.99834255,0.903,development,4,DBAASP
dbAMP_24944,LRRLRKWLRRLLKLL,ecoli,ATCC 25922,1,0,development,1,dbAMP
dbaasp_20107,FFGALIPAVAGAIGGFFRK,ecoli,ATCC 25922,51.99959965,1.716,development,5,DBAASP
dbAMP_25335,FFFHIIKGLFHAGRMIHGLVNRRRHRH,ecoli,ATCC 25922,2.157744409,0.334,development,5,dbAMP
dbaasp_1468,FLSLALAALPKFLCLVFKKC,ecoli,ATCC 25922,14.99684836,1.176,development,5,DBAASP
dbaasp_8135,WLLKRWKKLL,ecoli,ATCC 25922,63.97348355,1.806,development,3,DBAASP
dbaasp_19608,WKWKRRRFKWKW,ecoli,ATCC 25922,3.999447498,0.602,development,2,DBAASP
dbaasp_19604,FRFRRRRFRFRF,ecoli,ATCC 25922,7.99834255,0.903,development,1,DBAASP
dbaasp_17618,IWKSCCKLEPTLKNARIVGELTGFRPVRPQVRL,ecoli,ATCC 25922,12.5025903,1.097,development,3,DBAASP
dbaasp_18127,KWKSFLKTKKSLKKTVLHTALKAISS,ecoli,ATCC 25922,0.677641508,-0.169,development,5,DBAASP
dbaasp_17528,FKCRRWQWRMKKLGAPSITCVRRAFALECI,ecoli,ATCC 25922,0.68706844,-0.163,development,5,DBAASP
dbaasp_14025,IHHIHHI,ecoli,ATCC 25922,63.97348355,1.806,development,4,DBAASP
dbaasp_20184,CGRRWWGWRCRL,ecoli,ATCC 25922,4.94310687,0.694,development,4,DBAASP
dbaasp_4934,FLPLLASLFSRLL,ecoli,ATCC 25922,69.9841996,1.845,development,4,DBAASP
dbaasp_1805,GILSSIKGVAKGVAKNVAAQLLDTLKCKITGC,ecoli,ATCC 25922,3.999447498,0.602,development,3,DBAASP
dbAMP_17497,GLRKRLRKFRNKHKEKLKKIGQKIQGLLPKLAPRTDY,ecoli,ATCC 25922,0.450816705,-0.346,development,2,dbAMP
dbaasp_16898,KIAKRIWKILRRRLF,ecoli,ATCC 25922,7.888601176,0.897,development,4,DBAASP
dbaasp_13172,AAKIILNPKFR,ecoli,ATCC 25922,127.9381304,2.107,development,3,DBAASP
dbaasp_20137,KWLLKWLKKL,ecoli,ATCC 25922,1.496235656,0.175,development,3,DBAASP
dbaasp_12375,HRVKRNGFRKFMRRLKKFFAGG,ecoli,ATCC 25922,1.10407862,0.043,development,1,DBAASP
dbaasp_4807,ILPWKWPWWPWR,ecoli,ATCC 25922,18.45015419,1.266,development,3,DBAASP
dbaasp_11882,GLNALKKVFQKIHEAIKLINNHVQ,ecoli,ATCC 25922,1.99986187,0.301,development,5,DBAASP
dbaasp_14078,ILPWKWKWTPWRR,ecoli,ATCC 25922,2.500345362,0.398,development,2,DBAASP
dbaasp_1204,RRWRIVVIRVRR,ecoli,ATCC 25922,1.99986187,0.301,development,2,DBAASP
dbaasp_2402,GLKDIFKAGLGSLVKGIAAHVAN,ecoli,ATCC 25922,25.00345362,1.398,development,5,DBAASP
dbaasp_3108,GIWDTLKNVGKAVLGKVLENV,ecoli,ATCC 25922,12.5025903,1.097,development,3,DBAASP
dbaasp_13811,GALSLLSLLGKLL,ecoli,ATCC 25922,3.097419299,0.491,development,3,DBAASP
dbAMP_04500,HNSSKQWSHWLWHNGIRI,ecoli,ATCC 25922,139.9587323,2.146,development,2,dbAMP
dbAMP_27571,GRRPRPRPRPFFFFF,ecoli,ATCC 25922,4.073802778,0.61,development,4,dbAMP
dbaasp_756,SIPCGESCVFIPCTVTALLGCSCKSKVCYKN,ecoli,ATCC 25922,1.548816619,0.19,development,3,DBAASP
dbaasp_10216,FLTGLIGGLMKALGK,ecoli,ATCC 25922,37.49730022,1.574,development,1,DBAASP
dbaasp_13835,GLSLLLSLLGKLL,ecoli,ATCC 25922,25.00345362,1.398,development,2,DBAASP
dbaasp_19462,FIGRIARLLSKIF,ecoli,ATCC 25922,6.591738952,0.819,development,5,DBAASP
dbaasp_12663,RRIWRR,ecoli,ATCC 25922,13.52072563,1.131,development,1,DBAASP
dbaasp_4336,LVKRFKKFFRKLKKSVK,ecoli,ATCC 25922,118.3041556,2.073,development,2,DBAASP
DRAMP02412,SYVGDCGSNGGSCVSSYCPYGNRLNYFCPLGRTCCRHAYV,ecoli,ATCC 25922,4.797334486,0.681,development,3,DRAMP
dbaasp_19253,IAKAILPLALGALKNLIK,ecoli,ATCC 25922,1.99986187,0.301,development,4,DBAASP
dbaasp_17287,RRGWAFRRALAYGRR,ecoli,ATCC 25922,22.1819642,1.346,development,3,DBAASP
dbaasp_16480,GIKKWLHSPKKPGKKFVKKIMNS,ecoli,ATCC 25922,79.9834255,1.903,development,4,DBAASP
dbaasp_7683,VQLRCRVCVIRK,ecoli,ATCC 25922,21.97859873,1.342,development,1,DBAASP
dbAMP_19461,LRLKKRRWKWRVPP,ecoli,ATCC 25922,13.15224832,1.119,development,1,dbAMP
dbaasp_2171,GIMDTVKNVAKNLAGQLLDKLKCKITAC,ecoli,ATCC 25922,25.00345362,1.398,development,3,DBAASP
dbaasp_5410,KLSPSLGPVSKGKLLAGQR,ecoli,ATCC 25922,33.0369541,1.519,development,4,DBAASP
dbaasp_3133,LKRIKTLL,ecoli,ATCC 25922,32.06269325,1.506,development,2,DBAASP
dbaasp_4618,FVQWFSKFLLRIL,ecoli,ATCC 25922,47.97334486,1.681,development,5,DBAASP
dbaasp_16472,GIGKFLHSAKKFGKAFVGQIMNS,ecoli,ATCC 25922,19.9986187,1.301,development,4,DBAASP
dbaasp_1626,CVHWMTNTARTACIAP,ecoli,ATCC 25922,56.88529308,1.755,development,4,DBAASP
dbaasp_5019,HFLGTLKNLAKKIL,ecoli,ATCC 25922,7.99834255,0.903,development,5,DBAASP
dbaasp_10830,VLPLLETCSMTCWENNQTFGK,ecoli,ATCC 25922,41.68693835,1.62,development,5,DBAASP
dbAMP_27541,GMASLWAKVLPHVVKLIK,ecoli,ATCC 25922,39.99447498,1.602,development,5,dbAMP
dbaasp_4756,RGGGLCYCRRRFCVCVGR,ecoli,ATCC 25922,1.028016298,0.012,development,3,DBAASP
dbaasp_18190,FLSALWGVAKSLF,ecoli,ATCC 25922,14.09288798,1.149,development,3,DBAASP
dbaasp_13967,CGIIAGIIIKIKKC,ecoli,ATCC 25922,127.9381304,2.107,development,1,DBAASP
dbaasp_16911,ILKPKLWKLTVVARKIIK,ecoli,ATCC 25922,63.97348355,1.806,development,1,DBAASP
dbAMP_00301,AKKPVAKKAAGGVKKPKK,ecoli,ATCC 25922,63.97348355,1.806,development,3,dbAMP
dbaasp_4738,INWKKLLDAAKQIL,ecoli,ATCC 25922,5.794286964,0.763,development,3,DBAASP
dbaasp_3244,KIAKVALKAL,ecoli,ATCC 25922,22.75097431,1.357,development,5,DBAASP
dbaasp_17303,RRGWARRLLRAFAFGRR,ecoli,ATCC 25922,7.798301105,0.892,development,3,DBAASP
dbaasp_18815,RWVRVPGRWVRV,ecoli,ATCC 25922,6.902398038,0.839,development,1,DBAASP
dbaasp_16801,GLFDIVKKVLKLLK,ecoli,ATCC 25922,19.9986187,1.301,development,1,DBAASP
dbaasp_3481,ILSAIWSGIKSLF,ecoli,ATCC 25922,14.99684836,1.176,development,2,DBAASP
dbaasp_10466,ILGAAWNGAKSLF,ecoli,ATCC 25922,75.1622894,1.876,development,4,DBAASP
dbaasp_3139,GLLKNIKTLL,ecoli,ATCC 25922,31.04559588,1.492,development,1,DBAASP
dbaasp_19602,IRIRRRRFRIRI,ecoli,ATCC 25922,15.99558029,1.204,development,3,DBAASP
dbaasp_10395,GRRGPRRANQNGTRRRRRRT,ecoli,ATCC 25922,25.00345362,1.398,development,3,DBAASP
dbAMP_22057,LRLKKRRWKYRVPP,ecoli,ATCC 25922,4.255984131,0.629,development,1,dbAMP
DRAMP03405,GLLRKGGEKIGEKLKKIGQKIKNFFQKLVPQPE,ecoli,ATCC 25922,1,0,development,4,DRAMP
dbaasp_9230,FLGGLIKIVPAMICAVTKKCHHHHHH,ecoli,ATCC 25922,10.99005839,1.041,development,2,DBAASP
dbaasp_16148,RRRRKLDLKLDLKLDL,ecoli,ATCC 25922,4.395416154,0.643,development,5,DBAASP
dbaasp_9893,WRPGRWWRPGRW,ecoli,ATCC 25922,1.99986187,0.301,development,4,DBAASP
dbaasp_16323,FRWKYPKPLKR,ecoli,ATCC 25922,66.68067692,1.824,development,1,DBAASP
dbaasp_9325,RRPRPRPRPWWWW,ecoli,ATCC 25922,8.356030182,0.922,development,1,DBAASP
dbaasp_8600,GLLKRIKSLL,ecoli,ATCC 25922,100,2,development,3,DBAASP
dbaasp_15798,RKCVRVQLIKNGKKITAF,ecoli,ATCC 25922,8.394599865,0.924,development,4,DBAASP
dbaasp_4563,WKSYVRRWRSRY,ecoli,ATCC 25922,15.99558029,1.204,development,5,DBAASP
dbaasp_17861,IWRWWWRWI,ecoli,ATCC 25922,3.999447498,0.602,development,1,DBAASP
dbaasp_17676,GFFKRIRTFF,ecoli,ATCC 25922,31.9889511,1.505,development,2,DBAASP
dbaasp_1463,GLFSAFKKVGKNVLKNVAGSLMDNLKCKVSGEC,ecoli,ATCC 25922,2.999162519,0.477,development,4,DBAASP
dbaasp_4699,FKCRRWQWRMKKLGA,ecoli,ATCC 25922,16.18080038,1.209,development,3,DBAASP
dbAMP_16442,LFWKLLLKALRLWAKVL,ecoli,ATCC 25922,7.638357836,0.883,development,4,dbAMP
dbaasp_11304,VKKFAWWWPFLKK,ecoli,ATCC 25922,31.9889511,1.505,development,1,DBAASP
dbaasp_3720,GILSGVLGMGKKIVCGLRGLC,ecoli,ATCC 25922,3.49945167,0.544,development,1,DBAASP
dbaasp_10405,KEFKRIVQRIKDFLRNLV,ecoli,ATCC 25922,0.481947798,-0.317,development,3,DBAASP
dbaasp_3768,GWASKIGTQLGKMAKVGLKEFVQS,ecoli,ATCC 25922,100,2,development,3,DBAASP
dbaasp_15005,DLASLARLYALAR,ecoli,ATCC 25922,494.310687,2.694,development,4,DBAASP
dbaasp_9035,CWTKSIPPKPCF,ecoli,ATCC 25922,6.412095766,0.807,development,1,DBAASP
dbaasp_15879,YIKLLKE,ecoli,ATCC 25922,100,2,development,2,DBAASP
dbaasp_14242,TRWRWWWRWRA,ecoli,ATCC 25922,3.999447498,0.602,development,2,DBAASP
dbaasp_1318,FLGGLIKIVPAMICAVTKK,ecoli,ATCC 25922,129.1219274,2.111,development,2,DBAASP
dbaasp_10926,GKPRPYSPRPSSHPRPIRV,ecoli,ATCC 25922,0.199986187,-0.699,development,4,DBAASP
dbaasp_18645,RIRWWWRIR,ecoli,ATCC 25922,7.99834255,0.903,development,1,DBAASP
dbaasp_7431,GLLKWIKKLL,ecoli,ATCC 25922,3.19889511,0.505,development,4,DBAASP
dbaasp_17064,LKKLLKLKKKLLKLAG,ecoli,ATCC 25922,5.00034535,0.699,development,4,DBAASP
dbaasp_13690,WKVKWKVKWKVK,ecoli,ATCC 25922,1.99986187,0.301,development,4,DBAASP
dbaasp_16760,ANLKALLAVAKKIL,ecoli,ATCC 25922,3.999447498,0.602,development,3,DBAASP
dbaasp_130,GLRKRLRKARNKIKEKLKKI,ecoli,ATCC 25922,3.999447498,0.602,development,2,DBAASP
dbaasp_11700,KACFRVCYRGICYRRCR,ecoli,ATCC 25922,0.116949939,-0.932,development,1,DBAASP
dbaasp_20275,GGHGIGKFLHSAKKWGKAFVGEIMNS,ecoli,ATCC 25922,15.99558029,1.204,development,2,DBAASP
dbaasp_4116,FLPAVIRVAANVLPTVFCAISKKC,ecoli,ATCC 25922,50.35006088,1.702,development,2,DBAASP
dbaasp_945,FAKWAFKWAKK,ecoli,ATCC 25922,71.77942913,1.856,development,3,DBAASP
dbaasp_366,GKKYRRFWKFKGKWFWFWG,ecoli,ATCC 25922,390.8408958,2.592,development,3,DBAASP
dbaasp_14829,SNGYRPAYRPAYRPSYRP,ecoli,ATCC 25922,31.9889511,1.505,development,5,DBAASP
dbaasp_9755,FFGRLKSVWSAVKHGWKAAKSR,ecoli,ATCC 25922,2.999162519,0.477,development,2,DBAASP
dbaasp_7815,RFRRLRIKTRIRLKKI,ecoli,ATCC 25922,3.999447498,0.602,development,5,DBAASP
dbAMP_17000,WRKVWRPGVKRWVK,ecoli,ATCC 25922,63.97348355,1.806,development,1,dbAMP
dbaasp_18090,VFRLKKWIQKVA,ecoli,ATCC 25922,133.6595517,2.126,development,4,DBAASP
dbaasp_18391,KRCIGWRWRRWPRLRK,ecoli,ATCC 25922,3.580964371,0.554,development,4,DBAASP
dbaasp_4218,GLMDTIKGVAKTVAASWLDKLKCKITGC,ecoli,ATCC 25922,50.0034535,1.699,development,3,DBAASP
dbaasp_9487,FIRSLFFF,ecoli,ATCC 25922,100,2,development,2,DBAASP
dbaasp_15051,KRIVQRAKDFLR,ecoli,ATCC 25922,39.99447498,1.602,development,4,DBAASP
dbaasp_5711,KLGFENFLVKALKTVMHVPTSPLL,ecoli,ATCC 25922,15.99558029,1.204,development,4,DBAASP
dbaasp_18729,GILGKLWEGVKSIK,ecoli,ATCC 25922,25.00345362,1.398,development,1,DBAASP
dbaasp_2315,GLGSFFKNAIKIAGKVGSTIGKVADAIGNKE,ecoli,ATCC 25922,3.999447498,0.602,development,3,DBAASP
dbaasp_13124,RWRRWWRWI,ecoli,ATCC 25922,10.78946722,1.033,development,2,DBAASP
dbaasp_17040,GGHGIRRIIRKIIHIIKK,ecoli,ATCC 25922,15.99558029,1.204,development,2,DBAASP
dbaasp_17006,KLLKLLPKLLKLLK,ecoli,ATCC 25922,10,1,development,2,DBAASP
dbaasp_3146,GLLKRIKNLL,ecoli,ATCC 25922,19.14255925,1.282,development,3,DBAASP
dbaasp_11368,FKRFIGSVKHGIGHLVHHIGVAL,ecoli,ATCC 25922,1.99986187,0.301,development,1,DBAASP
dbaasp_20296,WNSNVHSYRF,ecoli,ATCC 25922,6.194410751,0.792,development,4,DBAASP
dbaasp_19523,AKVVNKLTKGVAKLLK,ecoli,ATCC 25922,31.9889511,1.505,development,2,DBAASP
dbaasp_20147,WLKKLLKWLK,ecoli,ATCC 25922,1.496235656,0.175,development,2,DBAASP
dbAMP_25408,WKPGKW,ecoli,ATCC 25922,127.9381304,2.107,development,3,dbAMP
dbAMP_02234,FLSTIWNGIKGLL,ecoli,ATCC 25922,50.0034535,1.699,development,1,dbAMP
dbaasp_16636,FFPRVLPLANKFLPTIYCALPKSVGN,ecoli,ATCC 25922,5.997910763,0.778,development,4,DBAASP
dbaasp_9895,WRPGRWWRPGRWWRPGRWWRPGRW,ecoli,ATCC 25922,3.999447498,0.602,development,2,DBAASP
dbaasp_17255,FLKYLKKLL,ecoli,ATCC 25922,13.93156803,1.144,development,3,DBAASP
dbaasp_14237,RWRWWWRWRV,ecoli,ATCC 25922,7.99834255,0.903,development,2,DBAASP
dbaasp_17698,WRKWRKWRKWRK,ecoli,ATCC 25922,3.999447498,0.602,development,4,DBAASP
dbaasp_13954,GIIAGAIIKIKK,ecoli,ATCC 25922,63.97348355,1.806,development,4,DBAASP
dbaasp_17296,RRGWARRLVFAFGRR,ecoli,ATCC 25922,15.10080154,1.179,development,5,DBAASP
dbaasp_8429,FFPLIAGLAARFLPKIFCSITKRC,ecoli,ATCC 25922,0.370680722,-0.431,development,3,DBAASP
dbaasp_17069,FKRIVQRAKDFLR,ecoli,ATCC 25922,10,1,development,3,DBAASP
dbaasp_9405,IFGAIWPLALGALKNLIK,ecoli,ATCC 25922,31.9889511,1.505,development,1,DBAASP
dbaasp_6706,LALKSGGWLRLFGLKDKKH,ecoli,ATCC 25922,34.9945167,1.544,development,2,DBAASP
dbaasp_4562,WKSDVRRWRSRY,ecoli,ATCC 25922,63.97348355,1.806,development,3,DBAASP
dbAMP_14774,YCNRRTGKCQRM,ecoli,ATCC 25922,9.682778563,0.986,development,1,dbAMP
dbaasp_16584,DILIIVGGRRRRRRRR,ecoli,ATCC 25922,3.999447498,0.602,development,1,DBAASP
dbaasp_16144,KLDLKLDLKLDL,ecoli,ATCC 25922,100,2,development,2,DBAASP
dbaasp_10052,GLFDIWKWWRWRR,ecoli,ATCC 25922,33.11311215,1.52,development,5,DBAASP
dbaasp_18394,KRIGWRWRCRWPRLRK,ecoli,ATCC 25922,7.161434102,0.855,development,3,DBAASP
dbAMP_16529,FKKLKKLFSKLFSFK,ecoli,ATCC 25922,1.99986187,0.301,development,3,dbAMP
dbaasp_7560,KLKKKLKKLLKK,ecoli,ATCC 25922,338.0648362,2.529,development,3,DBAASP
dbaasp_9343,RRPRPRPRPFFFFF,ecoli,ATCC 25922,10,1,development,2,DBAASP
dbaasp_12677,RQIKIWFQNRRWGGQLGRRRHRRRPSRRRRHW,ecoli,ATCC 25922,7.99834255,0.903,development,1,DBAASP
dbaasp_17869,LRRWWWRRL,ecoli,ATCC 25922,15.99558029,1.204,development,4,DBAASP
dbaasp_4306,RFRLPFRRPPIRIHPPPFYPPFRRFL,ecoli,ATCC 25922,2.301441817,0.362,development,4,DBAASP
dbaasp_17722,WRIRPRPPRLPRWRPR,ecoli,ATCC 25922,1.499684836,0.176,development,3,DBAASP
dbaasp_13006,GKKLGLWLGLKKG,ecoli,ATCC 25922,7.99834255,0.903,development,3,DBAASP
dbaasp_18272,KRIWQRIKDF,ecoli,ATCC 25922,3.097419299,0.491,development,3,DBAASP
dbaasp_11255,GSLHGFMYKYLKNMVLTLF,ecoli,ATCC 25922,63.97348355,1.806,development,3,DBAASP
dbaasp_12944,WVKAAAKAAAKVW,ecoli,ATCC 25922,31.9889511,1.505,development,2,DBAASP
dbaasp_3653,LPFVAGVAAEMMQHVYCAASKKC,ecoli,ATCC 25922,2.172701179,0.337,development,3,DBAASP
dbaasp_13088,GLRKRLRKFRNKIKEKLKKHGQKIQGLLPKLAPRTDY,ecoli,ATCC 25922,7.211074792,0.858,development,3,DBAASP
dbaasp_3102,LLKKLLKKLLKKLLKK,ecoli,ATCC 25922,6.471426157,0.811,development,1,DBAASP
DRAMP03873,LRWQNEMRKV,ecoli,ATCC 25922,299.9162519,2.477,development,3,DRAMP
dbaasp_3156,GVFLDALKKFAKGGMNAVLNPK,ecoli,ATCC 25922,17.98870915,1.255,development,3,DBAASP
dbAMP_17003,WRKLWRPGLKRWLK,ecoli,ATCC 25922,7.99834255,0.903,development,4,dbAMP
dbaasp_15056,KRIVQRIKDFLA,ecoli,ATCC 25922,39.99447498,1.602,development,4,DBAASP
dbaasp_16433,LKKLACRLKKLACRLKKLACRLKKLACR,ecoli,ATCC 25922,3.999447498,0.602,development,4,DBAASP
dbaasp_4557,QLKVDLWGTR,ecoli,ATCC 25922,100,2,development,1,DBAASP
dbaasp_4935,FLPLLASLFSRLF,ecoli,ATCC 25922,50.0034535,1.699,development,4,DBAASP
dbaasp_498,LLLFLLKKRKKRKY,ecoli,ATCC 25922,8.749837752,0.942,development,1,DBAASP
dbaasp_14270,VRRFPAWAPFLRR,ecoli,ATCC 25922,63.97348355,1.806,development,4,DBAASP
dbaasp_10465,ILGKIWEGIESLF,ecoli,ATCC 25922,67.29766563,1.828,development,5,DBAASP
dbaasp_20149,LKWLKKLLKW,ecoli,ATCC 25922,5.984115951,0.777,development,3,DBAASP
dbaasp_3684,GLLDTIKNMALNAAKSAGVSVLNSLSCKDSKTC,ecoli,ATCC 25922,1.737800829,0.24,development,2,DBAASP
dbaasp_4902,KWCFCVCYRGICRCRCRG,ecoli,ATCC 25922,0.899497582,-0.046,development,2,DBAASP
dbaasp_1861,FFPIVGKLLSGLSGLL,ecoli,ATCC 25922,1.52054753,0.182,development,5,DBAASP
dbaasp_3743,FLPGLECVW,ecoli,ATCC 25922,191.4255925,2.282,development,4,DBAASP
dbAMP_03917,GPIRRPKPRPRQRPE,ecoli,ATCC 25922,4.666593803,0.669,development,2,dbAMP
dbaasp_8204,FFPIVAGVAGQVLKKIYCTISKKC,ecoli,ATCC 25922,13.99587323,1.146,development,5,DBAASP
dbaasp_11174,VTCYCRRTRCGFRERLSGACGYRGRIYRLCCR,ecoli,ATCC 25922,127.9381304,2.107,development,1,DBAASP
dbaasp_19472,FIKKIAKLLRKIF,ecoli,ATCC 25922,12.5025903,1.097,development,5,DBAASP
dbaasp_17677,GFFRRIRTFF,ecoli,ATCC 25922,31.9889511,1.505,development,1,DBAASP
dbaasp_9628,IRIKIRIKIRIK,ecoli,ATCC 25922,81.65823714,1.912,development,1,DBAASP
dbaasp_15044,CGGRLFDKIRQVIRKGAGGRLFDKIRQVIRKG,ecoli,ATCC 25922,0.625172693,-0.204,development,5,DBAASP
dbaasp_10631,WRWLRRIW,ecoli,ATCC 25922,25.00345362,1.398,development,4,DBAASP
dbaasp_11889,GLNALKKVSQGIHESIKLINNHVQ,ecoli,ATCC 25922,15.99558029,1.204,development,4,DBAASP
dbaasp_4901,KWCFCVCYRGICYCRCRG,ecoli,ATCC 25922,2.999162519,0.477,development,1,DBAASP
dbaasp_13634,RWYRRWYRRWYR,ecoli,ATCC 25922,1,0,development,2,DBAASP
dbaasp_4731,FWGALAKGALKLIGVGSLFSSFSKKD,ecoli,ATCC 25922,37.49730022,1.574,development,5,DBAASP
dbaasp_1770,GLPVCGETCVGGTCNTPGCSCSWPVCTRN,ecoli,ATCC 25922,159.9558029,2.204,development,3,DBAASP
dbAMP_19456,LRLKKRRYKYRVPP,ecoli,ATCC 25922,13.48962883,1.13,development,3,dbAMP
dbaasp_3724,GFMDTAKNVAKNMAVTLLDNLKCKITKAC,ecoli,ATCC 25922,2.398832919,0.38,development,5,DBAASP
dbaasp_5582,CVYAYVRVRGVLVRYRRCW,ecoli,ATCC 25922,4.497798549,0.653,development,4,DBAASP
dbaasp_16150,FLGLLGKVLGKVLPKIFK,ecoli,ATCC 25922,12.79381304,1.107,development,1,DBAASP
dbaasp_20278,GGHVRRFPWWWPFLRRGGC,ecoli,ATCC 25922,31.9889511,1.505,development,3,DBAASP
dbaasp_13925,ELLSRV,ecoli,ATCC 25922,91.62204901,1.962,development,4,DBAASP
dbaasp_8370,RPKHPIKHQGLPQEVLNENLLRFF,ecoli,ATCC 25922,190.107828,2.279,development,4,DBAASP
dbaasp_14629,RRWRIVVIRWRR,ecoli,ATCC 25922,1.99986187,0.301,development,2,DBAASP
dbaasp_3731,AVNIPFKVHFRCKAAFC,ecoli,ATCC 25922,10.44720219,1.019,development,2,DBAASP
dbaasp_15146,WKWKWKNGKWKWKWGGGLVTLVFV,ecoli,ATCC 25922,1.99986187,0.301,development,2,DBAASP
dbaasp_8804,RWFKIQMQIRRWKNKK,ecoli,ATCC 25922,31.9889511,1.505,development,5,DBAASP
dbaasp_10284,FRRFFKWFRRFFKFF,ecoli,ATCC 25922,5.495408739,0.74,development,4,DBAASP
dbaasp_16899,CASYFCRWWWRR,ecoli,ATCC 25922,7.99834255,0.903,development,5,DBAASP
dbaasp_19636,KFAKFAKKFAKFAKGGRPKPQQFFGLM,ecoli,ATCC 25922,2.594179362,0.414,development,2,DBAASP
dbaasp_9584,IKIKIKIK,ecoli,ATCC 25922,32.43396173,1.511,development,4,DBAASP
dbAMP_04933,IWSFLIKAATKLLPSLFGGGKKDS,ecoli,ATCC 25922,25.00345362,1.398,development,5,dbAMP
dbaasp_9722,MPLSWFFPRTWGKR,ecoli,ATCC 25922,35.72728382,1.553,development,5,DBAASP
dbAMP_27612,FLSLIPKAIKAVGVKAKKF,ecoli,ATCC 25922,48.97788194,1.69,development,4,dbAMP
dbaasp_17077,FKRIGQRIKDFLR,ecoli,ATCC 25922,5.00034535,0.699,development,4,DBAASP
dbaasp_10533,GLPVCGETCFGGTCNTPGCACDPWPVCTRD,ecoli,ATCC 25922,159.9558029,2.204,development,2,DBAASP
dbaasp_4451,FFGSLLSLGSKLLPSVFKLFQRKKE,ecoli,ATCC 25922,4.385306978,0.642,development,5,DBAASP
dbAMP_24949,KYYGNGVHCTKSGCSVNWGEAFSAGVHRLA,ecoli,ATCC 25922,15.99558029,1.204,development,5,dbAMP
dbaasp_19123,GFFKKAWRKVKKAFRRVL,ecoli,ATCC 25922,3.556313186,0.551,development,2,DBAASP
dbaasp_197,KKLFKKILKYL,ecoli,ATCC 25922,1.710015315,0.233,development,3,DBAASP
dbaasp_2305,GIKDWIKGAAKKLIKTVASHIANQ,ecoli,ATCC 25922,5.997910763,0.778,development,2,DBAASP
dbaasp_16441,IAAERRYATIYQARLWAF,ecoli,ATCC 25922,57.2796031,1.758,development,2,DBAASP
dbAMP_10420,RFWPVVIRTVVAGYNLYRAIKKK,ecoli,ATCC 25922,0.500034535,-0.301,development,3,dbAMP
dbaasp_19865,LKKLCRI,ecoli,ATCC 25922,149.6235656,2.175,development,1,DBAASP
dbaasp_717,RRWQWRMKKLG,ecoli,ATCC 25922,20.94112456,1.321,development,1,DBAASP
dbaasp_10922,GNNRPVYIPQPKPPHPRL,ecoli,ATCC 25922,3.250872974,0.512,development,1,DBAASP
dbaasp_3466,LKKLLKWLKKL,ecoli,ATCC 25922,1.435489433,0.157,development,1,DBAASP
dbaasp_7234,NSQIRPLPDKGLDLSIRDASIKIRGKWKARKNFIK,ecoli,ATCC 25922,63.24118514,1.801,development,2,DBAASP
dbaasp_1591,YPELQQDLIARLL,ecoli,ATCC 25922,32.21068791,1.508,development,4,DBAASP
dbaasp_19685,GYCFTACARRNGARICYRRCN,ecoli,ATCC 25922,0.250034536,-0.602,development,4,DBAASP
dbaasp_13686,WRLRWRLRWRLR,ecoli,ATCC 25922,3.999447498,0.602,development,3,DBAASP
dbaasp_19357,FVKELWDKVKKMGSAAWSAAKGAFA,ecoli,ATCC 25922,11.69499391,1.068,development,4,DBAASP
dbaasp_16042,AKRFFGYKRKFF,ecoli,ATCC 25922,40.55085354,1.608,development,1,DBAASP
dbaasp_8386,KWKSFAKTFKSAKKTVAHTALKAISS,ecoli,ATCC 25922,125.025903,2.097,development,5,DBAASP
dbaasp_10603,GCRRLCYKQRCVTWCRGR,ecoli,ATCC 25922,1,0,development,1,DBAASP
dbaasp_9774,IWKRWWWKR,ecoli,ATCC 25922,17.53880502,1.244,development,5,DBAASP
dbaasp_16768,LNLKALLAVAKAIL,ecoli,ATCC 25922,7.99834255,0.903,development,5,DBAASP
dbaasp_18730,GILGKLWEGVKSIV,ecoli,ATCC 25922,25.00345362,1.398,development,1,DBAASP
dbaasp_14968,SKTKRRSLLKRLGDGIRGFWNGFRGRK,ecoli,ATCC 25922,12.61827535,1.101,development,1,DBAASP
dbaasp_13693,WRVRWKVRWRVK,ecoli,ATCC 25922,3.999447498,0.602,development,2,DBAASP
dbaasp_12374,RVKRFKKFFRKIKKGFRKIFKKTKIFIG,ecoli,ATCC 25922,0.562341325,-0.25,development,1,DBAASP
dbaasp_3143,GLLKRIKLLL,ecoli,ATCC 25922,11.32400363,1.054,development,1,DBAASP
dbaasp_18604,QEWCRGLGGFCSFYQCRPGHDLGPQDCWPERRCCRWGK,ecoli,ATCC 25922,112.9795915,2.053,development,4,DBAASP
dbaasp_8867,SILGKLWKGVKSIF,ecoli,ATCC 25922,32.06269325,1.506,development,2,DBAASP
dbaasp_14212,ILGKIWEGKKSLF,ecoli,ATCC 25922,7.498942093,0.875,development,2,DBAASP
dbaasp_20079,WRWRRRWRW,ecoli,ATCC 25922,3.999447498,0.602,development,4,DBAASP
dbaasp_16420,IICRKPIICRKPII,ecoli,ATCC 25922,15.99558029,1.204,development,4,DBAASP
dbaasp_13848,GLKLLLSLGLKLL,ecoli,ATCC 25922,25.00345362,1.398,development,4,DBAASP
dbaasp_6009,GLLNVIKDTAQNLFAAALEKLKCKVTKCN,ecoli,ATCC 25922,79.9834255,1.903,development,4,DBAASP
dbaasp_10601,GCRRLCYKQRCVTYCRGR,ecoli,ATCC 25922,3.999447498,0.602,development,1,DBAASP
dbaasp_12836,INWKKIAKKVAGML,ecoli,ATCC 25922,2.529297996,0.403,development,1,DBAASP
dbaasp_17028,ILGTILGLLKFL,ecoli,ATCC 25922,7.99834255,0.903,development,5,DBAASP
dbaasp_3721,GILGNIVGMGKQVVCGLSGLC,ecoli,ATCC 25922,2.546830253,0.406,development,1,DBAASP
dbaasp_8375,RPKHPIKHQGLPQEVLNENLLRFFVAPFPEVFGKEK,ecoli,ATCC 25922,59.15616342,1.772,development,5,DBAASP
dbaasp_13827,GLLSLSLLGKLL,ecoli,ATCC 25922,25.00345362,1.398,development,5,DBAASP
dbaasp_3744,VTPPWARIYYGCAKA,ecoli,ATCC 25922,119.1242008,2.076,development,4,DBAASP
dbaasp_1163,GILDAIKAIAKAAG,ecoli,ATCC 25922,24.37810818,1.387,development,3,DBAASP
dbaasp_3711,GLLSGVLGVGKKIVCGLSGLC,ecoli,ATCC 25922,2.66072506,0.425,development,5,DBAASP
dbaasp_10755,NPEKALEKLIAIQKAIKGMLNGWFTGVGFRRKR,ecoli,ATCC 25922,31.9889511,1.505,development,5,DBAASP
dbaasp_17007,KLLKLLKPLLKLLK,ecoli,ATCC 25922,10,1,development,2,DBAASP
dbaasp_20075,GRWRRRWRG,ecoli,ATCC 25922,63.97348355,1.806,development,1,DBAASP
dbaasp_5825,PRPPRLPRPRPRPLPFPRPG,ecoli,ATCC 25922,18.11340093,1.258,development,2,DBAASP
dbaasp_550,SWKSMAKKLKEYMEKLKQRA,ecoli,ATCC 25922,40.55085354,1.608,development,5,DBAASP
dbaasp_14093,FKARRWQWRMKKLGA,ecoli,ATCC 25922,102.0939484,2.009,development,3,DBAASP
dbaasp_1803,GILSLFTGGIKALGKTLFKMAGKAGAEHLACKATNQC,ecoli,ATCC 25922,5.997910763,0.778,development,4,DBAASP
dbAMP_16095,GIGGALLNVGKVALKGLAKGLAEHFAN,ecoli,ATCC 25922,5.00034535,0.699,development,4,dbAMP
dbaasp_4456,HSDAVFTDNYTRLRKQMAVKKYLNSILN,ecoli,ATCC 25922,1.570362804,0.196,development,2,DBAASP
dbaasp_12846,FKLKLKFSNKLKWKW,ecoli,ATCC 25922,12.5025903,1.097,development,5,DBAASP
dbaasp_18191,FPFLLSLIPSAISALKKL,ecoli,ATCC 25922,20.60629913,1.314,development,4,DBAASP
dbaasp_2302,GFKDLLKGAAKALVKTVLF,ecoli,ATCC 25922,5.997910763,0.778,development,5,DBAASP
dbaasp_12928,LLKLLLKLLLKLL,ecoli,ATCC 25922,127.9381304,2.107,development,2,DBAASP
dbAMP_19489,LRLKKHRWKYRVPP,ecoli,ATCC 25922,6.729766563,0.828,development,4,dbAMP
dbaasp_4569,WKSYVRRW,ecoli,ATCC 25922,63.97348355,1.806,development,4,DBAASP
dbaasp_4672,APRKNVRW,ecoli,ATCC 25922,63.53309319,1.803,development,2,DBAASP
dbaasp_14705,GKSLVKWIVKSVRKA,ecoli,ATCC 25922,25.00345362,1.398,development,4,DBAASP
dbaasp_8199,FFSLIPSLVGGLISAFK,ecoli,ATCC 25922,138.9952631,2.143,development,1,DBAASP
dbaasp_4159,GIGGALLSAGKSALKGLAKGLAEHL,ecoli,ATCC 25922,43.15190768,1.635,development,5,DBAASP
dbaasp_12453,KLLKHKLLVTLA,ecoli,ATCC 25922,9.204495718,0.964,development,4,DBAASP
dbaasp_4737,GWFKKAWRKVKNAGRRVLKGVGIHYGVGLI,ecoli,ATCC 25922,2.371373706,0.375,development,2,DBAASP
dbaasp_11235,GFKDLLKGAAKALVKTVLK,ecoli,ATCC 25922,5.00034535,0.699,development,3,DBAASP
dbaasp_1603,GFWDSVKEGLKNAAVTILNKIKCKISECGGA,ecoli,ATCC 25922,15.31087462,1.185,development,4,DBAASP
dbaasp_2126,LNLKGLIKKVASLLN,ecoli,ATCC 25922,29.99162519,1.477,development,2,DBAASP
dbaasp_8080,PRCRRRFCRP,ecoli,ATCC 25922,15.99558029,1.204,development,3,DBAASP
dbaasp_11960,IIIIRRRR,ecoli,ATCC 25922,118.8502227,2.075,development,4,DBAASP
dbaasp_19842,ELPIVAKLLSGLL,ecoli,ATCC 25922,127.9381304,2.107,development,3,DBAASP
dbAMP_24835,PVGRVHRLLRK,ecoli,ATCC 25922,1,0,development,4,dbAMP
dbaasp_12700,IKPIIKPIIKPIIKPI,ecoli,ATCC 25922,63.97348355,1.806,development,3,DBAASP
dbaasp_7666,WKRLVAASAKKK,ecoli,ATCC 25922,10.96478196,1.04,development,1,DBAASP
dbaasp_13847,GLSLLLSLKLKLL,ecoli,ATCC 25922,25.00345362,1.398,development,5,DBAASP
dbaasp_5949,MTPFWRGVSLRPIGASCRDDSECITRLCRKRRCSLSVAQE,ecoli,ATCC 25922,199.986187,2.301,development,4,DBAASP
dbaasp_8928,INWLKAKKVAGMIL,ecoli,ATCC 25922,14.9279441,1.174,development,1,DBAASP
dbaasp_10923,GKPKPYSPRPTSHPRPIRV,ecoli,ATCC 25922,1.448771854,0.161,development,3,DBAASP
dbaasp_1865,FFPIVGKLLFGLL,ecoli,ATCC 25922,10.37528416,1.016,development,5,DBAASP
dbaasp_1462,GLFNVFKKVGKNVLKNVAGSLMDNLKCKVSGEC,ecoli,ATCC 25922,2.999162519,0.477,development,2,DBAASP
dbaasp_15881,RYRRKKKMKKALQY,ecoli,ATCC 25922,100,2,development,3,DBAASP
dbaasp_12599,RWRWWWRWR,ecoli,ATCC 25922,1.99986187,0.301,development,5,DBAASP
dbaasp_827,GVLSNVIGYLKKLGTGALNAVLKQ,ecoli,ATCC 25922,12.70574105,1.104,development,2,DBAASP
dbaasp_4904,KWCRCVCRRGICRCRCRG,ecoli,ATCC 25922,1.199499303,0.079,development,5,DBAASP
dbaasp_19853,FLPIVAKLLSGEL,ecoli,ATCC 25922,127.9381304,2.107,development,3,DBAASP
dbaasp_12428,TRGRWGRFKRRAGRFIRRNRWQIISTGLKLIG,ecoli,ATCC 25922,2.409905429,0.382,development,5,DBAASP
dbaasp_13918,RVDELLS,ecoli,ATCC 25922,157.3982864,2.197,development,2,DBAASP
dbaasp_3157,GLLGPLLKIAAKVGSNLL,ecoli,ATCC 25922,5.00034535,0.699,development,1,DBAASP
dbaasp_7011,KFFRKLKKSVKKRAKKFFKKPRVIGVSIPF,ecoli,ATCC 25922,1.10407862,0.043,development,3,DBAASP
dbaasp_14003,LRRLRRRLRRLRRRWRRRLRRLRRRLRRL,ecoli,ATCC 25922,1.896705921,0.278,development,5,DBAASP
dbaasp_11888,GLNALKKVSQGIHEAIKLINNHVQ,ecoli,ATCC 25922,15.99558029,1.204,development,3,DBAASP
dbaasp_16763,LNLAALLAVAKKIL,ecoli,ATCC 25922,7.99834255,0.903,development,2,DBAASP
dbaasp_19844,FLEIVAKLLSGLL,ecoli,ATCC 25922,127.9381304,2.107,development,1,DBAASP
dbaasp_11273,IKYLLVKLQGASQKTITLMLRRN,ecoli,ATCC 25922,12.73503081,1.105,development,5,DBAASP
dbaasp_8376,RPKHPIKHQGLPQEVLNENLLRFFVAPFPEVFGKEKV,ecoli,ATCC 25922,57.80960474,1.762,development,3,DBAASP
dbaasp_7684,VQWRIRIAVIRK,ecoli,ATCC 25922,10.51961874,1.022,development,5,DBAASP
dbaasp_15875,KKMKKALQYIKLLKE,ecoli,ATCC 25922,100,2,development,2,DBAASP
dbaasp_16430,LKKLCARLKKLCARLKKLCARLKKLCAR,ecoli,ATCC 25922,3.999447498,0.602,development,5,DBAASP
dbaasp_5236,GLPVCGETCFGGTCNTPGCSCTWPICTRD,ecoli,ATCC 25922,159.9558029,2.204,development,5,DBAASP
dbaasp_8771,LLRRVARLLKRFAK,ecoli,ATCC 25922,1.161448614,0.065,development,2,DBAASP
dbaasp_11526,KWKIFKKIEKVGRNIRNGIIKAVAVLGEAKAL,ecoli,ATCC 25922,1.570362804,0.196,development,2,DBAASP
dbaasp_13691,WKLKWKLKWKLK,ecoli,ATCC 25922,3.999447498,0.602,development,4,DBAASP
dbaasp_19193,SWLSKTYKKLENSAKKRIAEGIAIALRGGPR,ecoli,ATCC 25922,1,0,development,4,DBAASP
dbaasp_3654,ILPFVAGVAAEMMQHVYCAASKKC,ecoli,ATCC 25922,2.275097431,0.357,development,4,DBAASP
dbaasp_10648,GRFRRLRKKTRKRLKKIGKVLKLI,ecoli,ATCC 25922,1,0,development,3,DBAASP
dbaasp_1181,QRRIRVRLSA,ecoli,ATCC 25922,12.94195841,1.112,development,1,DBAASP
dbaasp_13845,KLSLLLSLGLKLL,ecoli,ATCC 25922,25.00345362,1.398,development,3,DBAASP
dbaasp_11946,RRRRRRRWWWWWWW,ecoli,ATCC 25922,13.36595517,1.126,development,2,DBAASP
dbaasp_15892,RLWKIGWVLKWI,ecoli,ATCC 25922,15.99558029,1.204,development,2,DBAASP
dbaasp_3671,GILDTFKNMALNAAKSAGVSVLNALSCKLSKTC,ecoli,ATCC 25922,3.60578643,0.557,development,2,DBAASP
dbAMP_17002,WRKIWRPGIKRWIK,ecoli,ATCC 25922,7.99834255,0.903,development,3,dbAMP
dbaasp_1813,FLPAIVGAAAKFLPKIFCVISKKC,ecoli,ATCC 25922,14.99684836,1.176,development,4,DBAASP
dbaasp_17055,LKKLLKLLKKLAKLAG,ecoli,ATCC 25922,10,1,development,2,DBAASP
dbaasp_13459,RWIRWVWRKKLRI,ecoli,ATCC 25922,1.66341265,0.221,development,4,DBAASP
dbaasp_13875,GLLKRIK,ecoli,ATCC 25922,2.01372425,0.304,development,3,DBAASP
dbaasp_5859,LVQRGRFGRFLRKIRRFRPKVTITIQGSARF,ecoli,ATCC 25922,1.99986187,0.301,development,4,DBAASP
dbaasp_19520,ASVVKKLTKGVAKLLK,ecoli,ATCC 25922,1.99986187,0.301,development,4,DBAASP
dbAMP_11607,TVVRRRGRSPRRRTPSPRRRRSQSPRRRRSQSRESQC,ecoli,ATCC 25922,50.0034535,1.699,development,4,dbAMP
dbaasp_20151,KWLLKWLLK,ecoli,ATCC 25922,3.30369541,0.519,development,2,DBAASP
dbaasp_3648,KEKLKLKCKAPKCYNDKLACT,ecoli,ATCC 25922,82.98507675,1.919,development,1,DBAASP
dbaasp_11022,WQQPSCSSICDYSCGKSACISYSGRCGCCASCRRGPIY,ecoli,ATCC 25922,100,2,development,4,DBAASP
dbaasp_14720,GWWRRTVAKVRNAGRK,ecoli,ATCC 25922,3.097419299,0.491,development,1,DBAASP
dbaasp_19257,IAKAILPLALKALKKLIK,ecoli,ATCC 25922,1,0,development,2,DBAASP
dbaasp_6704,GIMRVFKGVLKTAGKSVAKNVAGSFLDRLKCKISGGC,ecoli,ATCC 25922,5.00034535,0.699,development,4,DBAASP
dbaasp_15063,KRIVQRIKKFLR,ecoli,ATCC 25922,0.626613865,-0.203,development,3,DBAASP
dbaasp_19524,ASVVNKLTKKVAKLLK,ecoli,ATCC 25922,7.99834255,0.903,development,1,DBAASP
dbaasp_16995,LKKLLKLLPKLLKL,ecoli,ATCC 25922,5.00034535,0.699,development,4,DBAASP
dbaasp_18830,RWFRFNGRWFRF,ecoli,ATCC 25922,2.897343588,0.462,development,2,DBAASP
dbaasp_6006,FLPILGKLLSGLL,ecoli,ATCC 25922,159.9558029,2.204,development,4,DBAASP
dbaasp_19885,LKKLCRILKKACRI,ecoli,ATCC 25922,9.594006315,0.982,development,5,DBAASP
dbaasp_16060,LRKIWWWW,ecoli,ATCC 25922,12.5025903,1.097,development,4,DBAASP
dbaasp_5512,GIGKFLHKVKSFGKSWIGEIMNS,ecoli,ATCC 25922,19.0107828,1.279,development,4,DBAASP
dbaasp_8201,SSRRPCRGRSCGPRLRGGYTLIGRPVKNQNRPKYMWV,ecoli,ATCC 25922,46.66593803,1.669,development,2,DBAASP
dbaasp_1352,IIGPVLGLVGSALGGLLKKI,ecoli,ATCC 25922,50.0034535,1.699,development,3,DBAASP
dbAMP_27620,KKYRYHLKPFSKK,ecoli,ATCC 25922,20.98939884,1.322,development,4,dbAMP
dbaasp_15035,KRIAQRIKDFLR,ecoli,ATCC 25922,3.273406949,0.515,development,1,DBAASP
dbaasp_8927,INWKKMAATALKMI,ecoli,ATCC 25922,2.437810818,0.387,development,2,DBAASP
dbaasp_4169,ILGLVISTIGNVLGGLLKNL,ecoli,ATCC 25922,50.23425895,1.701,development,2,DBAASP
dbaasp_10921,GRPNPVPNPRPPHPRL,ecoli,ATCC 25922,3.749730022,0.574,development,3,DBAASP
dbaasp_13081,GLRKRLRKFRNKIKEFLKKIGQKIQGLLPKLAPRTDY,ecoli,ATCC 25922,3.60578643,0.557,development,1,DBAASP
dbaasp_15007,VSFNRAVIHSLLG,ecoli,ATCC 25922,502.3425895,2.701,development,5,DBAASP
dbaasp_8374,FLPGLIKAAVGIGSTIFCKISKKC,ecoli,ATCC 25922,100,2,development,4,DBAASP
dbaasp_1356,GIFTLFKGAAKLLGKTLAKEAGKTGLELMACKVTNQC,ecoli,ATCC 25922,2.79898132,0.447,development,2,DBAASP
dbaasp_9008,FFHHIFRGIVHVGKTVHRLVTG,ecoli,ATCC 25922,4.295364268,0.633,development,3,DBAASP
dbaasp_10925,GKPRPYSPRPTSHPKPIRV,ecoli,ATCC 25922,6.501296903,0.813,development,4,DBAASP
dbaasp_16324,RWKYPKPLKR,ecoli,ATCC 25922,55.4625713,1.744,development,1,DBAASP
dbaasp_3399,GLMSVLKGVLKTAGKHIFKNVGGSLLDQAKCKITGQC,ecoli,ATCC 25922,2.999162519,0.477,development,2,DBAASP
dbaasp_3901,ALYKKFKKKLLKSLKRLG,ecoli,ATCC 25922,8.7096359,0.94,development,5,DBAASP
dbaasp_16986,RWWKWW,ecoli,ATCC 25922,31.11716337,1.493,development,5,DBAASP
dbAMP_25336,GKLIKKFGRKAISYAVKKARGKH,ecoli,ATCC 25922,13.70881766,1.137,development,2,dbAMP
dbaasp_14664,GGRRWQWRMKKLGAPSITLPET,ecoli,ATCC 25922,15.99558029,1.204,development,1,DBAASP
dbaasp_3820,GMASTAGSVLGKLAKAVAIGAL,ecoli,ATCC 25922,199.986187,2.301,development,3,DBAASP
dbaasp_16994,LKKLLPLLKKLLKL,ecoli,ATCC 25922,10,1,development,2,DBAASP
dbaasp_17678,RWWRRWRRWW,ecoli,ATCC 25922,31.9889511,1.505,development,1,DBAASP
dbaasp_17934,GKLRLIKKLWVKKWKKKGWKA,ecoli,ATCC 25922,1.99986187,0.301,development,4,DBAASP
dbaasp_13347,FLPIVGRLISGIL,ecoli,ATCC 25922,50.0034535,1.699,development,3,DBAASP
dbaasp_13094,GLRKRLRKFRNKIKEKLKKIGQKCQGLLPKLAPRTDY,ecoli,ATCC 25922,3.630780548,0.56,development,2,DBAASP
dbAMP_17513,GLRKRLRKFRNKIKEKLKKIGQKGQGLLPKLAPRTDY,ecoli,ATCC 25922,1.836538343,0.264,development,5,dbAMP
dbaasp_11893,LNALKKVFQGIHEAIKKI,ecoli,ATCC 25922,1.99986187,0.301,development,2,DBAASP
dbaasp_16773,KNLKALLAVAKKIL,ecoli,ATCC 25922,7.99834255,0.903,development,2,DBAASP
dbAMP_24869,IKKIWSKIKKLWK,ecoli,ATCC 25922,29.99162519,1.477,development,1,dbAMP
dbaasp_16197,GLFWIIKKTIGKLR,ecoli,ATCC 25922,9.66050879,0.985,development,3,DBAASP
dbaasp_19858,FLPIVKKLLEKLL,ecoli,ATCC 25922,7.99834255,0.903,development,2,DBAASP
dbaasp_3469,KKLLKKLLKWL,ecoli,ATCC 25922,1.435489433,0.157,development,5,DBAASP
dbAMP_19405,HRLKKRRWKYRVPP,ecoli,ATCC 25922,13.15224832,1.119,development,3,dbAMP
dbaasp_5470,IKSIASKVANTVQKLKRKAKNAV,ecoli,ATCC 25922,12.5025903,1.097,development,1,DBAASP
dbaasp_927,FLGWLFKWASK,ecoli,ATCC 25922,36.64375746,1.564,development,2,DBAASP
dbaasp_10430,KWKSFLKTFKSAKKTLLHTALKAISS,ecoli,ATCC 25922,0.339625273,-0.469,development,5,DBAASP
dbaasp_8416,PPIQNPSMAPPTQNPYGQPMTPPTQNPYGQPMAPP,ecoli,ATCC 25922,6.99841996,0.845,development,5,DBAASP
dbaasp_2022,KILRGVSKKIMRRISKDILTGKK,ecoli,ATCC 25922,6.039486294,0.781,development,4,DBAASP
dbaasp_9058,FFVLKFLLKWAGKVGLEHLACKFKNWC,ecoli,ATCC 25922,1.9498446,0.29,development,4,DBAASP
dbaasp_17598,RQWRRWWQR,ecoli,ATCC 25922,17.37800829,1.24,development,5,DBAASP
dbaasp_13920,DELLSRV,ecoli,ATCC 25922,39.35500755,1.595,development,3,DBAASP
dbaasp_1430,KRFGRLAKSFLRMRILLPRRKILLAS,ecoli,ATCC 25922,0.961612278,-0.017,development,3,DBAASP
dbaasp_5287,FLPIVGRLISGLL,ecoli,ATCC 25922,125.025903,2.097,development,4,DBAASP
dbaasp_8075,IRIRCRRRFCRIRI,ecoli,ATCC 25922,1,0,development,3,DBAASP
dbaasp_1605,FIPGLRRLFATVVPTVVCAINKLPPG,ecoli,ATCC 25922,4.528975799,0.656,development,5,DBAASP
dbaasp_13950,AIIAGIIIKIKK,ecoli,ATCC 25922,15.99558029,1.204,development,5,DBAASP
dbaasp_8511,RRIRPRPPRLPRPC,ecoli,ATCC 25922,15.99558029,1.204,development,3,DBAASP
dbaasp_13916,LSRVDEL,ecoli,ATCC 25922,157.3982864,2.197,development,2,DBAASP
dbaasp_12579,RPPIRRPPIRPPFYPPFRPPIRP,ecoli,ATCC 25922,7.99834255,0.903,development,1,DBAASP
dbaasp_19639,KFAKFAKKFAKFAKGGPQQFFGLM,ecoli,ATCC 25922,5.915616342,0.772,development,2,DBAASP
dbaasp_11361,ASEELLLRFQATSSGPILREEFE,ecoli,ATCC 25922,95.94006315,1.982,development,1,DBAASP
dbaasp_14209,RWRWWWRWRL,ecoli,ATCC 25922,7.99834255,0.903,development,3,DBAASP
dbaasp_3646,FIFPKKNIINSLFGR,ecoli,ATCC 25922,70.9577768,1.851,development,2,DBAASP
dbaasp_10081,MLLKKLLKKLLKKM,ecoli,ATCC 25922,146.2177174,2.165,development,5,DBAASP
dbaasp_14714,LRKATRRLVQLIVSG,ecoli,ATCC 25922,25.00345362,1.398,development,1,DBAASP
dbaasp_12522,YGRKKRRQRRR,ecoli,ATCC 25922,15.6675107,1.195,development,5,DBAASP
dbaasp_1641,INLKAIAAMAKKLL,ecoli,ATCC 25922,2.02768272,0.307,development,3,DBAASP
dbaasp_12946,WFKAAAKAAAKFW,ecoli,ATCC 25922,3.999447498,0.602,development,3,DBAASP
dbaasp_4576,IWRIFRRIFRIFIRF,ecoli,ATCC 25922,15.99558029,1.204,development,1,DBAASP
dbaasp_3398,GLMSVTKGVLKTAGKHIFKNVGGSLLDQAKCKISGQC,ecoli,ATCC 25922,2.999162519,0.477,development,5,DBAASP
dbAMP_22060,TWLKKRRWKKVKPP,ecoli,ATCC 25922,17.45822153,1.242,development,2,dbAMP
dbAMP_04716,ILGPVISKIGGVLGGLLKNL,ecoli,ATCC 25922,5.997910763,0.778,development,1,dbAMP
dbaasp_13873,GLLKRIKTL,ecoli,ATCC 25922,0.397191549,-0.401,development,3,DBAASP
dbaasp_3659,QLPFVAGVACEMCQCVYCAASKKC,ecoli,ATCC 25922,2.249054606,0.352,development,4,DBAASP
dbaasp_8646,KLRKLFRKLLKLIRKLLR,ecoli,ATCC 25922,6.902398038,0.839,development,4,DBAASP
dbaasp_17183,YLRLIRYMAKMI,ecoli,ATCC 25922,20.1372425,1.304,development,3,DBAASP
dbaasp_17112,GLFKIIKKIWKSF,ecoli,ATCC 25922,3.926449354,0.594,development,2,DBAASP
dbaasp_19017,GWINKIQKKIEKIGNKILGGMAKAGPVVHKLAKGEFQ,ecoli,ATCC 25922,1.995262315,0.3,development,1,DBAASP
dbaasp_17253,FLKTLKKLL,ecoli,ATCC 25922,59.02010802,1.771,development,5,DBAASP
dbaasp_12342,RRRPRPPYLPRPRPPPFFPPRLPPRIPPGFPPRFP,ecoli,ATCC 25922,0.71285303,-0.147,development,1,DBAASP
dbaasp_7995,DLRGACAAAHAL,ecoli,ATCC 25922,100,2,development,1,DBAASP
dbaasp_16590,DILIIVGGRRRR,ecoli,ATCC 25922,63.97348355,1.806,development,4,DBAASP
dbaasp_7021,SRWPSPGRPRPFPG,ecoli,ATCC 25922,100,2,development,4,DBAASP
dbaasp_17084,FKRIVQRIKDNLR,ecoli,ATCC 25922,19.9986187,1.301,development,3,DBAASP
dbaasp_10715,RRRRRFRRVIRRIRLPKYLTINTE,ecoli,ATCC 25922,3.999447498,0.602,development,4,DBAASP
dbaasp_1320,GLFDVIKKVASVIGGL,ecoli,ATCC 25922,10,1,development,5,DBAASP
dbaasp_7268,GVVDILKGAAKDIAAHLASKVMNKL,ecoli,ATCC 25922,12.5025903,1.097,development,1,DBAASP
dbaasp_17819,GKKWGWWKAK,ecoli,ATCC 25922,49.7737085,1.697,development,3,DBAASP
dbAMP_19478,LRLTKRRWKYRVPP,ecoli,ATCC 25922,13.48962883,1.13,development,2,dbAMP
dbaasp_15968,GLFGAIAGFIENGWEGMIDG,ecoli,ATCC 25922,60.95368972,1.785,development,3,DBAASP
dbaasp_12529,GLLRASSKWGRKYYVDLAGCAKA,ecoli,ATCC 25922,7.99834255,0.903,development,3,DBAASP
dbaasp_8259,GMASKAGAIAGKIAKVALKALGGC,ecoli,ATCC 25922,6.295061829,0.799,development,5,DBAASP
dbaasp_8290,GVIDIIKGAGKDLIAHAIGKLAEKV,ecoli,ATCC 25922,318.4197522,2.503,development,4,DBAASP
dbaasp_3944,RPRCWIKIKFRCKSLKF,ecoli,ATCC 25922,17.10015315,1.233,development,2,DBAASP
dbaasp_15115,KYEITTIHNLFRKLTHRLFRRNFGYTLR,ecoli,ATCC 25922,10,1,development,4,DBAASP
dbaasp_7702,KFFKKLKKAVKKGFKKFAKV,ecoli,ATCC 25922,5.248074602,0.72,development,2,DBAASP
dbaasp_12436,KKPSKKPKPQAMTFPKVTVEYFPASFSTAALTVPED,ecoli,ATCC 25922,9.484184633,0.977,development,2,DBAASP
dbaasp_17699,WRKWRKWRKWRKWRK,ecoli,ATCC 25922,3.999447498,0.602,development,4,DBAASP
dbaasp_10815,VDNANDLLSKVKKDKSD,ecoli,ATCC 25922,4.436086439,0.647,development,2,DBAASP
dbaasp_1180,QKRIRVRLSA,ecoli,ATCC 25922,26.48500139,1.423,development,5,DBAASP
dbaasp_11392,FKCRRWQWRMK,ecoli,ATCC 25922,31.11716337,1.493,development,5,DBAASP
dbaasp_13456,IRRWRLHWFRRAI,ecoli,ATCC 25922,1.690440932,0.228,development,1,DBAASP
dbaasp_12117,IHKFWRPGRWFKHI,ecoli,ATCC 25922,1.99986187,0.301,development,1,DBAASP
dbaasp_3258,LKLLKWLLKLL,ecoli,ATCC 25922,36.72823005,1.565,development,4,DBAASP
dbAMP_02405,FWPVVIRTVVAGYNLYRAIKKK,ecoli,ATCC 25922,1.99986187,0.301,development,5,dbAMP
dbaasp_18174,FVQWFSKLLGRIL,ecoli,ATCC 25922,11.99499303,1.079,development,1,DBAASP
dbaasp_2197,GLLSGILGAGKNIVCGLSGLC,ecoli,ATCC 25922,3.89045145,0.59,development,5,DBAASP
dbaasp_14213,ILGKIWKGKKSLF,ecoli,ATCC 25922,1.698243652,0.23,development,4,DBAASP
dbaasp_3563,FLPLIASLAANFVPKIFCKITKKC,ecoli,ATCC 25922,149.9684836,2.176,development,4,DBAASP
dbaasp_10605,GCRRLCWRQRCVTWCRGR,ecoli,ATCC 25922,1,0,development,2,DBAASP
dbAMP_09692,NGNLLGGLLRPVLGVVKGLTGGLGKK,ecoli,ATCC 25922,1.99986187,0.301,development,1,dbAMP
dbaasp_127,GLRKRLRKPRNKPKEKLKKI,ecoli,ATCC 25922,63.97348355,1.806,development,3,DBAASP
dbaasp_16146,RRKLDLKLDLKLDL,ecoli,ATCC 25922,9.506047937,0.978,development,5,DBAASP
dbaasp_18165,FLQGIIDTVGKWL,ecoli,ATCC 25922,299.9162519,2.477,development,5,DBAASP
dbaasp_2182,GFFSTVKNLATNVAGTVIDTLKCKVTGGCRS,ecoli,ATCC 25922,77.98301105,1.892,development,1,DBAASP
dbaasp_847,LLPIVGNLLKSLL,ecoli,ATCC 25922,50.0034535,1.699,development,5,DBAASP
dbaasp_19580,KIIIKIKKKIKIIIK,ecoli,ATCC 25922,50.0034535,1.699,development,4,DBAASP
dbAMP_27356,RRRWWW,ecoli,ATCC 25922,3.89045145,0.59,development,1,dbAMP
dbaasp_2407,ILGKLLSTAAGLLSNL,ecoli,ATCC 25922,149.9684836,2.176,development,2,DBAASP
dbAMP_19479,LRLQKRRWKYRVPP,ecoli,ATCC 25922,3.30369541,0.519,development,3,dbAMP
dbaasp_8380,TVYQHQKAMKPWIQPKTKVIPYVRYL,ecoli,ATCC 25922,171.7908387,2.235,development,5,DBAASP
dbaasp_11522,FFSMIPKIATGIASLVKDL,ecoli,ATCC 25922,100,2,development,1,DBAASP
dbaasp_17683,WRIWRIWRIWRIWRI,ecoli,ATCC 25922,7.99834255,0.903,development,3,DBAASP
dbaasp_13941,GIIKGIIKKIIK,ecoli,ATCC 25922,63.97348355,1.806,development,4,DBAASP
dbaasp_15066,KRIVQRIKDFLK,ecoli,ATCC 25922,5.00034535,0.699,development,5,DBAASP
dbAMP_20714,WKKIWKPGIKKWKK,ecoli,ATCC 25922,63.97348355,1.806,development,5,dbAMP
dbAMP_02708,GFWGKLFKLGLHGIGLLHLHL,ecoli,ATCC 25922,63.97348355,1.806,development,5,dbAMP
dbaasp_17657,GLLKRFKTLL,ecoli,ATCC 25922,63.97348355,1.806,development,1,DBAASP
dbaasp_18170,FVQWFSKALGRIL,ecoli,ATCC 25922,11.99499303,1.079,development,5,DBAASP
dbaasp_20061,AWWRRRWWA,ecoli,ATCC 25922,15.99558029,1.204,development,4,DBAASP
dbaasp_15053,KRIVQRIKAFLR,ecoli,ATCC 25922,1.25025903,0.097,development,5,DBAASP
dbaasp_10428,KWKSFLKTFKSAKKTELHTALKAISS,ecoli,ATCC 25922,5.407543229,0.733,development,2,DBAASP
dbaasp_13956,GIIAGIIAKIKK,ecoli,ATCC 25922,127.9381304,2.107,development,2,DBAASP
dbaasp_14729,GWWRATVAKVRK,ecoli,ATCC 25922,6.295061829,0.799,development,3,DBAASP
dbaasp_17658,GWFKRIKTFW,ecoli,ATCC 25922,15.99558029,1.204,development,4,DBAASP
dbaasp_9903,WRNGRWWRNGRWWRNGRW,ecoli,ATCC 25922,1,0,development,5,DBAASP
dbaasp_5136,VKKFPWWWPFLKK,ecoli,ATCC 25922,15.99558029,1.204,development,1,DBAASP
dbaasp_20277,GILAWKWAWWAWRR,ecoli,ATCC 25922,15.99558029,1.204,development,1,DBAASP
dbaasp_17858,VRWWWRV,ecoli,ATCC 25922,31.9889511,1.505,development,4,DBAASP
dbaasp_7144,RFRRLRWWTRKRLKKI,ecoli,ATCC 25922,1.99986187,0.301,development,3,DBAASP
dbaasp_13948,GIRRGIRRIIKR,ecoli,ATCC 25922,127.9381304,2.107,development,2,DBAASP
dbaasp_10647,GRFRRLRKKTRKRLKKIGKVLKKI,ecoli,ATCC 25922,31.9889511,1.505,development,3,DBAASP
dbaasp_3253,LLKWLKKL,ecoli,ATCC 25922,97.7237221,1.99,development,2,DBAASP
dbaasp_16328,RWRFKWAKK,ecoli,ATCC 25922,77.62471166,1.89,development,4,DBAASP
dbaasp_10679,CKKRKC,ecoli,ATCC 25922,21.42890601,1.331,development,1,DBAASP
dbaasp_8985,WPVVIRTVVAGYNLYRAIKKK,ecoli,ATCC 25922,15.27566058,1.184,development,5,DBAASP
dbaasp_11398,YRAWRWAWRWR,ecoli,ATCC 25922,5.970352866,0.776,development,2,DBAASP
dbaasp_779,GLFDIIKKIAESF,ecoli,ATCC 25922,15.99558029,1.204,development,1,DBAASP
dbaasp_17354,KLAKLAK,ecoli,ATCC 25922,95.06047937,1.978,development,4,DBAASP
dbaasp_3132,LLKRIKTLL,ecoli,ATCC 25922,55.59042573,1.745,development,4,DBAASP
dbaasp_4171,ILGPVISTIGNALGGLLKNL,ecoli,ATCC 25922,51.40436516,1.711,development,4,DBAASP
dbaasp_13066,AARIILRIRFR,ecoli,ATCC 25922,1.99986187,0.301,development,3,DBAASP
dbaasp_3194,ALWKTMLKKLGTMALHAGKAAFGAAADTISQ,ecoli,ATCC 25922,9.705099672,0.987,development,4,DBAASP
dbaasp_17663,GWLKRWKTLW,ecoli,ATCC 25922,15.99558029,1.204,development,5,DBAASP
dbaasp_3819,GMASKAGSVLGKVAKVALKAAL,ecoli,ATCC 25922,25.00345362,1.398,development,5,DBAASP
dbaasp_8295,GVFDIIKGAGKQLIARAMGKIAEKVGLNKDGN,ecoli,ATCC 25922,60.67363296,1.783,development,1,DBAASP
dbaasp_11853,GFRKIVQKIRDFLRNLV,ecoli,ATCC 25922,3.097419299,0.491,development,3,DBAASP
dbAMP_17498,GLRKRLRKFRNKMKEKLKKIGQKIQGLLPKLAPRTDY,ecoli,ATCC 25922,0.901571138,-0.045,development,1,dbAMP
dbaasp_7679,KQWRIRVAVIRA,ecoli,ATCC 25922,21.67704105,1.336,development,1,DBAASP
dbaasp_17723,WRIRRRPPRLPRPRWR,ecoli,ATCC 25922,1,0,development,2,DBAASP
dbaasp_10723,KLLKLLKKLLKLLK,ecoli,ATCC 25922,19.0107828,1.279,development,4,DBAASP
dbaasp_20043,FWRRRWF,ecoli,ATCC 25922,127.9381304,2.107,development,5,DBAASP
dbaasp_2863,LKKWLKKWLKK,ecoli,ATCC 25922,13.48962883,1.13,development,4,DBAASP
dbaasp_3389,GIHDILKYGKPS,ecoli,ATCC 25922,31.9889511,1.505,development,3,DBAASP
dbaasp_2169,FLPVIAGVAAKFLPKIFCAITKKC,ecoli,ATCC 25922,6.99841996,0.845,development,5,DBAASP
dbaasp_17614,RWWKWWWWWRRWKWKK,ecoli,ATCC 25922,50.0034535,1.699,development,1,DBAASP
dbaasp_16151,FLKLLKKVLKKVLPKIFK,ecoli,ATCC 25922,2.884031503,0.46,development,2,DBAASP
dbaasp_2398,SMLSVLKKLGKVGLGFVACKINKQC,ecoli,ATCC 25922,10,1,development,5,DBAASP
dbaasp_19359,AGTKEWLNKAKDFIKEKGLGMLSAAANAALN,ecoli,ATCC 25922,39.99447498,1.602,development,1,DBAASP
dbaasp_13818,GLLSLLSLLGKLA,ecoli,ATCC 25922,1.499684836,0.176,development,4,DBAASP
dbaasp_12113,PKILNKILGKILRLAAAFK,ecoli,ATCC 25922,1.499684836,0.176,development,3,DBAASP
dbaasp_8019,AAYLLAKINLKALAALAKKIL,ecoli,ATCC 25922,7.294575103,0.863,development,1,DBAASP
dbaasp_6335,GNNRPVYIPQPRPHPRL,ecoli,ATCC 25922,127.9381304,2.107,development,1,DBAASP
dbaasp_12439,QSVACTSYYCSKFCGSAG,ecoli,ATCC 25922,63.97348355,1.806,development,1,DBAASP
dbaasp_10695,RRPWRWPWWPWRR,ecoli,ATCC 25922,15.59552503,1.193,development,2,DBAASP
dbaasp_14648,IDWKKLPDAAKQIL,ecoli,ATCC 25922,1023.292992,3.01,development,2,DBAASP
dbaasp_734,GLPVCGETCVGGTCNTPGCTCSWPVCTRN,ecoli,ATCC 25922,159.9558029,2.204,development,2,DBAASP
dbaasp_19857,FLPKVAKLLEKLL,ecoli,ATCC 25922,7.99834255,0.903,development,1,DBAASP
dbaasp_8045,GIFSLIKTAAKFVGKNLLKQAGKAGLEHLACKANNQC,ecoli,ATCC 25922,25.00345362,1.398,development,4,DBAASP
dbaasp_16426,IIICRKPIICRKPIICRKPIICRKPIII,ecoli,ATCC 25922,1.99986187,0.301,development,2,DBAASP
dbaasp_14264,VRRFPYWYPFLRR,ecoli,ATCC 25922,15.99558029,1.204,development,5,DBAASP
dbaasp_3672,GLLDTFKNMALNAAKSAGVSVLNALSCKLSKTC,ecoli,ATCC 25922,3.935500755,0.595,development,3,DBAASP
dbaasp_13041,AARIILRDRFR,ecoli,ATCC 25922,127.9381304,2.107,development,5,DBAASP
dbaasp_11232,KIALKALKALKALGKALKAL,ecoli,ATCC 25922,1,0,development,1,DBAASP
dbaasp_4566,WKSYVRRWRS,ecoli,ATCC 25922,63.97348355,1.806,development,1,DBAASP
dbaasp_13028,AARIILRWRFR,ecoli,ATCC 25922,1.99986187,0.301,development,2,DBAASP
dbaasp_12311,DVIVVGAGIMGSSAAYQLAKRGQKTLL,ecoli,ATCC 25922,187.4994508,2.273,development,4,DBAASP
dbaasp_928,FLGWLFKWAWK,ecoli,ATCC 25922,17.06082389,1.232,development,1,DBAASP
dbaasp_1136,GLLSVLGSVAKHVLPHVVPVIAEHL,ecoli,ATCC 25922,8.24138115,0.916,development,4,DBAASP
dbaasp_18164,FWSTIWNAAKSLI,ecoli,ATCC 25922,50.0034535,1.699,development,5,DBAASP
dbaasp_12120,IHFKWRRWKFHI,ecoli,ATCC 25922,31.9889511,1.505,development,4,DBAASP
dbAMP_19494,LRLKKRLWKYRVPP,ecoli,ATCC 25922,13.61444682,1.134,development,3,dbAMP
dbaasp_15033,KAIVQRIKDFLR,ecoli,ATCC 25922,39.99447498,1.602,development,2,DBAASP
dbaasp_14038,GGHGLFDVIKKVASVIGGL,ecoli,ATCC 25922,33.96252726,1.531,development,4,DBAASP
dbaasp_6924,GLNALKKVFKGIHEAIKLINNHVQ,ecoli,ATCC 25922,19.9986187,1.301,development,4,DBAASP
dbaasp_17863,FWRWWWRWF,ecoli,ATCC 25922,15.99558029,1.204,development,2,DBAASP
dbaasp_14259,VRRFPYWWPFLRR,ecoli,ATCC 25922,15.99558029,1.204,development,3,DBAASP
dbaasp_3356,GLNALKKVAQGIHEAIKLINNHVQ,ecoli,ATCC 25922,7.99834255,0.903,development,4,DBAASP
dbaasp_18328,GIKRGIIKIIKRIRRI,ecoli,ATCC 25922,31.9889511,1.505,development,1,DBAASP
dbaasp_3706,GVFTLIKGATQLIGKTLGKEVGKTGLELMACKITKQC,ecoli,ATCC 25922,2.098939884,0.322,development,5,DBAASP
dbaasp_4553,LRRLWLRANRL,ecoli,ATCC 25922,127.9381304,2.107,development,2,DBAASP
dbaasp_14885,GLFDIIKKAAESF,ecoli,ATCC 25922,360.578643,2.557,development,3,DBAASP
dbaasp_14712,AILRKATRRLVKLIV,ecoli,ATCC 25922,19.9986187,1.301,development,1,DBAASP
dbaasp_4168,ILGPVLGLVGSALGGLI,ecoli,ATCC 25922,65.31305526,1.815,development,3,DBAASP
dbaasp_5017,HFLKTLVNLAKKIL,ecoli,ATCC 25922,7.99834255,0.903,development,5,DBAASP
dbaasp_7676,VQWRIRIAVIRA,ecoli,ATCC 25922,5.470159629,0.738,development,3,DBAASP
dbaasp_14657,FLQKIIGALGKLF,ecoli,ATCC 25922,6.194410751,0.792,development,5,DBAASP
dbaasp_14035,AAKAWLKLWAKAA,ecoli,ATCC 25922,1.99986187,0.301,development,1,DBAASP
dbaasp_4189,RIGVLLARLPKLFSLFKLMGKKV,ecoli,ATCC 25922,2.500345362,0.398,development,3,DBAASP
dbaasp_16058,WWLRKIWW,ecoli,ATCC 25922,25.00345362,1.398,development,4,DBAASP
dbAMP_16998,WKKAWKPGAKKWAK,ecoli,ATCC 25922,63.97348355,1.806,development,1,dbAMP
dbaasp_17057,LKKLLKLGKKLLKLAG,ecoli,ATCC 25922,2.500345362,0.398,development,3,DBAASP
dbaasp_18167,LWGALLGLGSTLLSKL,ecoli,ATCC 25922,100,2,development,3,DBAASP
dbaasp_10528,GIPCGESCVWIPCLTSAIGCSCKSKVCYRN,ecoli,ATCC 25922,10,1,development,1,DBAASP
dbaasp_10825,AVAGEKLWLLPHLLKMLLTPTP,ecoli,ATCC 25922,165.1961798,2.218,development,4,DBAASP
dbaasp_8770,LLRRVAGLLKQFAK,ecoli,ATCC 25922,2.506109253,0.399,development,3,DBAASP
dbaasp_4149,GIGTKFLGGVKTALKGALKELASTYVN,ecoli,ATCC 25922,3.459393778,0.539,development,3,DBAASP
dbaasp_7279,GVVAILKGAAKDIAGHLASKVMNKL,ecoli,ATCC 25922,50.0034535,1.699,development,1,DBAASP
dbaasp_1560,RIWVIWRR,ecoli,ATCC 25922,3.427677865,0.535,development,4,DBAASP
dbaasp_1485,RGLRRLGRKIAHGVKKYGPTVLRIIRIA,ecoli,ATCC 25922,1.559552503,0.193,development,2,DBAASP
dbAMP_24917,GMAKLLAKVLPHVVKLIK,ecoli,ATCC 25922,3.863669771,0.587,development,4,dbAMP
dbaasp_1602,GFGDSVKEGLKNAAVTILNKIKCKISECPPA,ecoli,ATCC 25922,31.11716337,1.493,development,2,DBAASP
dbaasp_16475,GIKKWLHSAKKFGKKFVKKIMNS,ecoli,ATCC 25922,0.629506183,-0.201,development,5,DBAASP
dbaasp_3277,GKWKKILGKLIR,ecoli,ATCC 25922,1.99986187,0.301,development,5,DBAASP
dbaasp_11252,GSLHGFMYKYLKNMVLNLF,ecoli,ATCC 25922,31.9889511,1.505,development,5,DBAASP
dbaasp_10396,WRRRYRRWRRRRRWRRRPRR,ecoli,ATCC 25922,3.133285724,0.496,development,1,DBAASP
dbaasp_12697,GIGAVLKWLPALIKRKRQQ,ecoli,ATCC 25922,0.579428696,-0.237,development,1,DBAASP
dbAMP_19482,LRLKLRRWKYRVPP,ecoli,ATCC 25922,6.714288529,0.827,development,3,dbAMP
dbaasp_8431,GLLSGILGAGKKIVCGLSGLC,ecoli,ATCC 25922,5.152286446,0.712,development,1,DBAASP
dbaasp_10829,VLPLVGNLLNDLLGK,ecoli,ATCC 25922,64.12095766,1.807,development,2,DBAASP
dbaasp_15001,FILKRSYPQYY,ecoli,ATCC 25922,411.1497211,2.614,development,1,DBAASP
dbaasp_20272,GGHGVRRFPWWWPFLRR,ecoli,ATCC 25922,7.99834255,0.903,development,3,DBAASP
dbaasp_14028,IHHIHHIIHHIHHIIHHIHHIIHHIHHI,ecoli,ATCC 25922,1,0,development,2,DBAASP
dbaasp_15973,GLFGAIAGFIKKGWPGLVKG,ecoli,ATCC 25922,7.798301105,0.892,development,1,DBAASP
dbaasp_19676,GYCFTACYLRNGVRACYRRCN,ecoli,ATCC 25922,0.250034536,-0.602,development,5,DBAASP
dbaasp_3124,GLLKRIKALL,ecoli,ATCC 25922,14.45439771,1.16,development,4,DBAASP
dbaasp_13448,GIKFFLKKLKKHI,ecoli,ATCC 25922,3.953666201,0.597,development,1,DBAASP
dbaasp_14783,KRLFRKILRYL,ecoli,ATCC 25922,47.42419853,1.676,development,2,DBAASP
dbaasp_20007,RGLFKKLLRLIKKGFKK,ecoli,ATCC 25922,2.280342072,0.358,development,5,DBAASP
dbaasp_4903,KWCRCVCRRGICYCRCRG,ecoli,ATCC 25922,1.99986187,0.301,development,5,DBAASP
dbaasp_17864,WWRWWWRWW,ecoli,ATCC 25922,15.99558029,1.204,development,3,DBAASP
dbaasp_10549,FKARRWQWRMKK,ecoli,ATCC 25922,116.4126029,2.066,development,5,DBAASP
dbaasp_12508,LKKLKQLLGKLSEFAAAFVA,ecoli,ATCC 25922,31.9889511,1.505,development,2,DBAASP
dbaasp_5055,KILRGVSKKIMRRILTGKK,ecoli,ATCC 25922,14.48771854,1.161,development,5,DBAASP
dbaasp_9910,YGFYTHVFRLKKWMQKVIDRFGG,ecoli,ATCC 25922,3.999447498,0.602,development,4,DBAASP
dbaasp_4160,GIGGALLSVGKLALKGLANVLADKFAN,ecoli,ATCC 25922,38.54783577,1.586,development,5,DBAASP
dbaasp_16918,KIAKRIWKILRRR,ecoli,ATCC 25922,18.19700859,1.26,development,2,DBAASP
dbaasp_11384,GLFRRLRDSIRRGQQKILEKARRIGERIKDIFR,ecoli,ATCC 25922,1.499684836,0.176,development,5,DBAASP
dbaasp_8776,VKWRWKKWRWKWKWKV,ecoli,ATCC 25922,41.68693835,1.62,development,4,DBAASP
dbaasp_16414,VCRKPVVCRKPVVCRKPVVCRKPV,ecoli,ATCC 25922,7.99834255,0.903,development,1,DBAASP
dbaasp_13963,GIIAKIGIKIKK,ecoli,ATCC 25922,31.9889511,1.505,development,1,DBAASP
dbaasp_12927,AAKLLLKLLLKAA,ecoli,ATCC 25922,1,0,development,5,DBAASP
dbaasp_10205,FLPLLAGLAANFLPTIICKIARKC,ecoli,ATCC 25922,37.49730022,1.574,development,3,DBAASP
dbaasp_15148,LVTLVFVGGGWKWKWENGKWKWKW,ecoli,ATCC 25922,63.97348355,1.806,development,3,DBAASP
dbaasp_12515,KAAKTVFKLFKLQAKRAIEA,ecoli,ATCC 25922,127.9381304,2.107,development,3,DBAASP
dbaasp_3126,GLLKRIKTLA,ecoli,ATCC 25922,43.85306978,1.642,development,3,DBAASP
dbaasp_13675,WRLRWKTRWRLK,ecoli,ATCC 25922,1,0,development,2,DBAASP
dbaasp_17027,ILGTILGLLKNL,ecoli,ATCC 25922,31.9889511,1.505,development,3,DBAASP
dbaasp_1182,KIRVRLSA,ecoli,ATCC 25922,17.29816359,1.238,development,5,DBAASP
dbaasp_1251,KCWNLRGSCREKCIKNEKLYIFCTSGKLCCLKPK,ecoli,ATCC 25922,5.023425895,0.701,development,1,DBAASP
dbaasp_16845,PIMYKVPLIRKKSLRRTLSERGLLKD,ecoli,ATCC 25922,25.00345362,1.398,development,2,DBAASP
dbaasp_1565,FLPIIAKLLGGLL,ecoli,ATCC 25922,22.23309891,1.347,development,4,DBAASP
dbaasp_20017,TRRKFWKKVLNGALKIA,ecoli,ATCC 25922,4.666593803,0.669,development,2,DBAASP
dbaasp_4573,IWRIFR,ecoli,ATCC 25922,127.9381304,2.107,development,1,DBAASP
dbaasp_16903,CASYFC,ecoli,ATCC 25922,63.97348355,1.806,development,3,DBAASP
dbaasp_1627,CVHGMTNTARTACIAP,ecoli,ATCC 25922,61.37620052,1.788,development,5,DBAASP
dbAMP_17001,WKKVWKPGVKKWVK,ecoli,ATCC 25922,63.97348355,1.806,development,1,dbAMP
dbAMP_27539,IDGLKAIWKKVADLLKNT,ecoli,ATCC 25922,3.981071706,0.6,development,3,dbAMP
dbaasp_18816,RWIRIPGRWIRI,ecoli,ATCC 25922,3.597493352,0.556,development,1,DBAASP
dbaasp_9528,RFGRFLRKIRRFRPKVTITIQGSARF,ecoli,ATCC 25922,1.069054879,0.029,development,1,DBAASP
dbaasp_5623,FIHHIIGGLFSAGKAIHRLIRRRRR,ecoli,ATCC 25922,42.85485204,1.632,development,5,DBAASP
dbaasp_4498,KKFFLKVLTKIRCKVAGGCRT,ecoli,ATCC 25922,3.365115694,0.527,development,4,DBAASP
dbaasp_14104,CFQWKRAMRKVR,ecoli,ATCC 25922,10.0461579,1.002,development,2,DBAASP
dbaasp_18125,KWKSKLKTFKSAKKTVLHTALKAISS,ecoli,ATCC 25922,2.747894153,0.439,development,4,DBAASP
dbaasp_16417,ICRKPIICRKPIICRKPI,ecoli,ATCC 25922,7.99834255,0.903,development,5,DBAASP
dbaasp_12706,LKPLLKPLLKPLLKPLLKPL,ecoli,ATCC 25922,1.99986187,0.301,development,4,DBAASP
dbaasp_5682,VIPIVSGLLSSLL,ecoli,ATCC 25922,9.66050879,0.985,development,3,DBAASP
dbaasp_14314,SLWSSIKDMAAAAGRAALNAVNGILNP,ecoli,ATCC 25922,47.20630413,1.674,development,3,DBAASP
dbaasp_3689,SVMGTVKDLLIGAGKSAAQSVLKSLSCKISNDC,ecoli,ATCC 25922,1.422328787,0.153,development,4,DBAASP
dbaasp_17008,KLLKPLKKLLKLLK,ecoli,ATCC 25922,19.9986187,1.301,development,5,DBAASP
dbaasp_4559,SGIQPEQHSS,ecoli,ATCC 25922,100,2,development,5,DBAASP
dbAMP_25310,GIKHILFMAKTKLPRATCTAEIKENCDRKK,ecoli,ATCC 25922,1.927524913,0.285,development,4,dbAMP
dbAMP_25447,CKYKAR,ecoli,ATCC 25922,41.68693835,1.62,development,4,dbAMP
dbaasp_13635,KWLKKWLKKWLK,ecoli,ATCC 25922,1,0,development,5,DBAASP
dbaasp_14208,GRWRWWWRWRL,ecoli,ATCC 25922,3.999447498,0.602,development,1,DBAASP
dbaasp_18071,GSKRWRKFEKRVKKIFEETKEALPVIQGVATIVGAVGR,ecoli,ATCC 25922,1.455459081,0.163,development,5,DBAASP
dbaasp_7022,WPSPGRPRPFPGRPKPIFRPR,ecoli,ATCC 25922,25.00345362,1.398,development,4,DBAASP
dbaasp_16956,IWLTALKFLGKNLGK,ecoli,ATCC 25922,14.9279441,1.174,development,5,DBAASP
dbaasp_8040,FLPIVASLAANFLPKIICKITKKC,ecoli,ATCC 25922,100,2,development,1,DBAASP
dbaasp_19854,FLPIVAKLLSGLE,ecoli,ATCC 25922,127.9381304,2.107,development,1,DBAASP
dbaasp_3690,SVMGTVKDLLIGAGKSAAQSVLKSLSCKLSNDC,ecoli,ATCC 25922,1.995262315,0.3,development,1,DBAASP
dbaasp_1970,GAFGDLLKGVAKEAGMKLLNMAQCKLSGKC,ecoli,ATCC 25922,32.50872974,1.512,development,1,DBAASP
dbaasp_16039,GGLRSLGLKILLAWKKYG,ecoli,ATCC 25922,100,2,development,4,DBAASP
dbaasp_19196,SWLSKTWKKLENSGKKRIAEGIAIALKGGLR,ecoli,ATCC 25922,0.500034535,-0.301,development,1,DBAASP
dbaasp_15882,RYRRKKKMKKA,ecoli,ATCC 25922,100,2,development,5,DBAASP
dbAMP_19486,LRLKKYRWKYRVPP,ecoli,ATCC 25922,6.637430704,0.822,development,1,dbAMP
dbaasp_3255,KLLKWLLKL,ecoli,ATCC 25922,10.99005839,1.041,development,3,DBAASP
dbaasp_11260,GSLHGFMYKYLKTLVLRLY,ecoli,ATCC 25922,8.729713684,0.941,development,1,DBAASP
dbaasp_3652,FLPAVIRVAANVLPTAFCAISKKC,ecoli,ATCC 25922,2.624218543,0.419,development,1,DBAASP
dbAMP_19473,LQLKKRRWKYRVPP,ecoli,ATCC 25922,6.760829754,0.83,development,4,dbAMP
dbaasp_17687,WRLWRLWRLWRLWRL,ecoli,ATCC 25922,7.99834255,0.903,development,2,DBAASP
dbAMP_14773,IIYCNRRTGKCQRM,ecoli,ATCC 25922,74.98942093,1.875,development,2,dbAMP
dbaasp_11229,KIAKGALKALKIAKGALKAL,ecoli,ATCC 25922,3.999447498,0.602,development,2,DBAASP
dbaasp_18122,KWKSKLKTFKSAKKTVLHTAKKAISS,ecoli,ATCC 25922,2.735268726,0.437,development,3,DBAASP
dbaasp_19866,LKKLCRILKKLCRI,ecoli,ATCC 25922,4.677351413,0.67,development,5,DBAASP
dbAMP_19480,LRLKRRRWKYRVPP,ecoli,ATCC 25922,6.561452663,0.817,development,4,dbAMP
dbaasp_16780,LNLKALLAVAK,ecoli,ATCC 25922,127.9381304,2.107,development,1,DBAASP
dbaasp_20234,LFKLLGKIIHHVGNFVHGFSHVF,ecoli,ATCC 25922,97.27472238,1.988,development,3,DBAASP
dbaasp_2174,GIMDSVKNVAKNIAGQLLDKLKCKITGC,ecoli,ATCC 25922,15.99558029,1.204,development,4,DBAASP
dbaasp_2285,GMATKAGTALGKVAKAVIGAAL,ecoli,ATCC 25922,100,2,development,1,DBAASP
dbaasp_5510,GVAKFGKAAAHFGKGWIKEMLNS,ecoli,ATCC 25922,76.03262769,1.881,development,4,DBAASP
dbaasp_19369,APLKMKAILEIVHRRMKQNKMKAAF,ecoli,ATCC 25922,17.02158508,1.231,development,2,DBAASP
dbaasp_3117,ALLKRIKTLL,ecoli,ATCC 25922,18.23895702,1.261,development,1,DBAASP
dbaasp_1808,FLPILINLIHKGLL,ecoli,ATCC 25922,149.9684836,2.176,development,5,DBAASP
dbaasp_4564,WKSYVRRWRSR,ecoli,ATCC 25922,15.99558029,1.204,development,1,DBAASP
dbaasp_10585,IVPFLLGMVPKLVCLITKKC,ecoli,ATCC 25922,63.97348355,1.806,development,2,DBAASP
dbaasp_4709,LFRKQLKW,ecoli,ATCC 25922,1.815515663,0.259,development,3,DBAASP
dbaasp_1606,FIGGLRRLFATVVGTVVCAINKLGGG,ecoli,ATCC 25922,4.808393484,0.682,development,4,DBAASP
dbaasp_15049,KRIVARIKDFLR,ecoli,ATCC 25922,5.00034535,0.699,development,5,DBAASP
dbaasp_10649,FSEAIKKIIDFLG,ecoli,ATCC 25922,174.9846689,2.243,development,2,DBAASP
dbaasp_13455,AKVLKISRRAFRK,ecoli,ATCC 25922,16.06941253,1.206,development,1,DBAASP
dbaasp_16796,GLLKLLKKLLKLLK,ecoli,ATCC 25922,19.0107828,1.279,development,5,DBAASP
dbaasp_19469,FIKKIARLLRKIF,ecoli,ATCC 25922,12.27439231,1.089,development,1,DBAASP
dbaasp_10928,GKPRPYPPRPPPHPRPIRV,ecoli,ATCC 25922,0.199986187,-0.699,development,5,DBAASP
dbaasp_12429,WKLLSKAQEKFGKNKSR,ecoli,ATCC 25922,122.179966,2.087,development,3,DBAASP
dbaasp_14701,INLKKLAARIKKKI,ecoli,ATCC 25922,3.999447498,0.602,development,3,DBAASP
dbaasp_10487,FFGWLIKGAIHAGKAIHPLIHRRRH,ecoli,ATCC 25922,2.999162519,0.477,development,2,DBAASP
dbaasp_19684,GYCFTACYRRNGARICYRRCN,ecoli,ATCC 25922,0.125025903,-0.903,development,1,DBAASP
dbaasp_15058,KRKVQRIKDFLR,ecoli,ATCC 25922,1.25025903,0.097,development,2,DBAASP
dbaasp_4289,IPCGESCVWIPCISGMFGCSCKDKVCYS,ecoli,ATCC 25922,8.49180475,0.929,development,5,DBAASP
dbaasp_3930,FALGAVTKRLPSLFCLITRKC,ecoli,ATCC 25922,8.109610579,0.909,development,4,DBAASP
dbaasp_9562,FFHHIFRGIVHVGKTIHKLVTG,ecoli,ATCC 25922,4.909078762,0.691,development,5,DBAASP
dbAMP_20706,KIWKPGIKKW,ecoli,ATCC 25922,127.9381304,2.107,development,5,dbAMP
dbaasp_19071,WFQVKTRVRTKVQFW,ecoli,ATCC 25922,3.999447498,0.602,development,1,DBAASP
dbaasp_2121,GGAGHVPEYFVGIGTPISFYG,ecoli,ATCC 25922,0.059292532,-1.227,development,2,DBAASP
dbaasp_17661,GLLKRWKTLL,ecoli,ATCC 25922,63.97348355,1.806,development,1,DBAASP
dbaasp_15972,GLFGAIAGFIKGGWPGLVKG,ecoli,ATCC 25922,15.99558029,1.204,development,5,DBAASP
dbaasp_5252,PRPLPFPRPGPRPIPRPLPFPRPGPRPI,ecoli,ATCC 25922,127.9381304,2.107,development,5,DBAASP
dbaasp_14106,GRFKRFRKKLKKLFKKLSPVIPLLHLG,ecoli,ATCC 25922,3.999447498,0.602,development,2,DBAASP
dbaasp_6928,GLKALKKVFQGIHKAIKLINNHVQ,ecoli,ATCC 25922,5.00034535,0.699,development,5,DBAASP
dbaasp_17531,SKCRRWQRRMRKVRGPPVTCIKKAFRFECI,ecoli,ATCC 25922,0.335737614,-0.474,development,4,DBAASP
dbaasp_13923,ELLSAVD,ecoli,ATCC 25922,87.90225168,1.944,development,4,DBAASP
dbaasp_17023,GGHWRWYCRGGK,ecoli,ATCC 25922,2.999162519,0.477,development,3,DBAASP
dbaasp_7281,GVADILKGAAKDIAGHLASKVMNKL,ecoli,ATCC 25922,100,2,development,3,DBAASP
dbaasp_5057,KILRGVSKRILTGKK,ecoli,ATCC 25922,152.4052754,2.183,development,3,DBAASP
dbaasp_11947,RRRRWWWWW,ecoli,ATCC 25922,20.55890596,1.313,development,5,DBAASP
dbaasp_1569,FLPLAVSLAANFLPKLFCKITKKC,ecoli,ATCC 25922,2.454708916,0.39,development,3,DBAASP
dbaasp_18373,RWGRWLRKIRRWRPK,ecoli,ATCC 25922,3.749730022,0.574,development,4,DBAASP
dbaasp_12713,IRPIIRPIIRPIIRPIIRPI,ecoli,ATCC 25922,7.99834255,0.903,development,3,DBAASP
dbaasp_6756,YWRWRW,ecoli,ATCC 25922,19.31968317,1.286,development,3,DBAASP
dbaasp_19890,KKFKKTAKWLIKSAWLLLKSLALKMK,ecoli,ATCC 25922,5.188000389,0.715,development,3,DBAASP
dbaasp_10653,LIGSLVRGILPLF,ecoli,ATCC 25922,185.3531623,2.268,development,1,DBAASP
dbaasp_11165,KRFKKFFRKIKKGFRKIFKKTKIFIGGTIPI,ecoli,ATCC 25922,2.477422058,0.394,development,3,DBAASP
dbaasp_15000,FIIWPLRYRK,ecoli,ATCC 25922,181.9700859,2.26,development,2,DBAASP
dbaasp_12722,VRPVVRPVVRPVVRPVVRPVVRPV,ecoli,ATCC 25922,63.97348355,1.806,development,1,DBAASP
dbAMP_16096,FLGLLGGLL,ecoli,ATCC 25922,77.98301105,1.892,development,2,dbAMP
dbaasp_7020,SRWPSPGRPRPFPGRPKPIF,ecoli,ATCC 25922,100,2,development,3,DBAASP
dbaasp_3772,GFGSLLGKALRLGANVL,ecoli,ATCC 25922,4.797334486,0.681,development,1,DBAASP
dbaasp_2186,ALSILRGLEKLAKMGIALTNCKATKKC,ecoli,ATCC 25922,27.9898132,1.447,development,3,DBAASP
dbaasp_18185,RRLIRRILRIL,ecoli,ATCC 25922,5.794286964,0.763,development,1,DBAASP
dbaasp_17046,IFGTILGFLKGL,ecoli,ATCC 25922,101.6248693,2.007,development,1,DBAASP
dbaasp_7433,GLLKFIKWLL,ecoli,ATCC 25922,22.08004733,1.344,development,1,DBAASP
dbaasp_17025,ILGTILGLLKAL,ecoli,ATCC 25922,63.97348355,1.806,development,2,DBAASP
dbaasp_13814,GLLSLASLLGKLL,ecoli,ATCC 25922,1.499684836,0.176,development,4,DBAASP
dbAMP_25309,GLFGKLQKKFGRKAISYAVKKARGKH,ecoli,ATCC 25922,1.621810097,0.21,development,1,dbAMP
dbaasp_629,GGLRSLGRKILRAWKKYG,ecoli,ATCC 25922,1,0,development,4,DBAASP
dbaasp_10053,GLFDIWKKWRWRR,ecoli,ATCC 25922,34.19794425,1.534,development,2,DBAASP
dbaasp_4670,FLPLIGRVLSGIA,ecoli,ATCC 25922,39.99447498,1.602,development,3,DBAASP
dbaasp_20013,LGLFKKLLRLILKGFKL,ecoli,ATCC 25922,4.73151259,0.675,development,4,DBAASP
dbaasp_17653,GAAKRAKTAL,ecoli,ATCC 25922,511.6818355,2.709,development,5,DBAASP
dbaasp_5243,RRIRPRPPRLPRPRPRPLPFPRPGPRPIPRPLPFP,ecoli,ATCC 25922,0.500034535,-0.301,development,3,DBAASP
dbAMP_19484,LRLKTRRWKYRVPP,ecoli,ATCC 25922,13.48962883,1.13,development,2,dbAMP
dbAMP_17493,GLRKRLRKFRNKPKEKLKKIGQKIQGLLPKLAPRTDY,ecoli,ATCC 25922,7.277798045,0.862,development,2,dbAMP
dbaasp_17652,GAAKRAKTAA,ecoli,ATCC 25922,511.6818355,2.709,development,2,DBAASP
dbAMP_25308,KREDFLDQIIRDFRNFIYQKYRRLRDEFRKLRDILSG,ecoli,ATCC 25922,4.246195639,0.628,development,5,dbAMP
dbaasp_12691,GIGAVLKVLTTGLPALIKRKRQQ,ecoli,ATCC 25922,1.023292992,0.01,development,3,DBAASP
dbaasp_4214,FLPIIAGIAAKFLPKIFCTISKKC,ecoli,ATCC 25922,25.00345362,1.398,development,5,DBAASP
dbAMP_24980,STLALVLRLRGG,ecoli,ATCC 25922,5.997910763,0.778,development,2,dbAMP
dbaasp_4558,LWGTRSGIQP,ecoli,ATCC 25922,100,2,development,4,DBAASP
dbaasp_19126,GFFKKAKRKVKKAFRRVL,ecoli,ATCC 25922,3.655947916,0.563,development,5,DBAASP
dbaasp_16489,GLARCLAGTL,ecoli,ATCC 25922,8.375292821,0.923,development,2,DBAASP
dbaasp_20206,CGKKWWGWKCKL,ecoli,ATCC 25922,2.66072506,0.425,development,1,DBAASP
dbaasp_1058,GLRKRLRKFRNKIKEKLKKIGQKIQGLLPKLAPRTDY,ecoli,ATCC 25922,0.905732601,-0.043,development,4,DBAASP
dbaasp_19702,SPRVCIRVCRNGVCYRRCW,ecoli,ATCC 25922,0.500034535,-0.301,development,1,DBAASP
dbaasp_6908,DDALRRLLRRLLRRL,ecoli,ATCC 25922,100,2,development,4,DBAASP
dbaasp_16429,LKKLCARLKKLCARLKKLCAR,ecoli,ATCC 25922,7.99834255,0.903,development,4,DBAASP
dbaasp_4167,ISGPVLGLVGNALGGLIKKI,ecoli,ATCC 25922,52.60172664,1.721,development,4,DBAASP
dbaasp_11395,YKARRWAWRWK,ecoli,ATCC 25922,12.58925412,1.1,development,5,DBAASP
dbaasp_5016,HFKGTLVNLAKKIL,ecoli,ATCC 25922,15.99558029,1.204,development,4,DBAASP
dbaasp_12240,TSVRQRWRWRQRVRTS,ecoli,ATCC 25922,11.66809617,1.067,development,5,DBAASP
dbaasp_8428,RFCFKGTPCG,ecoli,ATCC 25922,9.120108394,0.96,development,3,DBAASP
dbaasp_12602,RLLRRLRRLLR,ecoli,ATCC 25922,1.99986187,0.301,development,2,DBAASP
dbaasp_19575,KIIKKIKKKIKKIIK,ecoli,ATCC 25922,12.5025903,1.097,development,1,DBAASP
dbAMP_19402,FRLKKRRWKYRVPP,ecoli,ATCC 25922,9.418895965,0.974,development,2,dbAMP
dbaasp_18832,RWLHLNGRWLHL,ecoli,ATCC 25922,1.499684836,0.176,development,3,DBAASP
dbaasp_15043,AGGKRIVKRIKKFLRGAGGKRIVKRIKKFLRG,ecoli,ATCC 25922,0.625172693,-0.204,development,3,DBAASP
dbaasp_14728,GWWARTVAKVRK,ecoli,ATCC 25922,6.295061829,0.799,development,1,DBAASP
dbaasp_10048,RKKTRKR,ecoli,ATCC 25922,255.8585887,2.408,development,2,DBAASP
dbaasp_6748,RRWYRWAWRMR,ecoli,ATCC 25922,5.861381645,0.768,development,4,DBAASP
dbaasp_10642,GRFRRLRKKTRK,ecoli,ATCC 25922,127.9381304,2.107,development,5,DBAASP
dbaasp_10611,KCRRYCYRQRCVTYCRGR,ecoli,ATCC 25922,0.500034535,-0.301,development,2,DBAASP
dbaasp_1895,GFMDTAKNVAKNVAATLLDKLKCKITGGC,ecoli,ATCC 25922,4.841723676,0.685,development,5,DBAASP
dbaasp_1810,FLPAIAGMAAKFLPKIFCAISKKC,ecoli,ATCC 25922,2.999162519,0.477,development,2,DBAASP
dbaasp_13854,FFHHIFRGIVHVGKTKHRLVTG,ecoli,ATCC 25922,1.207813835,0.082,development,4,DBAASP
dbaasp_15837,VKVKVKVK,ecoli,ATCC 25922,35.15604405,1.546,development,4,DBAASP
dbaasp_10640,GRFRRLRKKTRKRLKKIGKVLKWIPPIVGSIPLGCG,ecoli,ATCC 25922,1,0,development,2,DBAASP
dbaasp_4567,KKSYVRRWRS,ecoli,ATCC 25922,100,2,development,2,DBAASP
dbaasp_12446,PGKICYCLHCSR,ecoli,ATCC 25922,63.97348355,1.806,development,3,DBAASP
dbaasp_9627,VRVKVRVKVRVK,ecoli,ATCC 25922,10.76465214,1.032,development,1,DBAASP
dbAMP_02292,FPVTWPTKWLKG,ecoli,ATCC 25922,138.6755829,2.142,development,5,dbAMP
dbaasp_991,ALWKTMLKKLGTMALHAGKAALGAAADTISQGTQ,ecoli,ATCC 25922,46.02565736,1.663,development,3,DBAASP
dbaasp_17877,KLFKKLFKKLFK,ecoli,ATCC 25922,4.602565736,0.663,development,4,DBAASP
dbaasp_10339,FKKFFKKLKNSVKKRAKKFFKKPRVIGVSIPF,ecoli,ATCC 25922,1.037528416,0.016,development,2,DBAASP
dbaasp_6884,GRFRRLRKKTRKRLKKIGKVLKWIPPIVGSIPLG,ecoli,ATCC 25922,1,0,development,2,DBAASP
dbaasp_20106,AIGGLIRK,ecoli,ATCC 25922,988.5530947,2.995,development,2,DBAASP
dbAMP_27552,YPCKLNLKLGKVPFH,ecoli,ATCC 25922,25.00345362,1.398,development,2,dbAMP
dbaasp_14719,GWWRRTVDKVRNAGRK,ecoli,ATCC 25922,6.295061829,0.799,development,5,DBAASP
dbaasp_11026,KWKIRVRLSA,ecoli,ATCC 25922,3.228494122,0.509,development,3,DBAASP
dbaasp_948,FWGALAKGALKLIPSLFSSFSKKD,ecoli,ATCC 25922,4.008667176,0.603,development,2,DBAASP
dbaasp_16894,KIAKRIWKILRRRLFRRVKKVAG,ecoli,ATCC 25922,5.432503315,0.735,development,2,DBAASP
dbaasp_10427,KWKSFLKTFKSAKKTSLHTALKAISS,ecoli,ATCC 25922,2.741574172,0.438,development,3,DBAASP
dbaasp_19127,GFFKKAKRKVKKAG,ecoli,ATCC 25922,81.28305162,1.91,development,2,DBAASP
dbaasp_7262,GVVDILKGAAKDIAGHLASKAMNKL,ecoli,ATCC 25922,100,2,development,2,DBAASP
dbaasp_5023,HFLGTLVNKAKKIL,ecoli,ATCC 25922,127.9381304,2.107,development,1,DBAASP
dbaasp_14006,LRRLRRRWWWRRRLRRL,ecoli,ATCC 25922,1.555965632,0.192,development,4,DBAASP
dbaasp_19576,KLLKKLKKKLKKLLK,ecoli,ATCC 25922,3.097419299,0.491,development,5,DBAASP
dbaasp_15890,RLKKIGWVLKWI,ecoli,ATCC 25922,1.99986187,0.301,development,1,DBAASP
dbaasp_17804,EDLAKALAKK,ecoli,ATCC 25922,4677.351413,3.67,development,1,DBAASP
dbaasp_18834,RWFHFNGRWFHF,ecoli,ATCC 25922,0.39994475,-0.398,development,2,DBAASP
dbaasp_14027,IHHIHHIIHHIHHIIHHIHHI,ecoli,ATCC 25922,0.187499451,-0.727,development,3,DBAASP
dbaasp_19941,WRSWRSWRSWRSWRS,ecoli,ATCC 25922,7.99834255,0.903,development,4,DBAASP
dbaasp_2176,GIMDTVKNAAKDLAGQLDKLKCRITGC,ecoli,ATCC 25922,23.01441817,1.362,development,4,DBAASP
dbaasp_16423,IICRKPIICRKPIICRKPIICRKPIICRKPII,ecoli,ATCC 25922,1.99986187,0.301,development,4,DBAASP
dbaasp_4620,FLPWFSKFLGRIL,ecoli,ATCC 25922,11.99499303,1.079,development,5,DBAASP
dbAMP_19404,WRLKKRRWKYRVPP,ecoli,ATCC 25922,12.82330583,1.108,development,4,dbAMP
dbaasp_2181,ALSILKGLEKLAKMGIALTNCKATKKC,ecoli,ATCC 25922,27.9898132,1.447,development,4,DBAASP
dbaasp_4221,FLPILAGLAANILPKVFCSITKKC,ecoli,ATCC 25922,25.00345362,1.398,development,4,DBAASP
dbaasp_11351,NVLLWG,ecoli,ATCC 25922,187.4994508,2.273,development,3,DBAASP
dbaasp_8956,RIKRFWPVVIRTVVAGYNLYRAIKK,ecoli,ATCC 25922,1.161448614,0.065,development,2,DBAASP
dbaasp_3537,FLPILASLAAKLGPKLFCLVTKKC,ecoli,ATCC 25922,15.99558029,1.204,development,5,DBAASP
dbaasp_5350,FSEAIKKIIDFLGEGLFDIIKKIAESF,ecoli,ATCC 25922,127.9381304,2.107,development,1,DBAASP
dbaasp_13683,WRIRWKTRWRIK,ecoli,ATCC 25922,3.999447498,0.602,development,1,DBAASP
dbaasp_4156,GIGGVLLGAGKATLKGLAKVLAEKYAN,ecoli,ATCC 25922,38.54783577,1.586,development,2,DBAASP
dbaasp_19475,FIRRIARLLRKIF,ecoli,ATCC 25922,2.971666032,0.473,development,3,DBAASP
dbaasp_6228,KWKLFKKIEKVGQRVRDAVISAGPAVATVAQATALAK,ecoli,ATCC 25922,1.603245391,0.205,development,1,DBAASP
dbaasp_7584,NGVQPKYRWWRWWRRWW,ecoli,ATCC 25922,18.19700859,1.26,development,1,DBAASP
dbaasp_10704,FLGGLIKRVPAMICAVRKKC,ecoli,ATCC 25922,114.2878335,2.058,development,4,DBAASP
dbaasp_18327,GIKRGIIRIIKRIKRI,ecoli,ATCC 25922,31.9889511,1.505,development,3,DBAASP
dbaasp_13016,KKLTLWLTLKK,ecoli,ATCC 25922,3.999447498,0.602,development,5,DBAASP
dbaasp_5822,RRIRPRPPRLPRPRPRPLPFPRPG,ecoli,ATCC 25922,0.449779855,-0.347,development,3,DBAASP
dbaasp_2498,PRLKVYLPRYKVYSTAAGRYQLLSRYWDAYR,ecoli,ATCC 25922,149.9684836,2.176,development,5,DBAASP
dbaasp_13938,GIIAGIIKIIKI,ecoli,ATCC 25922,127.9381304,2.107,development,4,DBAASP
dbaasp_13083,GLRKRLRKFRNKIKELLKKIGQKIQGLLPKLAPRTDY,ecoli,ATCC 25922,3.639150361,0.561,development,1,DBAASP
DRAMP01776,FLPIVTNLLSGLLGK,ecoli,ATCC 25922,231.206479,2.364,development,4,DRAMP
dbaasp_13447,GWAKLITKAIKKI,ecoli,ATCC 25922,8.609937522,0.935,development,5,DBAASP
dbaasp_3647,TSRCIFYRRKKCS,ecoli,ATCC 25922,18.40772001,1.265,development,4,DBAASP
dbaasp_2314,GLGSFLKNAIKIAGKVGSTIGKVADAIGNKE,ecoli,ATCC 25922,5.00034535,0.699,development,4,DBAASP
dbaasp_10712,YSWPRMPRIPRLPRYPRYPRYPRWPRWPRQPTIYA,ecoli,ATCC 25922,1.99986187,0.301,development,2,DBAASP
dbaasp_8805,RWFKIQLQIRRWKNKK,ecoli,ATCC 25922,31.9889511,1.505,development,5,DBAASP
dbaasp_16419,ICRKPIICRKPIICRKPIICRKPIICRKPI,ecoli,ATCC 25922,3.999447498,0.602,development,5,DBAASP
dbaasp_13953,GIIAAIIIKIKK,ecoli,ATCC 25922,127.9381304,2.107,development,3,DBAASP
dbaasp_1009,FLPVVAGLAAKVLPSIICAVTKKC,ecoli,ATCC 25922,44.97798549,1.653,development,4,DBAASP
dbaasp_5583,RWCVYAYVRVAGVLVRYRRCW,ecoli,ATCC 25922,8.994975815,0.954,development,3,DBAASP
dbaasp_3670,LAFVAGVAAEMMQHVYCAASKKC,ecoli,ATCC 25922,2.570395783,0.41,development,5,DBAASP
dbaasp_14316,FLSLIPHVISAIPHVVNALSNL,ecoli,ATCC 25922,217.7709772,2.338,development,2,DBAASP
dbaasp_5146,DAEFRHDSGYEVHHQKLVFFAEDVGSNKGAIIGLMVGGVV,ecoli,ATCC 25922,0.361409863,-0.442,development,2,DBAASP
dbaasp_15104,RKGSRMGKKCECP,ecoli,ATCC 25922,1.90107828,0.279,development,3,DBAASP
DRAMP00385,QLPICGETCVLGGCYTPNCRCQYPICVR,ecoli,ATCC 25922,2.500345362,0.398,development,1,DRAMP
dbaasp_10639,RLKKIGKVLKWI,ecoli,ATCC 25922,7.99834255,0.903,development,1,DBAASP
dbaasp_10222,SFLDKFKDVAIGVAKGAGTGVLKALLCKLDNSC,ecoli,ATCC 25922,18.79316817,1.274,development,4,DBAASP
dbaasp_14836,GIKEMLCNMACAQTVCKKSGGPLCDTCQAACKALG,ecoli,ATCC 25922,12.5025903,1.097,development,4,DBAASP
dbaasp_1506,VIPFVASVAAEMMQHVYCAASKKC,ecoli,ATCC 25922,4.055085354,0.608,development,1,DBAASP
dbaasp_16020,EPRWKVFKKIEKMGRNIRDGIIKAGPAVAVLGDAKALGK,ecoli,ATCC 25922,1.836538343,0.264,development,4,DBAASP
dbAMP_16446,LLWKALRLWWKVL,ecoli,ATCC 25922,9.375620069,0.972,development,1,dbAMP
dbaasp_11102,PRPRPRP,ecoli,ATCC 25922,18.66379691,1.271,development,1,DBAASP
dbaasp_20105,FLGALIPAIAG,ecoli,ATCC 25922,781.6278046,2.893,development,3,DBAASP
dbaasp_20054,AWRRRWA,ecoli,ATCC 25922,127.9381304,2.107,development,5,DBAASP
dbaasp_17681,WRIWRIWRI,ecoli,ATCC 25922,7.99834255,0.903,development,4,DBAASP
dbaasp_5385,KRFKKFFKKLKNSVKKRVKKFFRKPRVIGVTFPF,ecoli,ATCC 25922,0.058884366,-1.23,development,4,DBAASP
dbaasp_17073,FKRSVQRIKDFLR,ecoli,ATCC 25922,10,1,development,4,DBAASP
dbaasp_1640,INLKAIAALAKKLL,ecoli,ATCC 25922,4.10204103,0.613,development,3,DBAASP
dbaasp_20077,LRWRRRWRL,ecoli,ATCC 25922,7.99834255,0.903,development,1,DBAASP
dbaasp_19646,INWLHLGHMVIDAL,ecoli,ATCC 25922,255.8585887,2.408,development,3,DBAASP
dbAMP_19511,LRLKKRRWKYWVPP,ecoli,ATCC 25922,3.250872974,0.512,development,5,dbAMP
dbaasp_2125,LKIAKGIIKSL,ecoli,ATCC 25922,85.70378452,1.933,development,1,DBAASP
dbaasp_18172,FLQFWSKGVFRIL,ecoli,ATCC 25922,26.97739432,1.431,development,4,DBAASP
dbaasp_16526,PAWFKARRWAWRMLKKAA,ecoli,ATCC 25922,4.436086439,0.647,development,2,DBAASP
dbaasp_9440,RKWVKWRNR,ecoli,ATCC 25922,95.2796164,1.979,development,3,DBAASP
dbaasp_18217,PFKLKLHL,ecoli,ATCC 25922,31.9889511,1.505,development,4,DBAASP
dbaasp_12662,RRFWRR,ecoli,ATCC 25922,13.03166778,1.115,development,3,DBAASP
dbAMP_25442,SAVWRWRRFWLRKRK,ecoli,ATCC 25922,63.97348355,1.806,development,4,dbAMP
dbaasp_19878,LKKACRILKKLCRI,ecoli,ATCC 25922,9.594006315,0.982,development,5,DBAASP
dbaasp_12710,VKPVVKPVVKPVVKPVVKPVVKPV,ecoli,ATCC 25922,63.97348355,1.806,development,4,DBAASP
dbaasp_16999,LKKLLKPLKKLLKL,ecoli,ATCC 25922,19.9986187,1.301,development,1,DBAASP
dbaasp_5476,GILKTIKSIASKLKRKAK,ecoli,ATCC 25922,1.559552503,0.193,development,2,DBAASP
dbaasp_15622,GFLKKVGKKLEGASDLTRDATIQTIAVAQAAANVAATAKQ,ecoli,ATCC 25922,253.512863,2.404,development,3,DBAASP
dbAMP_24915,CVRVRVRPGRVRVRVCW,ecoli,ATCC 25922,4.909078762,0.691,development,4,dbAMP
dbaasp_3801,AALRGCWTKSIPPKPCPGKR,ecoli,ATCC 25922,46.23810214,1.665,development,3,DBAASP
dbaasp_16478,GIKKWLHSAKKPGKKFVKKIMNS,ecoli,ATCC 25922,5.00034535,0.699,development,4,DBAASP
dbaasp_8958,RIKRFWPVVIRTVVAGYNLYRAI,ecoli,ATCC 25922,3.380648362,0.529,development,3,DBAASP
dbaasp_4283,GIPCAESCVWIPCTITALMGCSCKNNVCYNN,ecoli,ATCC 25922,79.9834255,1.903,development,2,DBAASP
dbaasp_7235,VRIHISGSSLGWLIQLFRKRIESLLQKS,ecoli,ATCC 25922,39.44573021,1.596,development,1,DBAASP
dbaasp_4133,FLHHIVGLIHHGLSLFGDRAD,ecoli,ATCC 25922,10,1,development,4,DBAASP
dbaasp_17690,WRFWRFWRFWRF,ecoli,ATCC 25922,3.999447498,0.602,development,5,DBAASP
dbaasp_3192,GLWSKIKAAGKEAAKAAAKAAGKAALNAVSEAV,ecoli,ATCC 25922,0.599791076,-0.222,development,2,DBAASP
dbaasp_2144,FFGHLFKLATKIIPSLFQ,ecoli,ATCC 25922,11.91242008,1.076,development,4,DBAASP
dbAMP_25134,TVVRRRGRSPRRRTPSPRAARSQSPRAARSQSRESQC,ecoli,ATCC 25922,159.9558029,2.204,development,1,dbAMP
dbaasp_1076,IRRIIRKIIHIIKK,ecoli,ATCC 25922,15.99558029,1.204,development,2,DBAASP
dbaasp_17239,FLKRLKKLL,ecoli,ATCC 25922,28.05433638,1.448,development,4,DBAASP
dbaasp_16581,DILIIVGGGSGKERKKRRR,ecoli,ATCC 25922,63.97348355,1.806,development,5,DBAASP
dbaasp_7236,KWKARKNFIKGSSLGWLIQLFRKR,ecoli,ATCC 25922,10.86425624,1.036,development,5,DBAASP
dbaasp_18121,KWKSKLKTKKSAKKTVKHTALKAISS,ecoli,ATCC 25922,42.95364268,1.633,development,5,DBAASP
dbaasp_16889,CKRKKC,ecoli,ATCC 25922,42.85485204,1.632,development,1,DBAASP
dbaasp_9892,WRPGRW,ecoli,ATCC 25922,127.9381304,2.107,development,2,DBAASP
dbaasp_3806,SALVGCWTKSWPPKPCFGR,ecoli,ATCC 25922,23.60478233,1.373,development,1,DBAASP
dbaasp_775,LVIRTVIAGYNLYRAIKKK,ecoli,ATCC 25922,5.597576015,0.748,development,4,DBAASP
dbAMP_19470,LLLKKRRWKYRVPP,ecoli,ATCC 25922,6.807693587,0.833,development,4,dbAMP
dbaasp_4117,GIFGKILGAGKKVLCGLSGLC,ecoli,ATCC 25922,15.88546749,1.201,development,1,DBAASP
dbaasp_6792,AKKVFKRLPKLFSKIWNWK,ecoli,ATCC 25922,1.99986187,0.301,development,4,DBAASP
dbaasp_16774,GNLKALAAVAKKIL,ecoli,ATCC 25922,63.97348355,1.806,development,4,DBAASP
dbaasp_9334,GRRPRPRPRPFFFF,ecoli,ATCC 25922,159.9558029,2.204,development,1,DBAASP
dbaasp_3707,GVFTLLKGATQLIGKTLGKELGKTGLELMACKITNQC,ecoli,ATCC 25922,2.046444637,0.311,development,3,DBAASP
dbaasp_9963,KWKLFKKI,ecoli,ATCC 25922,63.97348355,1.806,development,3,DBAASP
dbAMP_25333,FIFHIIKGLFHAGKMIHGLVT,ecoli,ATCC 25922,2.624218543,0.419,development,5,dbAMP
dbaasp_5842,FWGALAKGALKLIGSLFSSFSKKD,ecoli,ATCC 25922,12.5025903,1.097,development,5,DBAASP
dbAMP_24841,VDRGWGNGCGLFGKGG,ecoli,ATCC 25922,6.426877173,0.808,development,2,dbAMP
dbaasp_20078,FRWRRRWRF,ecoli,ATCC 25922,3.999447498,0.602,development,2,DBAASP
dbaasp_5695,FMGTALKIAANVLPAAFCKIFKKC,ecoli,ATCC 25922,199.986187,2.301,development,4,DBAASP
dbaasp_16357,KRIVQRIKDFLRAGPIKDFLR,ecoli,ATCC 25922,0.783429643,-0.106,development,3,DBAASP
dbaasp_13921,ELLSKVD,ecoli,ATCC 25922,81.4704284,1.911,development,1,DBAASP
dbaasp_13731,KKCWNGGRCRKKCKENEKPIGYCRNGKKCCVN,ecoli,ATCC 25922,3.365115694,0.527,development,4,DBAASP
dbaasp_6927,GLNALKKVFQGIHEAIKLINNHVK,ecoli,ATCC 25922,19.9986187,1.301,development,5,DBAASP
dbaasp_3740,SADQTGMNKAALSPIRFISKSV,ecoli,ATCC 25922,86.89604293,1.939,development,3,DBAASP
dbaasp_15971,GLFGAIAGFIKKGWKGMVKG,ecoli,ATCC 25922,7.603262769,0.881,development,5,DBAASP
dbaasp_4469,AWLDKLKSLGKVVGKVALGVAQNYLNPQQ,ecoli,ATCC 25922,5.00034535,0.699,development,1,DBAASP
dbaasp_20156,WLKKLLKWL,ecoli,ATCC 25922,1.651961798,0.218,development,3,DBAASP
dbaasp_3691,SVMGTVKDLLIGAGKSAAQSVLKALSCKLSKDC,ecoli,ATCC 25922,3.176874071,0.502,development,5,DBAASP
dbaasp_11892,LNALKKVFQKIHEAIKLI,ecoli,ATCC 25922,1.99986187,0.301,development,5,DBAASP
dbaasp_10137,GWLDVAKKIGKAAFNVAKNFL,ecoli,ATCC 25922,3.396252726,0.531,development,5,DBAASP
dbaasp_2508,GFMKYIGPLIPHAVKAIKKLI,ecoli,ATCC 25922,6.251726928,0.796,development,3,DBAASP
dbaasp_18268,KRIWQRIK,ecoli,ATCC 25922,6.194410751,0.792,development,2,DBAASP
dbaasp_7561,KLKKLLKKLLKK,ecoli,ATCC 25922,341.9794425,2.534,development,1,DBAASP
dbaasp_12225,NNLRHIVAWCKNRNYSLAVCARFKPQ,ecoli,ATCC 25922,63.97348355,1.806,development,5,DBAASP
DRAMP03877,KKWWWKWKKW,ecoli,ATCC 25922,11.24604974,1.051,development,5,DRAMP
dbaasp_11701,KWAFRVCYRGICYRRSR,ecoli,ATCC 25922,1.815515663,0.259,development,2,DBAASP
dbaasp_14001,WRRWRRRWRRRWRRW,ecoli,ATCC 25922,12.82330583,1.108,development,3,DBAASP
dbaasp_1948,INMKASAAVAKKLL,ecoli,ATCC 25922,10.42317429,1.018,development,1,DBAASP
dbaasp_5617,KKFLHSAKKWLKAFVKLFKNW,ecoli,ATCC 25922,0.296483139,-0.528,development,5,DBAASP
dbAMP_19506,LRLKKRRWLYRVPP,ecoli,ATCC 25922,3.326595533,0.522,development,1,dbAMP
dbaasp_19887,LKKLCRILKKLCAI,ecoli,ATCC 25922,4.920395357,0.692,development,1,DBAASP
dbaasp_7715,FKQFHFKDFNRAFGFMTRVALQAEKL,ecoli,ATCC 25922,39.99447498,1.602,development,3,DBAASP
dbaasp_13735,KDRPKKPGLCPLIWWLIIKVG,ecoli,ATCC 25922,6.397348355,0.806,development,2,DBAASP
dbaasp_12606,RIIRRIRRIIR,ecoli,ATCC 25922,15.99558029,1.204,development,4,DBAASP
dbaasp_16476,GIKKWLHKGKKFGKKFVKKIMNS,ecoli,ATCC 25922,0.629506183,-0.201,development,4,DBAASP
dbaasp_5566,FKRLKKLFKKIWNWK,ecoli,ATCC 25922,1,0,development,3,DBAASP
dbaasp_10641,GRFRRLRKKTRKRLKKIGKVLKWI,ecoli,ATCC 25922,1,0,development,4,DBAASP
dbaasp_9109,FLKGIKGMLGKLF,ecoli,ATCC 25922,11.99499303,1.079,development,4,DBAASP
dbaasp_9383,CKKLLKLLKKLCKLAG,ecoli,ATCC 25922,5.00034535,0.699,development,1,DBAASP
dbaasp_17688,WRFWRF,ecoli,ATCC 25922,127.9381304,2.107,development,4,DBAASP
dbaasp_12530,AAKKGCWTVSIPPKPCF,ecoli,ATCC 25922,15.99558029,1.204,development,2,DBAASP
dbaasp_3118,GALKRIKTLL,ecoli,ATCC 25922,39.26449354,1.594,development,3,DBAASP
dbaasp_10817,VIDKAKMESLGITSRDTT,ecoli,ATCC 25922,16.03245391,1.205,development,3,DBAASP
dbaasp_13080,GLRKRLRKFRNKSKEKLKKIGQKIQGLLPKLAPRTDY,ecoli,ATCC 25922,3.647539469,0.562,development,4,DBAASP
dbaasp_3645,VIVFVASVAAEMMQHVYCAASKKC,ecoli,ATCC 25922,2.415460834,0.383,development,3,DBAASP
dbAMP_25275,VRVKVRVK,ecoli,ATCC 25922,6.99841996,0.845,development,5,dbAMP
dbaasp_17242,FLKCLKKLL,ecoli,ATCC 25922,14.72312502,1.168,development,5,DBAASP
dbaasp_13917,SRVDELL,ecoli,ATCC 25922,157.3982864,2.197,development,5,DBAASP
dbaasp_6650,ALWMTLLKKVLKA,ecoli,ATCC 25922,25.00345362,1.398,development,4,DBAASP
dbaasp_19616,KWKWKRRRFKWKWK,ecoli,ATCC 25922,7.99834255,0.903,development,2,DBAASP
dbaasp_18385,MRWGRWLRKIRRWRPK,ecoli,ATCC 25922,3.531831698,0.548,development,5,DBAASP
dbaasp_3739,RFIYMKGFGKPRFGKR,ecoli,ATCC 25922,50.69907083,1.705,development,5,DBAASP
dbaasp_2443,GLFKGKKKNKKTK,ecoli,ATCC 25922,250.0345362,2.398,development,1,DBAASP
dbaasp_2364,VFQFLGRIIHHVGNFVHGFSHVF,ecoli,ATCC 25922,95.71940713,1.981,development,1,DBAASP
dbaasp_10074,KARQWQSKIRRTNPIFAIRR,ecoli,ATCC 25922,25.52701303,1.407,development,3,DBAASP
dbaasp_8596,GLLTRIKTLL,ecoli,ATCC 25922,199.986187,2.301,development,1,DBAASP
dbaasp_7581,NGVQPKYKWWKWWKKWW,ecoli,ATCC 25922,4.549880602,0.658,development,5,DBAASP
dbaasp_7819,SFKKFWGGVKAIFKGARKGWK,ecoli,ATCC 25922,1,0,development,4,DBAASP
dbaasp_19473,FIKKIARLLKKIF,ecoli,ATCC 25922,3.126079367,0.495,development,1,DBAASP
dbaasp_6754,WWRWRW,ecoli,ATCC 25922,9.462371614,0.976,development,5,DBAASP
dbaasp_16422,IICRKPIICRKPIICRKPIICRKPII,ecoli,ATCC 25922,1.99986187,0.301,development,1,DBAASP
dbaasp_7276,GVVDILAGAAKDIAGHLASKVMNKL,ecoli,ATCC 25922,100,2,development,2,DBAASP
dbaasp_17246,FLKELKKLL,ecoli,ATCC 25922,115.0800389,2.061,development,3,DBAASP
dbaasp_4660,FLPLAGRVLSGIL,ecoli,ATCC 25922,39.99447498,1.602,development,5,DBAASP
dbaasp_11858,GILSSFKGVAKGVAKDLAGKLLETLK,ecoli,ATCC 25922,6.295061829,0.799,development,3,DBAASP
dbaasp_1886,SLFSIFKTAAKFVGKNLLKQAGKAGLETLACKAKNEC,ecoli,ATCC 25922,74.98942093,1.875,development,2,DBAASP
dbaasp_9110,FLKGIVGKLGKLF,ecoli,ATCC 25922,11.99499303,1.079,development,4,DBAASP
dbaasp_12242,TLSKEKERIVQRVRTS,ecoli,ATCC 25922,26.12161354,1.417,development,1,DBAASP
dbaasp_5059,KISKKIMRTFLRR,ecoli,ATCC 25922,38.54783577,1.586,development,4,DBAASP
dbaasp_5135,VRRFPWWWPFLRR,ecoli,ATCC 25922,2.018366364,0.305,development,4,DBAASP
dbaasp_4379,LVKRFKKFFRKLKKS,ecoli,ATCC 25922,33.0369541,1.519,development,3,DBAASP
dbaasp_19607,ARARRRRFRARA,ecoli,ATCC 25922,127.9381304,2.107,development,1,DBAASP
dbaasp_7820,FFKKFWGGVKAIFKGARKGWK,ecoli,ATCC 25922,1,0,development,2,DBAASP
dbaasp_3929,FALGAVTKLLPSLLCMITRKC,ecoli,ATCC 25922,33.18944576,1.521,development,2,DBAASP
dbaasp_2429,FLPLIGKILGTIL,ecoli,ATCC 25922,139.9587323,2.146,development,2,DBAASP
dbaasp_10399,RNFFKRIRRAGKRIRKAIISAAPAVETLAQAQKIIKGGD,ecoli,ATCC 25922,1.25025903,0.097,development,4,DBAASP
dbaasp_15045,CGGKRIVQRIKDFLRGAGGRLFDKIRQVIRKG,ecoli,ATCC 25922,0.625172693,-0.204,development,3,DBAASP
dbaasp_3249,LKKWLK,ecoli,ATCC 25922,251.1886432,2.4,development,4,DBAASP
dbaasp_4616,LLQWLSKLLGRLL,ecoli,ATCC 25922,5.997910763,0.778,development,5,DBAASP
dbaasp_10677,CKKKRC,ecoli,ATCC 25922,42.85485204,1.632,development,1,DBAASP
dbAMP_24868,IKKIWSKIKKWLK,ecoli,ATCC 25922,14.85935642,1.172,development,3,dbAMP
dbaasp_19249,RRIRRPRLPRPRVPRPRIPP,ecoli,ATCC 25922,3.999447498,0.602,development,4,DBAASP
dbaasp_4725,RIKRFWPVVIRTVVAGYNLYRAIKKK,ecoli,ATCC 25922,1.479108388,0.17,development,2,DBAASP
dbaasp_660,ALWKNMLKGIGKLAGQAALGAVKTLVGA,ecoli,ATCC 25922,2.600159563,0.415,development,5,DBAASP
dbaasp_12107,RNCTWLFSTKLKLPA,ecoli,ATCC 25922,113.5010816,2.055,development,1,DBAASP
dbaasp_572,KWKIFKKIEKVGRNIRNGIIKAGPAVAVLGEAKAL,ecoli,ATCC 25922,1.559552503,0.193,development,2,DBAASP
dbaasp_17805,GKKTAEIEK,ecoli,ATCC 25922,2535.12863,3.404,development,2,DBAASP
dbaasp_4555,QLKVDLWGTRSGIQPEQHSSGKSDVRRWRSRY,ecoli,ATCC 25922,3.953666201,0.597,development,4,DBAASP
dbaasp_5251,PRPLPFPRPGPRPI,ecoli,ATCC 25922,127.9381304,2.107,development,3,DBAASP
dbaasp_5613,AAAAAAAAAAGIGKFLHSAKKFGKAFVGEIMNS,ecoli,ATCC 25922,126.4736347,2.102,development,4,DBAASP
dbaasp_10708,FLGGLIKWPWWPWRR,ecoli,ATCC 25922,3.944573021,0.596,development,4,DBAASP
dbaasp_18156,INLKAIAASAKKLL,ecoli,ATCC 25922,178.2378767,2.251,development,2,DBAASP
dbaasp_8957,RIKRFWPVVIRTVVAGYNLYRAIK,ecoli,ATCC 25922,0.80723503,-0.093,development,2,DBAASP
dbaasp_2311,GIFLDKLKNFAKGVAQSLLNKASCKLSGQC,ecoli,ATCC 25922,1.99986187,0.301,development,1,DBAASP
dbAMP_25231,GWKKFFKKWKKVWK,ecoli,ATCC 25922,2.999162519,0.477,development,4,dbAMP
dbAMP_11756,VGRKHSILNCIPYLKKKKIMRL,ecoli,ATCC 25922,3.999447498,0.602,development,3,dbAMP
dbaasp_18751,NLRTYKKRYMFY,ecoli,ATCC 25922,74.98942093,1.875,development,4,DBAASP
dbaasp_12833,INWLAIAAKVAGML,ecoli,ATCC 25922,172.1868575,2.236,development,2,DBAASP
dbaasp_9057,FLKGCWTKWYSLKPKCPF,ecoli,ATCC 25922,11.29795915,1.053,development,2,DBAASP
dbaasp_20104,FLGALIPAIAGAIGGLIRK,ecoli,ATCC 25922,109.1440336,2.038,development,3,DBAASP
dbaasp_14630,RKWRIVVIRVRR,ecoli,ATCC 25922,1.99986187,0.301,development,5,DBAASP
dbaasp_13945,GIKRGIIKIIKR,ecoli,ATCC 25922,127.9381304,2.107,development,4,DBAASP
dbaasp_11887,WLNALKKVWQGIHEAIKLIWNWVQ,ecoli,ATCC 25922,15.99558029,1.204,development,1,DBAASP
dbaasp_12597,RIRIIIRIR,ecoli,ATCC 25922,3.999447498,0.602,development,1,DBAASP
dbAMP_16443,KFWKLLKKALRLWKKVL,ecoli,ATCC 25922,3.664375746,0.564,development,1,dbAMP
dbaasp_17662,GFFKRWKTFF,ecoli,ATCC 25922,15.99558029,1.204,development,5,DBAASP
dbaasp_19358,GWKDWLNKAKDFIKEKGPEILRAAANAAIN,ecoli,ATCC 25922,2.301441817,0.362,development,2,DBAASP
dbaasp_16056,WWWLRKIW,ecoli,ATCC 25922,6.194410751,0.792,development,2,DBAASP
dbaasp_12804,LKLMGIVKKVLGAL,ecoli,ATCC 25922,6.99841996,0.845,development,2,DBAASP
dbaasp_14240,GRWRWWWRWR,ecoli,ATCC 25922,7.99834255,0.903,development,4,DBAASP
dbaasp_15,DSHAKRHHGYKRKFHEKHHSHRGY,ecoli,ATCC 25922,132.4341535,2.122,development,4,DBAASP
dbaasp_9894,WRPGRWWRPGRWWRPGRW,ecoli,ATCC 25922,1.99986187,0.301,development,4,DBAASP
dbaasp_19372,RRIRIRPPRLPRPRPRPYFMPRP,ecoli,ATCC 25922,2.600159563,0.415,development,3,DBAASP
dbaasp_11256,KVLSKVHTLLKAVLAL,ecoli,ATCC 25922,1.99986187,0.301,development,3,DBAASP
dbaasp_14896,GLFDIIKKIAEAF,ecoli,ATCC 25922,44.25883724,1.646,development,3,DBAASP
dbaasp_10450,RLLRKFFRKLKKSV,ecoli,ATCC 25922,17.7827941,1.25,development,2,DBAASP
dbaasp_18261,KRIWQRIKDFLR,ecoli,ATCC 25922,1.599558029,0.204,development,1,DBAASP
dbAMP_19464,LRLKKRRWKYRFPP,ecoli,ATCC 25922,3.221068791,0.508,development,4,dbAMP
dbaasp_835,GIGGKILSGLKTALKGAAKELASTYLH,ecoli,ATCC 25922,0.335737614,-0.474,development,1,DBAASP
dbaasp_18611,SRWRWKS,ecoli,ATCC 25922,696.6265141,2.843,development,2,DBAASP
dbaasp_4658,FLALIGRVLSGIL,ecoli,ATCC 25922,39.99447498,1.602,development,3,DBAASP
dbaasp_17011,KLLKLLKKLLKLPK,ecoli,ATCC 25922,10,1,development,2,DBAASP
dbaasp_10288,FRRPFKWPRRFFKFF,ecoli,ATCC 25922,4.797334486,0.681,development,4,DBAASP
dbaasp_18171,FVQWASKALGRIL,ecoli,ATCC 25922,59.97910763,1.778,development,3,DBAASP
dbaasp_18747,KRFKKFFKKLKNSVKKRVKFFFRKPRVIGVTFPF,ecoli,ATCC 25922,0.928966387,-0.032,development,5,DBAASP
dbaasp_10252,FFPGIIKVAGAILPTAICAITKRC,ecoli,ATCC 25922,36.22429984,1.559,development,3,DBAASP
dbaasp_19950,WRWRWRWRWR,ecoli,ATCC 25922,3.999447498,0.602,development,4,DBAASP
dbaasp_5013,FALLGDFFRKSKEKIGKEFKRIVKRIKDFFRNLVPRTES,ecoli,ATCC 25922,1.056817509,0.024,development,1,DBAASP
dbaasp_8077,FRFRCRRRFCRFRF,ecoli,ATCC 25922,1,0,development,5,DBAASP
dbaasp_20250,KKIIKKIWKW,ecoli,ATCC 25922,7.99834255,0.903,development,1,DBAASP
dbaasp_18168,FLSKIWDGVKSLL,ecoli,ATCC 25922,50.0034535,1.699,development,2,DBAASP
dbaasp_19640,KFAKFAKKFAKFAKGGQQFFGLM,ecoli,ATCC 25922,3.069021988,0.487,development,5,DBAASP
dbaasp_14411,RQYMRQIEQALRYGYRISRR,ecoli,ATCC 25922,6.251726928,0.796,development,3,DBAASP
dbaasp_19861,FLPKVKKLLSELL,ecoli,ATCC 25922,31.9889511,1.505,development,2,DBAASP
dbaasp_3680,GLLDTIKNMALNAAKSAGVSVLNSLSCKLSKTC,ecoli,ATCC 25922,3.630780548,0.56,development,5,DBAASP
dbaasp_12676,RQIKIWFQNRRWGGQLGKKKHRRRPSKKKRHW,ecoli,ATCC 25922,7.99834255,0.903,development,2,DBAASP
dbaasp_9770,KWWRWRRWW,ecoli,ATCC 25922,8.184647881,0.913,development,3,DBAASP
dbaasp_9875,WGRAFRRGVRRLARGGRR,ecoli,ATCC 25922,14.65547841,1.166,development,5,DBAASP
dbaasp_16916,LFSIIWKLNRKLIKA,ecoli,ATCC 25922,63.97348355,1.806,development,5,DBAASP
dbaasp_15041,AGKRIVQRIKDFLRGAGKRIVQRIKDFLRG,ecoli,ATCC 25922,0.625172693,-0.204,development,2,DBAASP
dbaasp_17254,FLKWLKKLL,ecoli,ATCC 25922,6.839116473,0.835,development,1,DBAASP
dbaasp_3134,KRIKTLL,ecoli,ATCC 25922,71.44963261,1.854,development,4,DBAASP
dbaasp_260,RWRWRW,ecoli,ATCC 25922,4.864072057,0.687,development,5,DBAASP
dbaasp_3359,GIGKHVGKALKGLKGLLKGLGES,ecoli,ATCC 25922,1.99986187,0.301,development,4,DBAASP
dbaasp_17120,KRLFKRLFKYLRRF,ecoli,ATCC 25922,1.023292992,0.01,development,1,DBAASP
dbaasp_755,GIPCGESCVWIPCISAALGCSCKNKVCYRN,ecoli,ATCC 25922,500.034535,2.699,development,5,DBAASP
dbaasp_3136,GLLKLIKTLL,ecoli,ATCC 25922,1.828100216,0.262,development,3,DBAASP
dbaasp_13765,GLWRVIRKVASVIGGL,ecoli,ATCC 25922,2.344228815,0.37,development,1,DBAASP
dbaasp_17219,GFCWRVCASRNGLRVCYRRCN,ecoli,ATCC 25922,0.050003453,-1.301,development,2,DBAASP
dbaasp_11518,FLSLIPKIAGGIASLVKNL,ecoli,ATCC 25922,25.00345362,1.398,development,3,DBAASP
dbaasp_13015,RRLGLWLGLRR,ecoli,ATCC 25922,3.999447498,0.602,development,4,DBAASP
dbAMP_25010,FLKGIVGMLGKLL,ecoli,ATCC 25922,2.600159563,0.415,development,3,dbAMP
dbaasp_11810,GWLKKIGKKIERVGQHTRDATIQTIGVAQQAANVAATLK,ecoli,ATCC 25922,0.007413102,-2.13,development,5,DBAASP
dbaasp_13256,TRGRWKRFWRGAGRFFRRHKEKIIRAAVDIVLS,ecoli,ATCC 25922,0.576766463,-0.239,development,5,DBAASP
dbaasp_12705,LKPLLKPLLKPLLKPL,ecoli,ATCC 25922,15.99558029,1.204,development,3,DBAASP
dbaasp_9549,KKRLKKIFKKPMVIGVTIPF,ecoli,ATCC 25922,0.106169556,-0.974,development,2,DBAASP
dbaasp_11741,KWCFRVSYRGIAYRRCR,ecoli,ATCC 25922,0.453941617,-0.343,development,4,DBAASP
dbaasp_8873,GWWRRTVDKVRNAGRKVAGFASKACGALGH,ecoli,ATCC 25922,0.779830111,-0.108,development,4,DBAASP
dbaasp_1582,SIITMTKEAKLPQLWKQIACRLGNTC,ecoli,ATCC 25922,10.23292992,1.01,development,3,DBAASP
dbaasp_1465,FIGAIARLLSKIF,ecoli,ATCC 25922,55.97576015,1.748,development,1,DBAASP
dbaasp_15801,FLGAILKIGHALAKTVLPMVTNAFKPKQ,ecoli,ATCC 25922,7.99834255,0.903,development,2,DBAASP
dbaasp_3480,FWGKLWEGVKNAI,ecoli,ATCC 25922,25.00345362,1.398,development,5,DBAASP
DRAMP03876,RRWWWRWRRW,ecoli,ATCC 25922,14.99684836,1.176,development,3,DRAMP
dbaasp_6896,DDALHHLLHHLLHHL,ecoli,ATCC 25922,100,2,development,3,DBAASP
dbaasp_13014,KKIGIWIGIKK,ecoli,ATCC 25922,7.99834255,0.903,development,5,DBAASP
dbaasp_8651,RGRKVVRRKK,ecoli,ATCC 25922,5.997910763,0.778,development,3,DBAASP
dbaasp_6804,GIGKHVGKALKGLKGLLKGLGEC,ecoli,ATCC 25922,1,0,development,2,DBAASP
dbaasp_17285,RRGWARRLAAAYGRR,ecoli,ATCC 25922,18.11340093,1.258,development,2,DBAASP
dbAMP_16162,LKLKAIAALAKKKW,ecoli,ATCC 25922,1.279381304,0.107,development,1,dbAMP
dbAMP_02295,FPVTWPTKWWKS,ecoli,ATCC 25922,129.4195841,2.112,development,5,dbAMP
dbaasp_13029,AARRILRWIFR,ecoli,ATCC 25922,3.999447498,0.602,development,1,DBAASP
dbaasp_12947,WWKAAAKAAAKWW,ecoli,ATCC 25922,1.99986187,0.301,development,3,DBAASP
dbaasp_11525,FFRNLWKGAKAAFRAGHAAWRA,ecoli,ATCC 25922,2.483133105,0.395,development,4,DBAASP
dbaasp_1583,SIITGTKEAKLGQLGKQIACRLGNTC,ecoli,ATCC 25922,44.66835922,1.65,development,2,DBAASP
dbaasp_14101,FLPKILRKIVRAL,ecoli,ATCC 25922,24.21029047,1.384,development,5,DBAASP
dbaasp_3147,GLLKRIKWLL,ecoli,ATCC 25922,1.636816521,0.214,development,4,DBAASP
dbaasp_18817,RWLRLPGRWLRL,ecoli,ATCC 25922,3.097419299,0.491,development,3,DBAASP
dbAMP_19487,LRLKKWRWKYRVPP,ecoli,ATCC 25922,13.09181923,1.117,development,5,dbAMP
dbaasp_10634,WWWLRRRW,ecoli,ATCC 25922,6.194410751,0.792,development,2,DBAASP
dbaasp_16998,LKKLPKLSKKLLKL,ecoli,ATCC 25922,2.500345362,0.398,development,5,DBAASP
dbaasp_7734,GIGDILKNLAKAAGKAALHAVGESL,ecoli,ATCC 25922,19.0107828,1.279,development,3,DBAASP
dbaasp_7585,NGVQPKYRWWRWWRRWWW,ecoli,ATCC 25922,33.49654392,1.525,development,4,DBAASP
dbAMP_20713,WIKIWKPGIKKWIK,ecoli,ATCC 25922,63.97348355,1.806,development,2,dbAMP
dbaasp_1858,GIFSLIKTAAKFVGKNLLKQAGKAGVEHLACKANNQC,ecoli,ATCC 25922,3.243396173,0.511,development,2,DBAASP
dbaasp_14107,FRKKLKKLFKKLSPVIPLLKLG,ecoli,ATCC 25922,1.99986187,0.301,development,2,DBAASP
dbaasp_15607,GFLKKIGKKLEGAVQRTRDATIQTIAVAQAAANVAATAKQ,ecoli,ATCC 25922,1.940885878,0.288,development,3,DBAASP
dbaasp_20205,CGKKPGGWKCKL,ecoli,ATCC 25922,3.111716337,0.493,development,2,DBAASP
dbaasp_3682,SVLGTVKDLLIGAGKSAAQSVLTANSCKLSNSC,ecoli,ATCC 25922,3.664375746,0.564,development,4,DBAASP
dbaasp_12926,LLKAAAKAAAKLL,ecoli,ATCC 25922,1.99986187,0.301,development,4,DBAASP
dbaasp_10550,FKARRWQWRM,ecoli,ATCC 25922,34.19794425,1.534,development,5,DBAASP
dbaasp_19784,GRRRRSVQWCAGGRRWQWR,ecoli,ATCC 25922,3.999447498,0.602,development,4,DBAASP
dbaasp_8878,WGHKLRSSWNKVKHAVKKGAGYASGACRVLGH,ecoli,ATCC 25922,1.559552503,0.193,development,1,DBAASP
dbaasp_6070,GFKRIVQRIKDFLRNLV,ecoli,ATCC 25922,3.097419299,0.491,development,4,DBAASP
dbaasp_10717,WGRRWRIRIPRLPRPWPPRPKWPRSATINTDQ,ecoli,ATCC 25922,3.999447498,0.602,development,4,DBAASP
dbaasp_1589,GVITDALKGAAKTVAAELLRKAHCKLTNSC,ecoli,ATCC 25922,2.673006409,0.427,development,4,DBAASP
dbaasp_18169,FVQWASKFLGRIL,ecoli,ATCC 25922,27.9898132,1.447,development,1,DBAASP
dbaasp_16996,LKKLLKLLKPLLKL,ecoli,ATCC 25922,5.00034535,0.699,development,2,DBAASP
dbaasp_4626,FVRWFSKFLGRIL,ecoli,ATCC 25922,23.98832919,1.38,development,2,DBAASP
dbaasp_13880,WLSKTAKKLWLSKTAKKLWLSKTAKKL,ecoli,ATCC 25922,1.99986187,0.301,development,3,DBAASP
dbaasp_15887,RKKKMKKALQY,ecoli,ATCC 25922,100,2,development,5,DBAASP
dbaasp_19849,FLPIVAKELSGLL,ecoli,ATCC 25922,127.9381304,2.107,development,4,DBAASP
dbaasp_9924,KKYRYHLKPFCKK,ecoli,ATCC 25922,15.99558029,1.204,development,3,DBAASP
dbaasp_20004,RGLFKKLRRKIKKGFKK,ecoli,ATCC 25922,8.87156012,0.948,development,1,DBAASP
dbaasp_14199,RWRWWWRWRW,ecoli,ATCC 25922,3.999447498,0.602,development,3,DBAASP
dbaasp_18608,DPVTCLKSGAICHPVFCPRRYKQIGTCGLPGTKCCKKP,ecoli,ATCC 25922,15.59552503,1.193,development,5,DBAASP
dbaasp_6768,LRKLRKRLVRLASHLRKLRKRLL,ecoli,ATCC 25922,2.065380156,0.315,development,4,DBAASP
dbaasp_20143,LLKWLKKWLK,ecoli,ATCC 25922,2.992264637,0.476,development,5,DBAASP
dbaasp_17359,KAAKKAAKAAKKAA,ecoli,ATCC 25922,46.98941086,1.672,development,4,DBAASP
dbaasp_3649,VAIYGRDDRSDVCRQVQHNWLVCDTY,ecoli,ATCC 25922,64.5654229,1.81,development,3,DBAASP
dbaasp_11958,FFFFRRRR,ecoli,ATCC 25922,105.4386896,2.023,development,1,DBAASP
dbaasp_5383,KRFKKFFKKVKKSVKKRLKKIFKKPMVIGVTIPF,ecoli,ATCC 25922,0.060534087,-1.218,development,3,DBAASP
dbaasp_17223,GFCWNVCVYRNGVRICHRRCN,ecoli,ATCC 25922,0.196788629,-0.706,development,5,DBAASP
dbaasp_10175,WFKKLLKKALRLWKKVL,ecoli,ATCC 25922,7.328245331,0.865,development,2,DBAASP
dbaasp_15904,KRFWPLVPVAINTVALYKAIRRK,ecoli,ATCC 25922,1.99986187,0.301,development,5,DBAASP
dbaasp_7432,GLLKFIKKLL,ecoli,ATCC 25922,9.506047937,0.978,development,1,DBAASP
dbaasp_18124,KWKSFLKTKKSLKKTVKHTLLKAISS,ecoli,ATCC 25922,0.165958691,-0.78,development,2,DBAASP
dbaasp_16196,GLFNIIKKTIGKLR,ecoli,ATCC 25922,38.99419867,1.591,development,5,DBAASP
dbaasp_6463,GILDPIKAFAKAAG,ecoli,ATCC 25922,16.25548756,1.211,development,1,DBAASP
dbaasp_14663,GGRRWQWRMKKLGAPSITLPETGG,ecoli,ATCC 25922,31.9889511,1.505,development,3,DBAASP
dbaasp_16358,KRIVQRIKDFLRAGPRRWWRW,ecoli,ATCC 25922,0.71285303,-0.147,development,3,DBAASP
dbaasp_10065,KKSCHTGLDRSAGWVIPIGTLVKKAILPWDRK,ecoli,ATCC 25922,27.9898132,1.447,development,2,DBAASP
dbaasp_17873,ARRWWWRRA,ecoli,ATCC 25922,31.9889511,1.505,development,3,DBAASP
dbaasp_17931,GILDIKNKVSNLF,ecoli,ATCC 25922,62.51726928,1.796,development,3,DBAASP
dbaasp_18382,ARWGRWLRKIRRWRPK,ecoli,ATCC 25922,3.630780548,0.56,development,4,DBAASP
dbaasp_13007,KKLLGWGLLKK,ecoli,ATCC 25922,127.9381304,2.107,development,5,DBAASP
dbaasp_2025,RWCVYAYVRVRGVLVRYRRCW,ecoli,ATCC 25922,1.99986187,0.301,development,2,DBAASP
dbaasp_11747,KWAFRVCYRGICYRRAR,ecoli,ATCC 25922,0.114287833,-0.942,development,1,DBAASP
dbaasp_14658,FLQKIIGALGHLF,ecoli,ATCC 25922,12.5025903,1.097,development,1,DBAASP
dbaasp_2180,ALFSILRGLKKLGNMGQAFVNCKIYKKC,ecoli,ATCC 25922,7.99834255,0.903,development,1,DBAASP
dbaasp_13458,HFKIRKRFVKKLV,ecoli,ATCC 25922,3.715352291,0.57,development,2,DBAASP
dbaasp_11699,AWCFRVCYRGICYRRCR,ecoli,ATCC 25922,0.013677288,-1.864,development,5,DBAASP
dbAMP_19488,LRLKKLRWKYRVPP,ecoli,ATCC 25922,13.61444682,1.134,development,2,dbAMP
dbaasp_14877,ALFDIIKKIAESF,ecoli,ATCC 25922,86.69618758,1.938,development,5,DBAASP
dbaasp_18183,KKLIKKILKIL,ecoli,ATCC 25922,3.19889511,0.505,development,2,DBAASP
dbaasp_18388,PKRWGRWLRKIRRWRC,ecoli,ATCC 25922,3.580964371,0.554,development,3,DBAASP
dbAMP_25423,THVFRLKKWMQKVIDRFGG,ecoli,ATCC 25922,7.99834255,0.903,development,4,dbAMP
dbaasp_9468,FLSMIPHIVSGVAALAKHL,ecoli,ATCC 25922,25.00345362,1.398,development,4,DBAASP
dbaasp_18166,FLQGIWDTVGKWL,ecoli,ATCC 25922,100,2,development,5,DBAASP
dbAMP_25313,KARRWVRAI,ecoli,ATCC 25922,4.742419853,0.676,development,5,dbAMP
dbaasp_16913,FKLVWKLLKKLALKL,ecoli,ATCC 25922,63.97348355,1.806,development,4,DBAASP
dbaasp_11367,ANLDAIIKIQAWARMWAARRQYL,ecoli,ATCC 25922,0.984011106,-0.007,development,5,DBAASP
dbaasp_13947,GIRRGIIRIIKR,ecoli,ATCC 25922,63.97348355,1.806,development,3,DBAASP
dbaasp_15039,AKRIVQRIKDFLRGARLFDKIRQVIRKG,ecoli,ATCC 25922,0.625172693,-0.204,development,1,DBAASP
dbaasp_10244,FLQHIIGALGHLF,ecoli,ATCC 25922,25.00345362,1.398,development,5,DBAASP
dbAMP_25216,KRFKKFFKKVKKSV,ecoli,ATCC 25922,19.9986187,1.301,development,1,dbAMP
dbaasp_989,LMDTVKNVAKNLAGHMLDKLKCKITGC,ecoli,ATCC 25922,13.00169578,1.114,development,1,DBAASP
dbAMP_10201,QPFSLERW,ecoli,ATCC 25922,63.97348355,1.806,development,5,dbAMP
dbaasp_17859,ARWWWRA,ecoli,ATCC 25922,127.9381304,2.107,development,1,DBAASP
dbaasp_2210,GIMSLFKGVLKTAGKHVAGSLVDQLKCKITGGC,ecoli,ATCC 25922,2.999162519,0.477,development,5,DBAASP
dbaasp_18612,SQMGRMSSRRRFGK,ecoli,ATCC 25922,414.9540426,2.618,development,1,DBAASP
dbAMP_25359,FEVLPNFKHIQVKVFNHGEHIHHH,ecoli,ATCC 25922,50.0034535,1.699,development,2,dbAMP
dbaasp_17245,FLKQLKKLL,ecoli,ATCC 25922,57.54399373,1.76,development,3,DBAASP
dbaasp_4471,KVALGVAQNYLNPQQ,ecoli,ATCC 25922,155.9552503,2.193,development,3,DBAASP
dbaasp_17853,GRWWWRG,ecoli,ATCC 25922,127.9381304,2.107,development,5,DBAASP
dbaasp_12611,KKWRAWLKWLAKK,ecoli,ATCC 25922,1.798870915,0.255,development,5,DBAASP
dbaasp_3125,GLLKRIKTAL,ecoli,ATCC 25922,44.77133042,1.651,development,4,DBAASP
dbaasp_10716,RRRRRYRYWRRGLTIQGRPKSLPLNTGD,ecoli,ATCC 25922,3.999447498,0.602,development,5,DBAASP
dbaasp_4536,RKCNFLCKLKEKLRTVITSHIDKVLRPQG,ecoli,ATCC 25922,0.690239804,-0.161,development,4,DBAASP
dbAMP_20717,WKKIWKPGIKKWIKGGGQKRPRVRLSA,ecoli,ATCC 25922,3.999447498,0.602,development,4,dbAMP
dbaasp_10349,GFVALLKKLPLILKHLH,ecoli,ATCC 25922,3.749730022,0.574,development,1,DBAASP
dbaasp_5475,KVANTVQKLKRKAKNAVA,ecoli,ATCC 25922,50.0034535,1.699,development,5,DBAASP
dbaasp_16448,VKRWKKWKRKWKKWV,ecoli,ATCC 25922,1.599558029,0.204,development,5,DBAASP
dbaasp_14973,IRIRIRPIRIRIRP,ecoli,ATCC 25922,1.99986187,0.301,development,4,DBAASP
dbaasp_19995,KFDLKVTIK,ecoli,ATCC 25922,31.9889511,1.505,development,1,DBAASP
dbAMP_25230,GWGKFFKKFFKFGK,ecoli,ATCC 25922,2.999162519,0.477,development,2,dbAMP
dbaasp_16762,LNAKALLAVAKKIL,ecoli,ATCC 25922,7.99834255,0.903,development,5,DBAASP
dbaasp_19847,FLPIVEKLLSGLL,ecoli,ATCC 25922,63.97348355,1.806,development,1,DBAASP
dbaasp_4153,GIGGALLSVGKSALKGLTKGLAEHF,ecoli,ATCC 25922,41.59106105,1.619,development,1,DBAASP
dbaasp_19875,AKKLCRILKKLCRI,ecoli,ATCC 25922,9.594006315,0.982,development,2,DBAASP
dbAMP_19476,LRLLKRRWKYRVPP,ecoli,ATCC 25922,13.42764961,1.128,development,4,dbAMP
dbaasp_20150,WLLKWLKKL,ecoli,ATCC 25922,3.30369541,0.519,development,1,DBAASP
dbaasp_16997,LKKPLKLGKKLLKL,ecoli,ATCC 25922,5.00034535,0.699,development,2,DBAASP
dbaasp_14780,RKLFKRILKYL,ecoli,ATCC 25922,188.3649089,2.275,development,5,DBAASP
dbaasp_9493,IRIKIRIK,ecoli,ATCC 25922,15.27566058,1.184,development,4,DBAASP
dbaasp_3259,LKKLLKWLLKLLK,ecoli,ATCC 25922,123.5947433,2.092,development,2,DBAASP
dbaasp_15002,NLVGSLLGGILKK,ecoli,ATCC 25922,463.4469197,2.666,development,2,DBAASP
dbAMP_19493,LRLKKRWWKYRVPP,ecoli,ATCC 25922,6.546361741,0.816,development,1,dbAMP
dbaasp_17304,RRGWARRLAFAFAFGRR,ecoli,ATCC 25922,5.495408739,0.74,development,4,DBAASP
dbaasp_4621,FVPWFSKFLPRIL,ecoli,ATCC 25922,47.97334486,1.681,development,5,DBAASP
dbaasp_367,GRRYKKFRWKFKGRWFWFG,ecoli,ATCC 25922,6.109420249,0.786,development,4,DBAASP
dbaasp_4497,GLWDTIKQAGKKFFLNVLDKIRCKVAGGCRT,ecoli,ATCC 25922,4.634469197,0.666,development,4,DBAASP
dbaasp_14831,FYPRPYRPPYLPDPRPFPRPLPAFGHEFRRH,ecoli,ATCC 25922,31.9889511,1.505,development,4,DBAASP
dbaasp_16887,KIAKRIWKILRR,ecoli,ATCC 25922,10,1,development,2,DBAASP
dbaasp_13631,KWYKKWYKKWYK,ecoli,ATCC 25922,1.99986187,0.301,development,5,DBAASP
dbaasp_1020,FLGGLMKAFPALICAVTKKC,ecoli,ATCC 25922,3.999447498,0.602,development,3,DBAASP
dbAMP_24918,GMASKLAKVLPHVVKLIK,ecoli,ATCC 25922,5.997910763,0.778,development,1,dbAMP
dbaasp_3402,ILPILGNLLNGLL,ecoli,ATCC 25922,100,2,development,2,DBAASP
dbaasp_19943,WRQWRQWRQWRQ,ecoli,ATCC 25922,7.99834255,0.903,development,1,DBAASP
dbaasp_14984,VKRTKRGARRGLTKVLKKIFGSIVKKAVSKGV,ecoli,ATCC 25922,0.071614341,-1.145,development,1,DBAASP
dbaasp_12506,KKKFIYIVLALIKGAIIKKG,ecoli,ATCC 25922,31.9889511,1.505,development,5,DBAASP
dbaasp_1048,FWRIRIRR,ecoli,ATCC 25922,8.433347578,0.926,development,1,DBAASP
dbAMP_04774,ILSAIWSGIKGLL,ecoli,ATCC 25922,25.00345362,1.398,development,1,dbAMP
dbaasp_7026,PRPFPGRPKPIFRPR,ecoli,ATCC 25922,100,2,development,3,DBAASP
dbaasp_10354,FASGIAGMAGKLF,ecoli,ATCC 25922,199.986187,2.301,development,5,DBAASP
dbaasp_19293,GFLDTLKNIGKTVGKVALDVAKNVLT,ecoli,ATCC 25922,11.80320636,1.072,development,5,DBAASP
dbaasp_10698,FLGGLIKIVPAMICAVRKKC,ecoli,ATCC 25922,116.6809617,2.067,development,5,DBAASP
dbaasp_16143,FLPALAGIAGLLGKIF,ecoli,ATCC 25922,25.00345362,1.398,development,5,DBAASP
dbaasp_13027,AAKIILNPKFRCKAAFC,ecoli,ATCC 25922,31.9889511,1.505,development,4,DBAASP
dbaasp_15072,KRIAQRIKAFLR,ecoli,ATCC 25922,2.500345362,0.398,development,5,DBAASP
dbaasp_16483,GIKKWPHSPKKFGKKFVKKIMNS,ecoli,ATCC 25922,10,1,development,4,DBAASP
dbaasp_17052,LKKLLKALKKLLKLAG,ecoli,ATCC 25922,10,1,development,3,DBAASP
dbaasp_13816,GLLSLLSLAGKLL,ecoli,ATCC 25922,3.097419299,0.491,development,3,DBAASP
dbaasp_1585,ILGTILGLLKSL,ecoli,ATCC 25922,31.9889511,1.505,development,1,DBAASP
dbaasp_17247,FLKHLKKLL,ecoli,ATCC 25922,57.01642723,1.756,development,1,DBAASP
dbaasp_7668,KKLGEPSCNKLK,ecoli,ATCC 25922,22.5943577,1.354,development,1,DBAASP
dbaasp_9884,GKYGFYTHVFRLKKWIQKVIDQFGE,ecoli,ATCC 25922,2.500345362,0.398,development,3,DBAASP
dbaasp_19016,GWINKIQKKIEKIGNNILGGMAKAGPVVHKLAKGEFQ,ecoli,ATCC 25922,3.999447498,0.602,development,5,DBAASP
dbaasp_20100,FLGALIPAITG,ecoli,ATCC 25922,758.577575,2.88,development,2,DBAASP
dbaasp_7725,LAKRRVLTLLRQLRRVSPSS,ecoli,ATCC 25922,13.99587323,1.146,development,4,DBAASP
dbaasp_1021,GLFLDTLKGLAGKLLQGLKCIKAGCKP,ecoli,ATCC 25922,1.99986187,0.301,development,4,DBAASP
dbaasp_11227,GLWSTIKNVAAAAGKAALGAL,ecoli,ATCC 25922,12.70574105,1.104,development,4,DBAASP
dbaasp_17054,LKKLLKLLKKALKLAG,ecoli,ATCC 25922,5.00034535,0.699,development,3,DBAASP
dbaasp_10530,GIPCAESCVWIPCTVTALLGCSCKDKVCYLD,ecoli,ATCC 25922,159.9558029,2.204,development,1,DBAASP
dbaasp_17622,TIHWGCAMEAANLFGKILEEKKLSRLPPSHL,ecoli,ATCC 25922,25.00345362,1.398,development,1,DBAASP
dbaasp_7720,FINKAGKLQSQLRTTVVAAAAFLDAFQKVA,ecoli,ATCC 25922,39.99447498,1.602,development,5,DBAASP
dbaasp_11257,GAKLAKKQVRALGKFFSF,ecoli,ATCC 25922,15.99558029,1.204,development,5,DBAASP
dbaasp_15889,RWKKIGWVWKWI,ecoli,ATCC 25922,1.99986187,0.301,development,4,DBAASP
dbaasp_486,KKKKKKAAFAAFAAFAA,ecoli,ATCC 25922,15.99558029,1.204,development,1,DBAASP
dbaasp_19179,CLPSGDCPDFLGCGRAIWCI,ecoli,ATCC 25922,15.17050367,1.181,development,5,DBAASP
dbaasp_17067,FKRAVQRIKDFLR,ecoli,ATCC 25922,5.00034535,0.699,development,3,DBAASP
dbaasp_2028,ISRLAGLLRKGGEKIGEKLKKIGQKIKNFFQKLVPQPE,ecoli,ATCC 25922,1,0,development,3,DBAASP
dbaasp_13822,GLLSALKAAGKLL,ecoli,ATCC 25922,12.5025903,1.097,development,3,DBAASP
dbaasp_20148,KWLKKLLKWL,ecoli,ATCC 25922,5.984115951,0.777,development,3,DBAASP
dbAMP_17004,WKKLWKPGLKKWLK,ecoli,ATCC 25922,7.99834255,0.903,development,5,dbAMP
dbaasp_12520,GGHGRRWKIVVIRWRR,ecoli,ATCC 25922,1,0,development,3,DBAASP
dbaasp_10906,FLPIVAKLLSGLL,ecoli,ATCC 25922,31.9889511,1.505,development,4,DBAASP
dbaasp_3738,DANVENGEDAEDLTDKFIGLMG,ecoli,ATCC 25922,85.70378452,1.933,development,1,DBAASP
dbaasp_10340,KRFKKFFKKLKNSVKKRAKKFFKK,ecoli,ATCC 25922,0.977237221,-0.01,development,5,DBAASP
dbaasp_17004,KPLKLLKKLLKLLK,ecoli,ATCC 25922,5.00034535,0.699,development,3,DBAASP
dbaasp_1646,ILPLVGNLLNDLL,ecoli,ATCC 25922,100,2,development,4,DBAASP
dbaasp_15046,CGGKRIVQRIKDFLRGAGGKRIVQRIKDFLRG,ecoli,ATCC 25922,0.625172693,-0.204,development,5,DBAASP
dbaasp_17532,WKKLFKKILKYL,ecoli,ATCC 25922,0.755092228,-0.122,development,4,DBAASP
dbaasp_3468,KLLKKLLKWLK,ecoli,ATCC 25922,1.435489433,0.157,development,2,DBAASP
dbaasp_12454,RWWWRR,ecoli,ATCC 25922,24.32204009,1.386,development,2,DBAASP
dbaasp_13846,GLSLLLKLGLKLL,ecoli,ATCC 25922,25.00345362,1.398,development,5,DBAASP
dbaasp_3470,LKKLLKKLLKW,ecoli,ATCC 25922,2.870780582,0.458,development,4,DBAASP
DRAMP03875,RRWQWRMKKL,ecoli,ATCC 25922,11.24604974,1.051,development,5,DRAMP
dbaasp_13692,WKIKWKIKWKIK,ecoli,ATCC 25922,1.99986187,0.301,development,4,DBAASP
dbaasp_4333,VKRFKKFFRKLKKSVKKL,ecoli,ATCC 25922,13.96368361,1.145,development,4,DBAASP
dbaasp_20011,LGLFKKLLRLIKKGFKL,ecoli,ATCC 25922,4.698941086,0.672,development,1,DBAASP
dbaasp_1026,FVQWFSKFLGRIL,ecoli,ATCC 25922,3.999447498,0.602,development,4,DBAASP
dbaasp_5108,GRLRNLIEKAGQNIRGKIQGIGRRIKDILKNLQPRPQV,ecoli,ATCC 25922,46.23810214,1.665,development,5,DBAASP
dbaasp_8709,GTVRRFPWWWPFLRR,ecoli,ATCC 25922,7.99834255,0.903,development,2,DBAASP
dbaasp_1432,KRFHSVGSLIQRHQQMIRDKSEATRHGIRIITRPKLLLAS,ecoli,ATCC 25922,32.21068791,1.508,development,2,DBAASP
dbaasp_12604,RFFRRFRRFFR,ecoli,ATCC 25922,1.99986187,0.301,development,3,DBAASP
dbaasp_19634,KFAKFAKKFAKFAKKFAKFAK,ecoli,ATCC 25922,3.250872974,0.512,development,3,DBAASP
dbaasp_17240,FLKNLKKLL,ecoli,ATCC 25922,116.4126029,2.066,development,3,DBAASP
dbaasp_16783,LNLKKLLAVAKKI,ecoli,ATCC 25922,15.99558029,1.204,development,3,DBAASP
dbaasp_18743,GRLIDKIARKLVKKIQRFARKFF,ecoli,ATCC 25922,5.00034535,0.699,development,3,DBAASP
dbaasp_16593,GKHKNKGKKNGKHNGWKWWW,ecoli,ATCC 25922,3.213660539,0.507,development,3,DBAASP
dbaasp_2208,FLPILGKLLSGIL,ecoli,ATCC 25922,100,2,development,5,DBAASP
dbaasp_14269,VRRFPWAAPFLRR,ecoli,ATCC 25922,63.97348355,1.806,development,4,DBAASP
dbaasp_10488,FFGWLIKGAIHAPKAIHPLIHRRRH,ecoli,ATCC 25922,3.999447498,0.602,development,4,DBAASP
dbaasp_15891,RLWKIGKVLKWI,ecoli,ATCC 25922,1.99986187,0.301,development,1,DBAASP
dbaasp_9494,INLKILARLAKKIL,ecoli,ATCC 25922,12.5025903,1.097,development,3,DBAASP
dbaasp_1845,LGGIVSAVKKIVDFLG,ecoli,ATCC 25922,40.08667176,1.603,development,2,DBAASP
dbaasp_8625,GLMKRIKTML,ecoli,ATCC 25922,199.986187,2.301,development,5,DBAASP
dbaasp_4662,FLPLIGAVLSGIL,ecoli,ATCC 25922,39.99447498,1.602,development,5,DBAASP
dbaasp_16761,LALKALLAVAKKIL,ecoli,ATCC 25922,3.999447498,0.602,development,1,DBAASP
dbaasp_14043,GIVKKIVKKIVKKI,ecoli,ATCC 25922,13.99587323,1.146,development,4,DBAASP
dbaasp_19674,GYCFTACYLRNGRRICYRRCN,ecoli,ATCC 25922,0.250034536,-0.602,development,4,DBAASP
dbaasp_13084,GLRKRLRKFRNKIKEMLKKIGQKIQGLLPKLAPRTDY,ecoli,ATCC 25922,3.622429984,0.559,development,1,DBAASP
dbaasp_1045,FWRIRKWR,ecoli,ATCC 25922,26.00159563,1.415,development,2,DBAASP
dbaasp_14315,SLRSSIKDMAAAAGRAALNAVNGIVNP,ecoli,ATCC 25922,96.16122784,1.983,development,5,DBAASP
dbAMP_19119,RRVHVHVPGVHVHVRR,ecoli,ATCC 25922,7.99834255,0.903,development,4,dbAMP
dbaasp_3710,QVFTLIKGATQLIRKTLGEQ,ecoli,ATCC 25922,1.794733627,0.254,development,2,DBAASP
dbaasp_9634,LKWLKWG,ecoli,ATCC 25922,127.9381304,2.107,development,5,DBAASP
dbaasp_12832,INWLAIAKKVAGML,ecoli,ATCC 25922,2.648500139,0.423,development,4,DBAASP
dbaasp_2198,GLFGKILGVGKKVLCGLSGMC,ecoli,ATCC 25922,2.999162519,0.477,development,3,DBAASP
dbaasp_12717,LRPLLRPLLRPLLRPL,ecoli,ATCC 25922,7.99834255,0.903,development,3,DBAASP
dbAMP_11947,VTQPLAPVHNPISV,ecoli,ATCC 25922,171.7908387,2.235,development,3,dbAMP
dbaasp_16802,GLFDIVKKVVKLLK,ecoli,ATCC 25922,19.9986187,1.301,development,5,DBAASP
dbaasp_12595,RFRFFFRFR,ecoli,ATCC 25922,1.99986187,0.301,development,1,DBAASP
dbaasp_8432,FLPGLECVSGKIVPTVFCAITRIC,ecoli,ATCC 25922,0.981747943,-0.008,development,4,DBAASP
dbAMP_19455,LRLKKRRFKYRVPP,ecoli,ATCC 25922,13.58313447,1.133,development,5,dbAMP
dbaasp_19128,FKFLARTGKFL,ecoli,ATCC 25922,48.86523593,1.689,development,3,DBAASP
dbaasp_17625,RQIWRWWQW,ecoli,ATCC 25922,50.0034535,1.699,development,5,DBAASP
dbaasp_3776,GVSKILHSAGKFGKAFLGEIMKS,ecoli,ATCC 25922,50.0034535,1.699,development,3,DBAASP
dbaasp_3765,GIGKFLHSAGKFGKAFLGEVMKS,ecoli,ATCC 25922,50.0034535,1.699,development,4,DBAASP
dbaasp_7271,GVVDILKGAAKAIAGHLASKVMNKL,ecoli,ATCC 25922,3.118889584,0.494,development,4,DBAASP
dbaasp_894,AKKVFKRLEKLFSKIWNWK,ecoli,ATCC 25922,1.99986187,0.301,development,3,DBAASP
dbaasp_8921,LRVRLASHLRKLRKRLLR,ecoli,ATCC 25922,6.251726928,0.796,development,3,DBAASP
dbaasp_16470,IIKKFLHSIWKFGKAFVGEIMNI,ecoli,ATCC 25922,1.99986187,0.301,development,1,DBAASP
dbaasp_11370,KNVNSIVKIQAFFRARKAQDDYR,ecoli,ATCC 25922,2.978516429,0.474,development,5,DBAASP
dbaasp_10063,KKSAGWVIPIGTLVK,ecoli,ATCC 25922,125.025903,2.097,development,1,DBAASP
dbaasp_11301,GIGRFLHSARRFGRAFVGEIMNS,ecoli,ATCC 25922,7.99834255,0.903,development,1,DBAASP
dbaasp_14732,GWWRRTVAAVRK,ecoli,ATCC 25922,6.295061829,0.799,development,1,DBAASP
dbaasp_19876,LAKLCRILKKLCRI,ecoli,ATCC 25922,4.841723676,0.685,development,4,DBAASP
dbaasp_13763,GLFEVIKKVASVIGGL,ecoli,ATCC 25922,19.86094917,1.298,development,5,DBAASP
dbaasp_12714,IRPIIRPIIRPIIRPIIRPIIRPI,ecoli,ATCC 25922,1.99986187,0.301,development,5,DBAASP
dbaasp_6104,MLSLIFLHRLKSMRKRLDRKLRLWHRKNYP,ecoli,ATCC 25922,10.28016298,1.012,development,1,DBAASP
dbaasp_19355,ATPKMEQFLQKLMKRMARLKASAV,ecoli,ATCC 25922,9.057326009,0.957,development,4,DBAASP
dbaasp_4575,IWRIFRRIFRIF,ecoli,ATCC 25922,3.999447498,0.602,development,1,DBAASP
dbaasp_4663,GRRRRSVQWCA,ecoli,ATCC 25922,18.19700859,1.26,development,1,DBAASP
dbaasp_10286,FRRFFKWPRRFFKFF,ecoli,ATCC 25922,4.497798549,0.653,development,4,DBAASP
dbaasp_12430,WKLLSKAQEKFGKNKSRC,ecoli,ATCC 25922,116.1448614,2.065,development,5,DBAASP
dbaasp_14784,KKLFRRILKYL,ecoli,ATCC 25922,23.60478233,1.373,development,2,DBAASP
dbAMP_24901,PGKYGFYTHVFRLKKWIQKVI,ecoli,ATCC 25922,23.01441817,1.362,development,3,dbAMP
dbaasp_2403,GLKEIFKAGLGSLVKGIAAHVAN,ecoli,ATCC 25922,25.00345362,1.398,development,5,DBAASP
dbaasp_19845,FLPEVAKLLSGLL,ecoli,ATCC 25922,63.97348355,1.806,development,5,DBAASP
dbaasp_17466,SHHRPRLFHRHRH,ecoli,ATCC 25922,18.23895702,1.261,development,1,DBAASP
dbaasp_11756,KWCARVCARGACYRRCR,ecoli,ATCC 25922,3.917418771,0.593,development,5,DBAASP
dbaasp_6770,CLRKLRKRLLC,ecoli,ATCC 25922,17.33803998,1.239,development,5,DBAASP
dbaasp_17621,EAANLGGKILEEKKLSRLPPSHL,ecoli,ATCC 25922,199.986187,2.301,development,2,DBAASP
dbaasp_10391,KKRYKKKYKAYKPYKKKKKF,ecoli,ATCC 25922,12.5025903,1.097,development,5,DBAASP
dbaasp_18654,KAIHRLIRRRRR,ecoli,ATCC 25922,157.0362804,2.196,development,3,DBAASP
dbaasp_14723,GWWRRTVAKVRK,ecoli,ATCC 25922,3.097419299,0.491,development,1,DBAASP
dbAMP_21498,LLLLLKKKKKKLLLL,ecoli,ATCC 25922,55.97576015,1.748,development,2,dbAMP
dbaasp_20273,GGHGVRRFPWWWPFLRRGGC,ecoli,ATCC 25922,15.99558029,1.204,development,5,DBAASP
dbaasp_18650,RLLRWWWRLLR,ecoli,ATCC 25922,3.999447498,0.602,development,1,DBAASP
dbaasp_20142,LKWLLKWLKK,ecoli,ATCC 25922,5.984115951,0.777,development,1,DBAASP
dbaasp_4329,VKRFKKFFRKLKKSVK,ecoli,ATCC 25922,1.9498446,0.29,development,4,DBAASP
dbaasp_14715,ATAILRKATRRLVQLI,ecoli,ATCC 25922,25.00345362,1.398,development,3,DBAASP
dbaasp_15877,MKKALQYIKLLKE,ecoli,ATCC 25922,100,2,development,1,DBAASP
dbaasp_11540,GFGCPLNERECHSHCQSIGRKFGYCGGTLRLTCICGKE,ecoli,ATCC 25922,0.059979108,-1.222,development,5,DBAASP
dbaasp_19573,KIIKKIIKIIKKIIK,ecoli,ATCC 25922,3.097419299,0.491,development,2,DBAASP
dbaasp_1804,GILDSFKGVAKGVAKDLAGKLLDKLKCKITGC,ecoli,ATCC 25922,3.999447498,0.602,development,5,DBAASP
dbaasp_11394,YKARRWAWRMK,ecoli,ATCC 25922,32.5836701,1.513,development,3,DBAASP
dbaasp_14625,FFGALFKLATKIIPSLFR,ecoli,ATCC 25922,12.10598134,1.083,development,2,DBAASP
dbaasp_693,KIGAKIKIGAKIKIGAKI,ecoli,ATCC 25922,4.365158322,0.64,development,3,DBAASP
dbaasp_8507,RRIRPRPPRLPRPRPRC,ecoli,ATCC 25922,0.500034535,-0.301,development,4,DBAASP
dbaasp_8039,FLPMLAGLAANFLPKIICKITKKC,ecoli,ATCC 25922,100,2,development,1,DBAASP
dbaasp_13761,GLFDVIRKVASVIGGL,ecoli,ATCC 25922,19.6788629,1.294,development,3,DBAASP
dbaasp_9969,PHVALKPGKLKFIIPSPKRPVKLLSG,ecoli,ATCC 25922,10,1,development,4,DBAASP
dbaasp_5887,FLKLLKKLL,ecoli,ATCC 25922,29.17427014,1.465,development,4,DBAASP
dbaasp_15101,FAKKFAKKFKKFAKKFAKFAFAF,ecoli,ATCC 25922,1.452111618,0.162,development,1,DBAASP
dbaasp_11784,GLRKRLRKFRNKIKECLKKIGQKIQGLLPKLAPRTDY,ecoli,ATCC 25922,1.823895702,0.261,development,4,DBAASP
dbaasp_19882,LKKLCRIAKKLCRI,ecoli,ATCC 25922,9.594006315,0.982,development,2,DBAASP
dbaasp_17469,NHHRRHHRCR,ecoli,ATCC 25922,23.01441817,1.362,development,4,DBAASP
dbaasp_8365,HIQKEDVPSERYLGYLEQLLRLK,ecoli,ATCC 25922,587.4893525,2.769,development,1,DBAASP
dbaasp_16630,GLLDIIKTTGKDFAVKILDNLKCKLAGGCPP,ecoli,ATCC 25922,10,1,development,4,DBAASP
dbAMP_19513,LRLKKRRWKYRVPG,ecoli,ATCC 25922,6.792036326,0.832,development,1,dbAMP
dbaasp_7227,FLFKLIPKAIKKLISKFK,ecoli,ATCC 25922,7.498942093,0.875,development,5,DBAASP
dbAMP_05112,KKCGFFCKLKNKLKSTGSRSNIAAGTHGGTFRV,ecoli,ATCC 25922,10,1,development,1,dbAMP
dbaasp_5053,KILGVSKKIMRRISKDILTGKK,ecoli,ATCC 25922,12.82330583,1.108,development,2,DBAASP
dbaasp_13452,KFRKFGKQVWVRL,ecoli,ATCC 25922,1.866379691,0.271,development,4,DBAASP
dbaasp_19526,AKVVKKLTKGVAKLLK,ecoli,ATCC 25922,31.9889511,1.505,development,1,DBAASP
dbaasp_10650,LVKLVAGIKKFLKWK,ecoli,ATCC 25922,72.94575103,1.863,development,3,DBAASP
dbaasp_5864,PKVTITIQGSARF,ecoli,ATCC 25922,31.9889511,1.505,development,1,DBAASP
dbaasp_9585,IRIRIRIR,ecoli,ATCC 25922,7.244359601,0.86,development,4,DBAASP
dbaasp_11891,LNALKKVFQGIHEAIKLI,ecoli,ATCC 25922,3.999447498,0.602,development,2,DBAASP
dbaasp_1787,GIGKFLHSAKKFAKAFVAEIMNS,ecoli,ATCC 25922,2.018366364,0.305,development,2,DBAASP
dbAMP_02293,FPVTWPTKWRKG,ecoli,ATCC 25922,134.5860354,2.129,development,3,dbAMP
dbaasp_18326,GIRRGIIKIIKRIKRI,ecoli,ATCC 25922,63.97348355,1.806,development,2,DBAASP
dbaasp_7588,RWWRWWRRWW,ecoli,ATCC 25922,52.2396189,1.718,development,5,DBAASP
dbAMP_04036,GRSPRRRTPSPRRRRSQSPRRRRS,ecoli,ATCC 25922,3.999447498,0.602,development,4,dbAMP
dbaasp_17075,FKRQVQRIKDFLR,ecoli,ATCC 25922,10,1,development,3,DBAASP
dbaasp_19881,LKKLCRALKKLCRI,ecoli,ATCC 25922,19.18668741,1.283,development,1,DBAASP
dbaasp_7682,KQWRIRVCVIRA,ecoli,ATCC 25922,21.18361135,1.326,development,5,DBAASP
dbaasp_10341,KRFKKFFKKLKKFVKKGFKKFAKV,ecoli,ATCC 25922,0.995405417,-0.002,development,3,DBAASP
dbAMP_25411,WKWKWKWKPGKWKWKWKW,ecoli,ATCC 25922,127.9381304,2.107,development,5,dbAMP
dbAMP_16163,KKWRKLLKWLAKK,ecoli,ATCC 25922,2.344228815,0.37,development,3,dbAMP
dbaasp_5480,KGIVGMLGKLF,ecoli,ATCC 25922,29.99162519,1.477,development,1,DBAASP
dbaasp_16586,DILIIVGGKQRKKRRR,ecoli,ATCC 25922,3.999447498,0.602,development,2,DBAASP
dbaasp_17070,FKRIVQRIKDALR,ecoli,ATCC 25922,5.00034535,0.699,development,4,DBAASP
dbAMP_19403,YRLKKRRWKYRVPP,ecoli,ATCC 25922,6.486344335,0.812,development,2,dbAMP
dbaasp_11084,KRFKKFFRKLKKSVKKRAKEFFKKPRVIGVSIPF,ecoli,ATCC 25922,1.914255925,0.282,development,5,DBAASP
dbaasp_1460,FLPVILPVIGKLLSGIL,ecoli,ATCC 25922,50.0034535,1.699,development,3,DBAASP
dbaasp_5729,PPCRGIFCRRVGSSSAIARPGKTLSTFITV,ecoli,ATCC 25922,2.517676928,0.401,development,4,DBAASP
dbaasp_1616,GFFDRIKALTKNVTLELLNTITGKLPVTPP,ecoli,ATCC 25922,7.6207901,0.882,development,5,DBAASP
dbaasp_1459,GLLDAIKDTAQNLFANVLDKIKCKFTKC,ecoli,ATCC 25922,50.0034535,1.699,development,4,DBAASP
dbaasp_17674,KWWKRWKKWW,ecoli,ATCC 25922,15.99558029,1.204,development,1,DBAASP
dbaasp_17439,GRRGGR,ecoli,ATCC 25922,50.0034535,1.699,development,1,DBAASP
dbaasp_20024,LAKKLAKYLKKAL,ecoli,ATCC 25922,43.55118737,1.639,development,1,DBAASP
dbaasp_17062,LKKLLKLDKKLLKLAG,ecoli,ATCC 25922,10,1,development,3,DBAASP
dbaasp_16349,IDWKKVDWKKVSKKTCKVMLKACKFL,ecoli,ATCC 25922,6.397348355,0.806,development,3,DBAASP
dbaasp_12601,RRLRLLLRLRR,ecoli,ATCC 25922,1.99986187,0.301,development,3,DBAASP
dbAMP_19477,LRLHKRRWKYRVPP,ecoli,ATCC 25922,6.622165037,0.821,development,5,dbAMP
dbAMP_19509,LRLKKRRWHYRVPP,ecoli,ATCC 25922,6.622165037,0.821,development,2,dbAMP
dbaasp_19609,IKIKRRRFKIKI,ecoli,ATCC 25922,63.97348355,1.806,development,4,DBAASP
dbaasp_6007,GIGSILGVIAKGLPTLISWIKNR,ecoli,ATCC 25922,19.9986187,1.301,development,2,DBAASP
dbaasp_3687,SFLSTFKELAINAAKNAGQSILHTLSCKLDKTC,ecoli,ATCC 25922,5.767664634,0.761,development,5,DBAASP
dbaasp_17002,LKKLLKLLKKPLKL,ecoli,ATCC 25922,19.9986187,1.301,development,1,DBAASP
dbAMP_25339,GFFGKRKEYFKKFGASFKRRFANLKKRL,ecoli,ATCC 25922,29.10717118,1.464,development,3,dbAMP
dbaasp_17083,FKRIVQRIKDSLR,ecoli,ATCC 25922,10,1,development,2,DBAASP
dbaasp_2859,KKWLKKWLK,ecoli,ATCC 25922,32.28494122,1.509,development,5,DBAASP
dbaasp_13726,KWAVRIIRKFIKGFIS,ecoli,ATCC 25922,1.99986187,0.301,development,4,DBAASP
dbaasp_20152,LLKWLKKWL,ecoli,ATCC 25922,3.30369541,0.519,development,4,DBAASP
dbaasp_18393,KRIGWRCWRRWPRLRK,ecoli,ATCC 25922,3.580964371,0.554,development,4,DBAASP
dbaasp_12531,RFRPPIRRPPIRPPFYPPFRPPIRP,ecoli,ATCC 25922,1,0,development,5,DBAASP
dbaasp_7109,VQLRIRVAVIRA,ecoli,ATCC 25922,23.28091258,1.367,development,2,DBAASP
dbaasp_10462,ILGKAWEGAKSLF,ecoli,ATCC 25922,71.28530301,1.853,development,1,DBAASP
dbaasp_13093,GLRKRLRKFRNKIKEKLKKILQKIQGLLPKLAPRTDY,ecoli,ATCC 25922,3.580964371,0.554,development,3,DBAASP
dbaasp_5717,GLLSNVAGLLKQFAKGGVNAVLNPK,ecoli,ATCC 25922,7.99834255,0.903,development,3,DBAASP
dbaasp_13127,KWKKWWKWF,ecoli,ATCC 25922,2.844461107,0.454,development,5,DBAASP
dbaasp_13077,GLRKRLRKFLNKIKEKLKKIGQKIQGLLPKLAPRTDY,ecoli,ATCC 25922,7.311390835,0.864,development,2,DBAASP
dbaasp_13912,RFRRLRWKTRWRLKKICYCRRRFCVCV,ecoli,ATCC 25922,1.006931669,0.003,development,4,DBAASP
dbaasp_16991,WWRWWKWW,ecoli,ATCC 25922,5.701642723,0.756,development,2,DBAASP
dbaasp_12135,HGVSGHGQHGTHG,ecoli,ATCC 25922,3.19889511,0.505,development,5,DBAASP
dbAMP_25341,FPLTWPTKWWKG,ecoli,ATCC 25922,130.9181923,2.117,development,5,dbAMP
dbaasp_4568,WKSYVRRWR,ecoli,ATCC 25922,63.97348355,1.806,development,2,DBAASP
dbaasp_18330,GIKRGIIKRIKRIKRK,ecoli,ATCC 25922,127.9381304,2.107,development,5,DBAASP
dbaasp_14206,GIKSALLGIAKNVGMSLLQKAQCKLSGSC,ecoli,ATCC 25922,7.99834255,0.903,development,3,DBAASP
dbAMP_24895,GGVWNLNVNPGTTGARVWARTK,ecoli,ATCC 25922,4.275628862,0.631,development,3,dbAMP
DRAMP03879,RRFFFRFRRF,ecoli,ATCC 25922,22.49054606,1.352,development,3,DRAMP
dbaasp_13017,KKLGLCLGLKK,ecoli,ATCC 25922,31.9889511,1.505,development,4,DBAASP
dbaasp_16778,LNLKALLAVAKKI,ecoli,ATCC 25922,15.99558029,1.204,development,2,DBAASP
dbaasp_941,FLWWLFKWAWK,ecoli,ATCC 25922,125.6029964,2.099,development,4,DBAASP
dbaasp_19250,IAGAILPLALGALKNLIK,ecoli,ATCC 25922,15.99558029,1.204,development,4,DBAASP
dbaasp_12444,GCYLLHPGKICY,ecoli,ATCC 25922,63.97348355,1.806,development,1,DBAASP
dbaasp_2506,GFMKYIGPLIPHKVKAISDLI,ecoli,ATCC 25922,100,2,development,3,DBAASP
dbaasp_5352,MGIIAGIIKVIKSLIEQFTGK,ecoli,ATCC 25922,127.9381304,2.107,development,4,DBAASP
dbaasp_19647,INWLRLGRMVIDAL,ecoli,ATCC 25922,7.99834255,0.903,development,4,DBAASP
dbaasp_353,CWKWKWKWGSGWKWKWKWC,ecoli,ATCC 25922,0.114024979,-0.943,development,3,DBAASP
dbaasp_20023,LIKKLKEYLKKLI,ecoli,ATCC 25922,79.43282347,1.9,development,3,DBAASP
dbaasp_20266,KKIIKKIIKKIWKW,ecoli,ATCC 25922,3.999447498,0.602,development,3,DBAASP
dbaasp_3252,LLKWLLK,ecoli,ATCC 25922,111.6863248,2.048,development,1,DBAASP
dbaasp_7818,RFRRLRWRTRWRLRRI,ecoli,ATCC 25922,3.999447498,0.602,development,1,DBAASP
dbaasp_6008,GLLNVIKDTAQNLFAAALDKLKCKVTKCN,ecoli,ATCC 25922,79.9834255,1.903,development,3,DBAASP
dbaasp_16443,GVVDILKGAAKDLAGHLASKV,ecoli,ATCC 25922,61.09420249,1.786,development,1,DBAASP
dbaasp_5447,GAGALAKFLAKKVAKTVAKQAAKQGAKYVVNKQME,ecoli,ATCC 25922,10,1,development,3,DBAASP
dbaasp_8022,AGYLLPKINLKPLAKLPKKIL,ecoli,ATCC 25922,55.33501092,1.743,development,4,DBAASP
dbAMP_17516,GLRKRLRKFRNKIKEKLKKIGQKNQGLLPKLAPRTDY,ecoli,ATCC 25922,3.622429984,0.559,development,5,dbAMP
dbaasp_10217,FFPLVLGALGSILPKVFGK,ecoli,ATCC 25922,149.9684836,2.176,development,5,DBAASP
dbaasp_2192,SRWPSPGRPRPFPGRPKPIFRPRPCNCYAPPCPCDRW,ecoli,ATCC 25922,12.5025903,1.097,development,2,DBAASP
dbaasp_12905,AKKKLSRWWLRWWVK,ecoli,ATCC 25922,97.49896377,1.989,development,3,DBAASP
dbaasp_10604,GCRRLCYRQRCVTYCRGR,ecoli,ATCC 25922,1,0,development,1,DBAASP
dbaasp_6937,GLNALKKVFQGIHEAIKLFNNHVQ,ecoli,ATCC 25922,10,1,development,3,DBAASP
dbaasp_10606,GCRALCYKQRCVTYCRGA,ecoli,ATCC 25922,7.99834255,0.903,development,1,DBAASP
dbaasp_19466,FIGRIARLLRKIF,ecoli,ATCC 25922,12.61827535,1.101,development,1,DBAASP
dbaasp_10425,KWKSFLKTFKSAKKTKLHTALKAISS,ecoli,ATCC 25922,10.81433951,1.034,development,4,DBAASP
dbaasp_11303,VKKFAWWWAFLKK,ecoli,ATCC 25922,1.99986187,0.301,development,5,DBAASP
dbaasp_13684,WRFRWKTRWRFK,ecoli,ATCC 25922,3.999447498,0.602,development,1,DBAASP
dbaasp_5471,IKSIASKVANTVQKLKRKAKNAVA,ecoli,ATCC 25922,12.5025903,1.097,development,2,DBAASP
dbaasp_484,RRRRRRAAFAAWAAFAA,ecoli,ATCC 25922,3.999447498,0.602,development,2,DBAASP
dbaasp_3120,GLLARIKTLL,ecoli,ATCC 25922,14.82518085,1.171,development,1,DBAASP
dbaasp_1807,NFLGTLINLAKKIM,ecoli,ATCC 25922,149.9684836,2.176,development,4,DBAASP
dbaasp_11977,RRRRRRRWWWWW,ecoli,ATCC 25922,31.6227766,1.5,development,5,DBAASP
dbaasp_9871,WGEAFSAGVHRLANGGNG,ecoli,ATCC 25922,71.12135137,1.852,development,4,DBAASP
dbAMP_28303,LWKTLLKKVLKAAA,ecoli,ATCC 25922,1.99986187,0.301,development,1,dbAMP
dbaasp_8248,GMASKAGAIAGKIAKVAWKALGGC,ecoli,ATCC 25922,6.295061829,0.799,development,3,DBAASP
dbaasp_10082,LLKKLLKKLLKKC,ecoli,ATCC 25922,96.6050879,1.985,development,4,DBAASP
dbaasp_7282,AVVDILKGAAKDIAGHLASKVMNKL,ecoli,ATCC 25922,100,2,development,3,DBAASP
dbaasp_12600,WWRRWRRWW,ecoli,ATCC 25922,3.999447498,0.602,development,2,DBAASP
dbaasp_7675,VQWRIRVCVIRA,ecoli,ATCC 25922,21.62718524,1.335,development,4,DBAASP
dbaasp_5351,GLFDIIKKIAESFKFSEAIKKIIDFLG,ecoli,ATCC 25922,127.9381304,2.107,development,2,DBAASP
dbaasp_7280,GAVDILKGAAKDIAGHLASKVMNKL,ecoli,ATCC 25922,100,2,development,3,DBAASP
dbaasp_1074,KNLRRIIRKIIHIIKKYG,ecoli,ATCC 25922,5.701642723,0.756,development,1,DBAASP
dbaasp_10652,KKLIKVFAKGFKKAKKLFKGIG,ecoli,ATCC 25922,3.250872974,0.512,development,3,DBAASP
dbaasp_16940,FLPIVGKLLSGLSGLL,ecoli,ATCC 25922,1.866379691,0.271,development,2,DBAASP
dbaasp_13914,ELLSRVD,ecoli,ATCC 25922,39.35500755,1.595,development,4,DBAASP
dbaasp_17353,KLAKKLAKLAKKLAKLAKKLA,ecoli,ATCC 25922,3.999447498,0.602,development,5,DBAASP
dbaasp_14260,VRRFPWYWPFLRR,ecoli,ATCC 25922,7.99834255,0.903,development,2,DBAASP
dbaasp_3678,GVLATVKNLLNGTGDGAAQSVLKTLSCKLSNDC,ecoli,ATCC 25922,2.415460834,0.383,development,5,DBAASP
dbaasp_17072,FKRGVQRIKDFLR,ecoli,ATCC 25922,10,1,development,3,DBAASP
dbAMP_19454,LRHKKRRWKYRVPP,ecoli,ATCC 25922,13.15224832,1.119,development,3,dbAMP
dbaasp_18623,SGPGRRSSRRRK,ecoli,ATCC 25922,500.034535,2.699,development,4,DBAASP
dbaasp_2128,FDIMGLIKKVAGAL,ecoli,ATCC 25922,29.99162519,1.477,development,3,DBAASP
dbaasp_1628,CVHWGTNTARTACIAP,ecoli,ATCC 25922,59.42921586,1.774,development,2,DBAASP
dbaasp_7272,GVVDILKGAAADIAGHLASKVMNKL,ecoli,ATCC 25922,100,2,development,1,DBAASP
dbAMP_15956,FLGELWNVAKSVF,ecoli,ATCC 25922,85.90135215,1.934,development,5,dbAMP
dbaasp_17430,RGSRSGQSSRGERRGSSSGSSSR,ecoli,ATCC 25922,13.61444682,1.134,development,3,DBAASP
dbaasp_16583,KERKKRRR,ecoli,ATCC 25922,63.97348355,1.806,development,2,DBAASP
dbaasp_18157,INLRAIAALAKKLL,ecoli,ATCC 25922,10.73989412,1.031,development,4,DBAASP
dbaasp_10429,KWKSFLKTFKSAKKTALHTALKAISS,ecoli,ATCC 25922,0.688652296,-0.162,development,4,DBAASP
dbaasp_17823,GRRWWWWRAR,ecoli,ATCC 25922,10.42317429,1.018,development,3,DBAASP
dbaasp_17659,GWWKRWKTWW,ecoli,ATCC 25922,15.99558029,1.204,development,5,DBAASP
dbaasp_13013,KKLLKGLLKGW,ecoli,ATCC 25922,15.99558029,1.204,development,5,DBAASP
dbaasp_1175,QKKIRARLSA,ecoli,ATCC 25922,55.59042573,1.745,development,1,DBAASP
dbaasp_17053,LKKLLKLAKKLLKLAG,ecoli,ATCC 25922,5.00034535,0.699,development,4,DBAASP
dbaasp_17061,LKKLLKLQKKLLKLAG,ecoli,ATCC 25922,2.500345362,0.398,development,5,DBAASP
dbaasp_14037,VIHKWKLFKKIGAVLKVL,ecoli,ATCC 25922,1,0,development,5,DBAASP
dbaasp_17639,RQPKIPRMPWR,ecoli,ATCC 25922,34.59393778,1.539,development,5,DBAASP
dbaasp_16149,FLGLLGSVLGSVLPSIFK,ecoli,ATCC 25922,54.70159629,1.738,development,1,DBAASP
dbaasp_17249,FLKMLKKLL,ecoli,ATCC 25922,28.70780582,1.458,development,5,DBAASP
dbaasp_8203,FLKGIVGMLGKLF,ecoli,ATCC 25922,2.999162519,0.477,development,5,DBAASP
dbaasp_13146,RWKIFKKIEKMGRNIRDGIVKAGPAIQVLGSAKAI,ecoli,ATCC 25922,0.149968484,-0.824,development,4,DBAASP
dbaasp_10485,FFGWLIKPAIHAGKAIHGLIHRRRH,ecoli,ATCC 25922,1.99986187,0.301,development,2,DBAASP
dbAMP_19481,LRLKWRRWKYRVPP,ecoli,ATCC 25922,12.91219274,1.111,development,3,dbAMP
dbaasp_3679,SVLGTVKDLLIGAGKSAAQSVLTALSCKLSNSC,ecoli,ATCC 25922,1.710015315,0.233,development,5,DBAASP
dbaasp_10818,KKFGGGKTERARKAMAVE,ecoli,ATCC 25922,32.13660539,1.507,development,1,DBAASP
dbaasp_19852,FLPIVAKLLSELL,ecoli,ATCC 25922,127.9381304,2.107,development,2,DBAASP
dbAMP_00290,AKAVKPKTAKPKTAKPKTAKA,ecoli,ATCC 25922,15.99558029,1.204,development,4,dbAMP
dbaasp_19948,WRNWRNWRNWRNWRNWRN,ecoli,ATCC 25922,15.99558029,1.204,development,1,DBAASP
dbaasp_11365,ANVGFVIQLQARLRGFLVRQKFA,ecoli,ATCC 25922,1.071519305,0.03,development,4,DBAASP
dbaasp_12116,IHKFWRCRRRFCRWFKHI,ecoli,ATCC 25922,3.999447498,0.602,development,1,DBAASP
dbaasp_14646,KCRRWQWRMKK,ecoli,ATCC 25922,3.999447498,0.602,development,5,DBAASP
dbaasp_14261,VRRFPWWYPFLRR,ecoli,ATCC 25922,3.999447498,0.602,development,5,DBAASP
dbaasp_4162,ILGPVISTIGNVLGGLLKNL,ecoli,ATCC 25922,50.69907083,1.705,development,5,DBAASP
dbaasp_14102,FLPLILFWIVTAL,ecoli,ATCC 25922,392.6449354,2.594,development,4,DBAASP
dbaasp_1644,FFPIGVFCKIFKTC,ecoli,ATCC 25922,29.99162519,1.477,development,3,DBAASP
dbaasp_3153,KLLKVIKKLL,ecoli,ATCC 25922,5.093308711,0.707,development,3,DBAASP
dbaasp_13450,RLFIKKLKFITRR,ecoli,ATCC 25922,1.836538343,0.264,development,2,DBAASP
dbaasp_8179,ATCDLLSGTGVKHSACAAHCLLRGNRGGYCNGRAICVCRN,ecoli,ATCC 25922,31.18889584,1.494,development,4,DBAASP
dbaasp_17030,KKCNFFCKLKKKVKSVGSRNLIGSATHHHRIYRV,ecoli,ATCC 25922,2.365919697,0.374,development,1,DBAASP
dbaasp_19679,GYCFTACYLRNGVRRCYRRCN,ecoli,ATCC 25922,0.500034535,-0.301,development,2,DBAASP
dbaasp_1812,FLPAIAGVAAKFLPKIFCAISKKC,ecoli,ATCC 25922,6.99841996,0.845,development,1,DBAASP
dbaasp_10643,PPIVGSIPLGCG,ecoli,ATCC 25922,127.9381304,2.107,development,1,DBAASP
dbaasp_10343,AKKFFKKPRVIGVSIPF,ecoli,ATCC 25922,1.541700453,0.188,development,1,DBAASP
dbaasp_13824,GLLSALKALGKAL,ecoli,ATCC 25922,25.00345362,1.398,development,5,DBAASP
dbaasp_9469,FLPAALAGIGGILGKLF,ecoli,ATCC 25922,5.00034535,0.699,development,5,DBAASP
dbaasp_7140,GSKKPVPIIYCNRRSAKCQRM,ecoli,ATCC 25922,26.48500139,1.423,development,3,DBAASP
dbaasp_20102,FLGALIPAAIGLISGLIKK,ecoli,ATCC 25922,106.4143018,2.027,development,2,DBAASP
dbaasp_1171,QAKIRVRLSA,ecoli,ATCC 25922,114.0249788,2.057,development,2,DBAASP
dbaasp_13951,GAIAGIIIKIKK,ecoli,ATCC 25922,63.97348355,1.806,development,2,DBAASP
dbaasp_3442,GFGMALKLLKKVL,ecoli,ATCC 25922,6.251726928,0.796,development,4,DBAASP
dbaasp_12596,FFRRFRRFF,ecoli,ATCC 25922,7.99834255,0.903,development,2,DBAASP
dbaasp_4220,FLPILAGLAAKLVPKVFCSITKKC,ecoli,ATCC 25922,13.00169578,1.114,development,2,DBAASP
dbaasp_20076,IRWRRRWRI,ecoli,ATCC 25922,3.999447498,0.602,development,5,DBAASP
dbaasp_3766,GMASKAGSIVGKIAKIALGAL,ecoli,ATCC 25922,25.00345362,1.398,development,1,DBAASP
dbAMP_25375,GFGCPFNANECHAHCLSIGRKFGFCAGPLRATCTCGKQ,ecoli,ATCC 25922,5.00034535,0.699,development,1,dbAMP
dbaasp_13348,SILPTIVSFLSKVF,ecoli,ATCC 25922,50.0034535,1.699,development,1,DBAASP
dbaasp_19122,SYEKKINRHFKILKKNLKKK,ecoli,ATCC 25922,12.67651866,1.103,development,3,DBAASP
dbaasp_17814,GKKPGGWKAK,ecoli,ATCC 25922,240.9905429,2.382,development,2,DBAASP
dbAMP_10510,RIRFPWPWRWPWWRRVRG,ecoli,ATCC 25922,5.821032178,0.765,development,3,dbAMP
dbaasp_11978,RRRRRRRWWWWWW,ecoli,ATCC 25922,28.97343588,1.462,development,2,DBAASP
dbaasp_3006,FHPSLWVLIPQYIQLIRKILKSG,ecoli,ATCC 25922,50.0034535,1.699,development,1,DBAASP
dbaasp_9534,IRKLKSWKWLRWL,ecoli,ATCC 25922,15.99558029,1.204,development,3,DBAASP
dbaasp_2501,AAGRYQLLSRYWDAYR,ecoli,ATCC 25922,149.9684836,2.176,development,1,DBAASP
dbaasp_17241,FLKDLKKLL,ecoli,ATCC 25922,116.4126029,2.066,development,4,DBAASP
dbaasp_9341,RRPRPRPRPFFF,ecoli,ATCC 25922,79.9834255,1.903,development,3,DBAASP
dbaasp_15103,FKLRAKIKVRLRAKIKL,ecoli,ATCC 25922,2.904022654,0.463,development,2,DBAASP
dbaasp_5007,FALLGDFFRKSKEKIGKEFKRIVQRIKDFFRNLVPRTES,ecoli,ATCC 25922,3.380648362,0.529,development,1,DBAASP
dbaasp_5499,AGYLLGKINLKALAALAKKIL,ecoli,ATCC 25922,7.396052751,0.869,development,3,DBAASP
dbaasp_12841,LKLLGIVKKVLGAI,ecoli,ATCC 25922,2.999162519,0.477,development,1,DBAASP
dbaasp_14002,LRRLRRRWLRRLRRR,ecoli,ATCC 25922,58.21032178,1.765,development,5,DBAASP
dbaasp_14232,GRWRWWWRWRA,ecoli,ATCC 25922,1.99986187,0.301,development,4,DBAASP
dbaasp_13629,KWYKKWYK,ecoli,ATCC 25922,3.999447498,0.602,development,5,DBAASP
dbaasp_16351,LIGLVSKGTCVLVKTVCKKVLKQ,ecoli,ATCC 25922,9.594006315,0.982,development,3,DBAASP
dbAMP_19518,LRLKKRRWKYRVPL,ecoli,ATCC 25922,6.591738952,0.819,development,5,dbAMP
dbaasp_9004,FFHHIFRGAVHVGKTIHRLVTG,ecoli,ATCC 25922,1.233104833,0.091,development,3,DBAASP
dbaasp_1590,FLGGLLASLLGKI,ecoli,ATCC 25922,19.498446,1.29,development,3,DBAASP
dbaasp_19673,GYCFTACYLRNGARICYRRCN,ecoli,ATCC 25922,0.250034536,-0.602,development,1,DBAASP
dbaasp_11735,KWCFRACYRGICYRRCR,ecoli,ATCC 25922,0.112460497,-0.949,development,4,DBAASP
dbaasp_5010,LFCKGGSCHFGGCPSHLIKVGSCFGFRSCCAWPWNA,ecoli,ATCC 25922,0.109900584,-0.959,development,4,DBAASP
dbaasp_11168,TRSRWRRFIRGAGRFARRYGWRIALGLVG,ecoli,ATCC 25922,5.395106225,0.732,development,3,DBAASP
dbaasp_12609,KKWRWWLKALAKK,ecoli,ATCC 25922,1.811340093,0.258,development,1,DBAASP
dbaasp_8817,AKRLKKLAKKIWKWL,ecoli,ATCC 25922,31.9889511,1.505,development,4,DBAASP
dbaasp_17305,RRGWARRLAFGRR,ecoli,ATCC 25922,29.99162519,1.477,development,4,DBAASP
dbaasp_18070,RSKKWRKIEKRVKKIFEKTKEALPVIQGVATIVGAVGR,ecoli,ATCC 25922,0.721107479,-0.142,development,2,DBAASP
dbaasp_15070,KRKVKRIKKFLR,ecoli,ATCC 25922,0.625172693,-0.204,development,1,DBAASP
dbaasp_10718,WPRFPKPRKPTYPGPTYPGPTWPRPTWRRSATIDTEH,ecoli,ATCC 25922,31.9889511,1.505,development,2,DBAASP
dbaasp_8621,GMMKRIKTMM,ecoli,ATCC 25922,199.986187,2.301,development,3,DBAASP
dbaasp_7586,NGVQPWYKWWKWWKKWW,ecoli,ATCC 25922,36.72823005,1.565,development,2,DBAASP
dbaasp_371,GCKKYRRFRWKFKGKFWFW,ecoli,ATCC 25922,24.26610095,1.385,development,2,DBAASP
dbaasp_10210,FLPLLAGLAAKWF,ecoli,ATCC 25922,149.9684836,2.176,development,5,DBAASP
dbaasp_7104,ILGTILGPLKGL,ecoli,ATCC 25922,255.8585887,2.408,development,2,DBAASP
dbaasp_9776,IKWKRWWWR,ecoli,ATCC 25922,8.770008211,0.943,development,2,DBAASP
dbaasp_12834,INWLKIAAAVAGML,ecoli,ATCC 25922,86.09937522,1.935,development,5,DBAASP
dbaasp_17063,LKKLLKLEKKLLKLAG,ecoli,ATCC 25922,5.00034535,0.699,development,4,DBAASP
dbaasp_5585,RLYRRLYR,ecoli,ATCC 25922,33.57376142,1.526,development,3,DBAASP
dbaasp_15075,KRIVQRKKDFKR,ecoli,ATCC 25922,19.9986187,1.301,development,1,DBAASP
dbaasp_1630,CVHGGTNTARTACIAG,ecoli,ATCC 25922,132.1295634,2.121,development,2,DBAASP
dbaasp_20015,LGLFKLLLRLILKGFKL,ecoli,ATCC 25922,101.6248693,2.007,development,4,DBAASP
dbaasp_832,GIGTKILGGVKTALKGALKELASTYAN,ecoli,ATCC 25922,7.345138682,0.866,development,4,DBAASP
dbaasp_17530,SKCAQWQRRMKKVRGPSVTCVKKTSRFECI,ecoli,ATCC 25922,0.354813389,-0.45,development,3,DBAASP
dbaasp_14178,GRWRWWWRWRI,ecoli,ATCC 25922,3.999447498,0.602,development,4,DBAASP
dbAMP_25212,ILSLRWRWKWWKK,ecoli,ATCC 25922,7.99834255,0.903,development,1,dbAMP
dbaasp_7007,FFGSIIGALAKGLPSLISLIKK,ecoli,ATCC 25922,5.997910763,0.778,development,4,DBAASP
dbaasp_10707,FLGGLIKKWPWWPWRR,ecoli,ATCC 25922,3.706807218,0.569,development,1,DBAASP
dbaasp_20006,RGLFKKLARKIKKGFKK,ecoli,ATCC 25922,4.623810214,0.665,development,5,DBAASP
dbaasp_19367,AHPKWMEVVRSRQRKKKHNKRRATY,ecoli,ATCC 25922,1.96788629,0.294,development,3,DBAASP
dbaasp_4129,SLGTPDHYHGGRHSISRGSQSTGPTHPGYNRRNAR,ecoli,ATCC 25922,52.72298614,1.722,development,3,DBAASP
dbAMP_19496,LRLKKRQWKYRVPP,ecoli,ATCC 25922,6.760829754,0.83,development,5,dbAMP
dbAMP_10269,QSHLSLCRYCCNCCRNKGCGYCCKF,ecoli,ATCC 25922,100,2,development,2,dbAMP
dbaasp_8085,ATCDLLSGTGVGHSACAAHCLLRGNRGGYCNGKGVCVCRN,ecoli,ATCC 25922,128.8249552,2.11,development,1,DBAASP
dbaasp_17432,GRRGGRGGRGRGR,ecoli,ATCC 25922,2.992264637,0.476,development,3,DBAASP
dbaasp_11740,KWCFRVCYRGACYRRCR,ecoli,ATCC 25922,0.056623929,-1.247,development,1,DBAASP
dbaasp_9521,IRVKIRVKIRVK,ecoli,ATCC 25922,10.47128548,1.02,development,5,DBAASP
dbaasp_2434,QWGRRCCGWGPGRRYCRRWC,ecoli,ATCC 25922,1.584893192,0.2,development,3,DBAASP
dbaasp_4702,APRKQLKW,ecoli,ATCC 25922,7.943282347,0.9,development,4,DBAASP
dbaasp_18647,RIIRWWWRIIR,ecoli,ATCC 25922,1.99986187,0.301,development,5,DBAASP
dbaasp_14727,GWARRTVAKVRK,ecoli,ATCC 25922,100,2,development,1,DBAASP
dbaasp_11519,SKFFRKARKKLGKGLQKIKNVLRKY,ecoli,ATCC 25922,0.264850014,-0.577,development,1,DBAASP
dbaasp_4150,GIGGALLSAGKSALKGLAKGLAEHF,ecoli,ATCC 25922,31.91537855,1.504,development,5,DBAASP
dbaasp_7136,GSKKPVPIIYCQRRTGKCQRM,ecoli,ATCC 25922,1.644371723,0.216,development,2,DBAASP
dbaasp_17005,KLPKLLKKLLKLLK,ecoli,ATCC 25922,10,1,development,1,DBAASP
dbaasp_16446,VKRFKKFFRKFKKFV,ecoli,ATCC 25922,4.602565736,0.663,development,5,DBAASP
dbaasp_12720,LRPLLRPLLRPLLRPLLRPLLRPLLRPL,ecoli,ATCC 25922,1,0,development,3,DBAASP
dbaasp_10696,RRPWRWPRWPWRR,ecoli,ATCC 25922,15.84893192,1.2,development,5,DBAASP
dbaasp_363,GKKYRRFRWKFKGKWFWFG,ecoli,ATCC 25922,6.180164001,0.791,development,2,DBAASP
dbaasp_12702,IKPIIKPIIKPIIKPIIKPIIKPI,ecoli,ATCC 25922,15.99558029,1.204,development,4,DBAASP
dbaasp_13829,GLLSSLGKLL,ecoli,ATCC 25922,25.00345362,1.398,development,2,DBAASP
dbaasp_12598,IIRRIRRII,ecoli,ATCC 25922,31.9889511,1.505,development,3,DBAASP
dbAMP_20707,KIWKKIWKPGIKKWIKKW,ecoli,ATCC 25922,7.99834255,0.903,development,5,dbAMP
dbaasp_17679,KWWKKWKKWW,ecoli,ATCC 25922,3.999447498,0.602,development,5,DBAASP
dbaasp_19942,WRSWRSWRSWRSWRSWRS,ecoli,ATCC 25922,15.99558029,1.204,development,3,DBAASP
dbaasp_2021,KISKKIMRTFLRRISKDILTGKK,ecoli,ATCC 25922,1.45881426,0.164,development,5,DBAASP
dbaasp_17281,ATCDLLSPFKVGHAACAAHCIARGKRGGWCDGRAVCNCRK,ecoli,ATCC 25922,30.54921113,1.485,development,3,DBAASP
dbaasp_4285,GASCGETCFTGICFTAGCSCNPWPTCTRN,ecoli,ATCC 25922,79.9834255,1.903,development,3,DBAASP
dbAMP_24834,KNKRKRRRRRRGGRRRR,ecoli,ATCC 25922,1.99986187,0.301,development,4,dbAMP
dbaasp_13672,RRLRWKTRWRLK,ecoli,ATCC 25922,15.99558029,1.204,development,3,DBAASP
dbaasp_15870,KFFKKLKKSVKKHVKKFFKKPKVIGVSIPF,ecoli,ATCC 25922,5.248074602,0.72,development,3,DBAASP
dbaasp_349,CVKVRVKVGSGVKVRVKVC,ecoli,ATCC 25922,0.299916252,-0.523,development,3,DBAASP
dbaasp_9439,RYWVAWRNR,ecoli,ATCC 25922,190.9853259,2.281,development,5,DBAASP
dbaasp_17929,GILDIKNKVSNLFKKIKGEK,ecoli,ATCC 25922,130.0169578,2.114,development,1,DBAASP
dbaasp_13633,RWYRRWYR,ecoli,ATCC 25922,1.99986187,0.301,development,2,DBAASP
dbaasp_19572,KLLKKLLKLLKKLLK,ecoli,ATCC 25922,12.5025903,1.097,development,3,DBAASP
dbaasp_17086,FKRIVQRIKDHLR,ecoli,ATCC 25922,10,1,development,2,DBAASP
dbaasp_8803,FQNRRMKWKK,ecoli,ATCC 25922,255.8585887,2.408,development,5,DBAASP
dbaasp_16413,VCRKPVVCRKPVVCRKPV,ecoli,ATCC 25922,7.99834255,0.903,development,5,DBAASP
dbaasp_18622,SQMGQMSSRRRFGK,ecoli,ATCC 25922,422.6686143,2.626,development,4,DBAASP
dbaasp_17691,WRFWRFWRFWRFWRF,ecoli,ATCC 25922,15.99558029,1.204,development,1,DBAASP
dbaasp_1052,PFWRIRIRR,ecoli,ATCC 25922,6.237348355,0.795,development,5,DBAASP
dbaasp_8057,KWKVFKKIEKKWKVFKKIEKAGPKWKVFKKIEK,ecoli,ATCC 25922,30.69021988,1.487,development,3,DBAASP
dbaasp_20005,RGLFKKLLRKIKKGFKK,ecoli,ATCC 25922,2.264644308,0.355,development,1,DBAASP
dbaasp_8807,RWFRIQLQIRRWRNRR,ecoli,ATCC 25922,15.99558029,1.204,development,1,DBAASP
dbaasp_19247,RRIRRPRLPRPRVPRPRIPPRIPRPVLPPPRVPFPRFPR,ecoli,ATCC 25922,0.500034535,-0.301,development,2,DBAASP
dbaasp_5619,KKKKKKKKKKGIGKLFLHAAKKFAKAFVAEKMNS,ecoli,ATCC 25922,0.201372425,-0.696,development,4,DBAASP
dbaasp_15563,GFGCPFNQGQCHKHCQSIRRRGGYCDGFLKTRCVCYR,ecoli,ATCC 25922,100,2,development,3,DBAASP
dbaasp_13506,RRWCVYAYVRVRGVRVYAYVCW,ecoli,ATCC 25922,15.99558029,1.204,development,4,DBAASP
dbaasp_11801,GLRKRLRKFRNKIKEKLKKIGQKIQTLLPKLAPRTDY,ecoli,ATCC 25922,0.897428795,-0.047,development,1,DBAASP
dbaasp_5629,GFFALIPKIISSPLFKTLLSAV,ecoli,ATCC 25922,13.33521432,1.125,development,2,DBAASP
dbaasp_5014,KFLGTLVNLAKKIL,ecoli,ATCC 25922,127.9381304,2.107,development,4,DBAASP
dbaasp_17252,FLKSLKKLL,ecoli,ATCC 25922,59.70352866,1.776,development,2,DBAASP
dbaasp_943,FLKWLFKWAKK,ecoli,ATCC 25922,8.472274141,0.928,development,5,DBAASP
dbaasp_12612,KKWRKWLKWLAKK,ecoli,ATCC 25922,0.437522105,-0.359,development,2,DBAASP
dbaasp_12838,INWLKIAKKVKGML,ecoli,ATCC 25922,19.09853259,1.281,development,4,DBAASP
dbaasp_13910,RFGRFLRKIRRFRPKVTITIQGSARFG,ecoli,ATCC 25922,1.99986187,0.301,development,1,DBAASP
dbaasp_5565,AKRLKKLAKKIWNWK,ecoli,ATCC 25922,15.99558029,1.204,development,4,DBAASP
dbaasp_3892,IFGAILPLALGALKNLIK,ecoli,ATCC 25922,3.999447498,0.602,development,3,DBAASP
dbaasp_1652,FLSLIPHAINAVSAIAKHN,ecoli,ATCC 25922,7.90678628,0.898,development,2,DBAASP
dbaasp_9986,FFHHIFRGIVHVGKKIHRLVTG,ecoli,ATCC 25922,3.097419299,0.491,development,4,DBAASP
dbaasp_7766,RFRRLRKKKRKRLKKI,ecoli,ATCC 25922,127.9381304,2.107,development,2,DBAASP
dbaasp_17866,AWRWWWRWA,ecoli,ATCC 25922,7.99834255,0.903,development,4,DBAASP
dbaasp_18129,KWKSKLKTFKSLKKTVLHTALKAISS,ecoli,ATCC 25922,0.338064836,-0.471,development,4,DBAASP
dbaasp_19116,ALWKSILKNVGKAAGKAVL,ecoli,ATCC 25922,16.06941253,1.206,development,3,DBAASP
dbaasp_16908,LARFVLRILKYGFK,ecoli,ATCC 25922,63.97348355,1.806,development,2,DBAASP
dbaasp_2509,GFMKYIKPLIPHAVKAISKLI,ecoli,ATCC 25922,6.251726928,0.796,development,3,DBAASP
dbaasp_9009,FFHHFARGIVHVGKTIHRLVTG,ecoli,ATCC 25922,8.590135215,0.934,development,3,DBAASP
dbaasp_17225,GFCWRACVYRNGVRACYRRCN,ecoli,ATCC 25922,0.04931738,-1.307,development,1,DBAASP
dbaasp_5472,IASKVANTVQKLKRKAKNAV,ecoli,ATCC 25922,25.00345362,1.398,development,3,DBAASP
dbaasp_270,KWKSFLKTFKSLKKTVLHTLLKAISS,ecoli,ATCC 25922,3.999447498,0.602,development,4,DBAASP
dbAMP_20709,WKKIWKPGIKKWIKGGGK,ecoli,ATCC 25922,63.97348355,1.806,development,4,dbAMP
dbaasp_6841,RRLFRRILRWL,ecoli,ATCC 25922,0.299916252,-0.523,development,1,DBAASP
dbaasp_4119,FLPAVLRVAAKVVPTVFCLISKKC,ecoli,ATCC 25922,49.54501908,1.695,development,3,DBAASP
dbaasp_9326,GRRPRPRPRP,ecoli,ATCC 25922,159.9558029,2.204,development,3,DBAASP
dbAMP_20712,WKKIWKPGIKKWIKKK,ecoli,ATCC 25922,63.97348355,1.806,development,2,dbAMP
dbaasp_3564,FLPLIASVAANLVPKIFCKITKKC,ecoli,ATCC 25922,149.9684836,2.176,development,4,DBAASP
dbaasp_18666,FLFSAGKAIHRLIRRRRR,ecoli,ATCC 25922,113.5010816,2.055,development,5,DBAASP
dbaasp_5951,GVITDALKGAAKTVAAELLKKAHCKLTNSC,ecoli,ATCC 25922,38.72576449,1.588,development,1,DBAASP
dbaasp_4216,FLPIIAGAAAKVVQKIFCAISKKC,ecoli,ATCC 25922,25.00345362,1.398,development,5,DBAASP
dbaasp_3943,KSLRPRCWIKIKFRCKSLKF,ecoli,ATCC 25922,7.447319739,0.872,development,4,DBAASP
dbaasp_4454,RPKPQQFFGLM,ecoli,ATCC 25922,4.285485204,0.632,development,2,DBAASP
dbaasp_8512,RRIRPRPR,ecoli,ATCC 25922,127.9381304,2.107,development,5,DBAASP
dbaasp_716,FPVTWRWWKWWKG,ecoli,ATCC 25922,8.669618758,0.938,development,1,DBAASP
dbaasp_2218,FLPAVLRVAAQVVPTVFCAISKKC,ecoli,ATCC 25922,50.35006088,1.702,development,2,DBAASP
dbaasp_17660,GFLKRFKTLF,ecoli,ATCC 25922,63.97348355,1.806,development,2,DBAASP
dbaasp_7852,ISKRILTGKK,ecoli,ATCC 25922,227.5097431,2.357,development,3,DBAASP
dbaasp_2204,FLSGIVGMLGKLF,ecoli,ATCC 25922,10,1,development,2,DBAASP
dbaasp_10049,KWKLFKKIEKVGQNIRDGIIKAGPAVAVVGQATQIAK,ecoli,ATCC 25922,2.443430553,0.388,development,5,DBAASP
dbaasp_19288,GVFKDALKQLGAALLDKAANALKPK,ecoli,ATCC 25922,24.77422058,1.394,development,2,DBAASP
dbaasp_15876,KMKKALQYIKLLKE,ecoli,ATCC 25922,100,2,development,1,DBAASP
dbaasp_16912,IVIKSLGKFLKNVGGFAG,ecoli,ATCC 25922,63.97348355,1.806,development,4,DBAASP
dbaasp_9006,FFHHVFRGIVHVGKTIHRLVTG,ecoli,ATCC 25922,4.295364268,0.633,development,5,DBAASP
dbaasp_4279,GIPCGESCVFIPCTVTALLGCSCKDKVCYKN,ecoli,ATCC 25922,39.99447498,1.602,development,2,DBAASP
dbaasp_13091,GLRKRLRKFRNKIKEKLKKICQKIQGLLPKLAPRTDY,ecoli,ATCC 25922,3.589219346,0.555,development,3,DBAASP
dbAMP_25233,WFKFFKKFFKKWK,ecoli,ATCC 25922,2.999162519,0.477,development,1,dbAMP
dbaasp_3722,VVKCSYRLGSPDSQCN,ecoli,ATCC 25922,20.23019179,1.306,development,5,DBAASP
dbaasp_4161,ILGPVIKTIGGVIGGLLKNL,ecoli,ATCC 25922,51.0505,1.708,development,2,DBAASP
dbaasp_16059,WLRKIWWW,ecoli,ATCC 25922,12.5025903,1.097,development,4,DBAASP
dbaasp_13926,LLSRVD,ecoli,ATCC 25922,93.54056741,1.971,development,5,DBAASP
dbaasp_18288,IIRRIIRRIIRRIIRR,ecoli,ATCC 25922,3.999447498,0.602,development,5,DBAASP
dbaasp_17308,LMGLFNRIIRKVVKLFN,ecoli,ATCC 25922,7.99834255,0.903,development,2,DBAASP
dbaasp_3479,GFWGKLWEGVKNAI,ecoli,ATCC 25922,10,1,development,1,DBAASP
dbaasp_19683,GYCFTACARRNGVRICYRRCN,ecoli,ATCC 25922,0.125025903,-0.903,development,4,DBAASP
dbaasp_2123,INLLKIAKGIIKSL,ecoli,ATCC 25922,16.59586907,1.22,development,4,DBAASP
dbaasp_17680,WRIWRI,ecoli,ATCC 25922,127.9381304,2.107,development,5,DBAASP
dbaasp_13190,KFKKLFKKLSPVFKRIVQRIKDFLR,ecoli,ATCC 25922,19.9986187,1.301,development,2,DBAASP
dbaasp_13671,RWLRKWTRKRLK,ecoli,ATCC 25922,15.99558029,1.204,development,2,DBAASP
dbaasp_19939,WRTWRTWRTWRTWRTWRT,ecoli,ATCC 25922,3.999447498,0.602,development,1,DBAASP
dbaasp_4730,FWGALAKGALKLIVGSLFSSFSKKD,ecoli,ATCC 25922,299.9162519,2.477,development,4,DBAASP
dbaasp_1010,SMLSVLKNLGKVGLGFVACKINKQC,ecoli,ATCC 25922,19.9986187,1.301,development,2,DBAASP
dbaasp_1596,AKAWGIPPHVIPQIVPVRIRPLCGNV,ecoli,ATCC 25922,8.892011179,0.949,development,4,DBAASP
dbAMP_25297,WWKKWWKK,ecoli,ATCC 25922,25.00345362,1.398,development,3,dbAMP
dbaasp_12593,RLRLLLRLR,ecoli,ATCC 25922,3.999447498,0.602,development,5,DBAASP
dbaasp_18227,PWKLKLKL,ecoli,ATCC 25922,15.99558029,1.204,development,1,DBAASP
dbAMP_25232,WGKFFKKFFKFGK,ecoli,ATCC 25922,2.999162519,0.477,development,4,dbAMP
dbAMP_19465,LRLKKRRWKYRWPP,ecoli,ATCC 25922,6.353309319,0.803,development,5,dbAMP
dbAMP_24704,SKCKCSRKGPKIR,ecoli,ATCC 25922,5.093308711,0.707,development,3,dbAMP
dbaasp_15034,KRAVQRIKDFLR,ecoli,ATCC 25922,5.00034535,0.699,development,5,DBAASP
dbaasp_5713,GLKEVAHSAKKFAKGFISGLTGS,ecoli,ATCC 25922,63.97348355,1.806,development,3,DBAASP
dbaasp_20014,AGLFKKLARAIAKGFKA,ecoli,ATCC 25922,5.296634439,0.724,development,1,DBAASP
dbaasp_17080,FKRIQQRIKDFLR,ecoli,ATCC 25922,5.00034535,0.699,development,3,DBAASP
dbAMP_24771,ALKYRLFKKLKKF,ecoli,ATCC 25922,12.02264435,1.08,development,2,dbAMP
dbaasp_16813,KLLKLLKKLLKALG,ecoli,ATCC 25922,19.9986187,1.301,development,4,DBAASP
dbaasp_18651,RVRWWWRVR,ecoli,ATCC 25922,7.99834255,0.903,development,2,DBAASP
dbaasp_16175,FVKWFSKKLGRIL,ecoli,ATCC 25922,7.603262769,0.881,development,4,DBAASP
dbaasp_14162,GIGKWLHSAKKFGKAFVGEIMNS,ecoli,ATCC 25922,7.99834255,0.903,development,1,DBAASP
dbaasp_12610,KKWRKWLKALAKK,ecoli,ATCC 25922,7.498942093,0.875,development,2,DBAASP
dbaasp_14767,KSHFELPHYGL,ecoli,ATCC 25922,500.034535,2.699,development,4,DBAASP
dbaasp_485,KKKKKKAAAAFWAAAAF,ecoli,ATCC 25922,15.99558029,1.204,development,2,DBAASP
dbAMP_12047,WLLVNG,ecoli,ATCC 25922,187.4994508,2.273,development,2,dbAMP
dbaasp_16325,RWKQVKVKR,ecoli,ATCC 25922,61.94410751,1.792,development,2,DBAASP
dbaasp_10169,KFWSLLKKALRLWANVL,ecoli,ATCC 25922,7.726805851,0.888,development,5,DBAASP
dbaasp_16418,ICRKPIICRKPIICRKPIICRKPI,ecoli,ATCC 25922,1.99986187,0.301,development,1,DBAASP
dbAMP_05281,KRIGLIRLIGKILRGLRRLG,ecoli,ATCC 25922,4.295364268,0.633,development,3,dbAMP
dbaasp_11356,FKRFKGSVKHGKGHLVHHIGVAL,ecoli,ATCC 25922,1.99986187,0.301,development,3,DBAASP
dbaasp_13842,GKLLSLLSLLGLL,ecoli,ATCC 25922,25.00345362,1.398,development,3,DBAASP
dbaasp_19528,AKVVNKLTKKVAKLLK,ecoli,ATCC 25922,15.99558029,1.204,development,1,DBAASP
dbaasp_3675,GLLDGILNANFNAAKSAGTSVLNALSCKLSKTC,ecoli,ATCC 25922,9.332543008,0.97,development,2,DBAASP
dbaasp_1472,GLFSVVTGVLKAVGKNVAKNVGGSLLEQLKCKISGGC,ecoli,ATCC 25922,14.99684836,1.176,development,4,DBAASP
dbaasp_8608,GKLTKDKLKRGAKKALNVASKVAPIVAAGASIAR,ecoli,ATCC 25922,0.87096359,-0.06,development,4,DBAASP
dbaasp_104,GLRKRLRKFRNKIKEKLKKI,ecoli,ATCC 25922,3.999447498,0.602,development,4,DBAASP
dbaasp_17930,GILDIKNKVSNLFKKIK,ecoli,ATCC 25922,130.0169578,2.114,development,2,DBAASP
dbaasp_14632,RWKRIVVIRKRR,ecoli,ATCC 25922,3.999447498,0.602,development,1,DBAASP
dbaasp_131,GLRKRLRKFRNKIKQKLKKI,ecoli,ATCC 25922,3.999447498,0.602,development,2,DBAASP
dbaasp_15032,ARIVQRIKDFLR,ecoli,ATCC 25922,39.99447498,1.602,development,1,DBAASP
dbaasp_19248,RRIRRPRLPRPRVPRPRIPPRI,ecoli,ATCC 25922,0.500034535,-0.301,development,4,DBAASP
dbaasp_9723,FPVTWRWWTWWKG,ecoli,ATCC 25922,17.61976046,1.246,development,5,DBAASP
dbaasp_4192,GLLSGILGAGKHIVCGLTGCAKA,ecoli,ATCC 25922,47.09773264,1.673,development,1,DBAASP
dbaasp_5603,NLKAIAALAKKLL,ecoli,ATCC 25922,14.82518085,1.171,development,1,DBAASP
dbaasp_18733,GILGKLWEGVKSIW,ecoli,ATCC 25922,12.5025903,1.097,development,4,DBAASP
dbaasp_2514,GFMKYIKPLIPHAVKAIKKLI,ecoli,ATCC 25922,6.251726928,0.796,development,2,DBAASP
dbaasp_7564,LLKKLLKLLLKL,ecoli,ATCC 25922,21.87761624,1.34,development,3,DBAASP
dbaasp_17862,LWRWWWRWL,ecoli,ATCC 25922,3.999447498,0.602,development,5,DBAASP
dbaasp_15799,RKCVRVQLIKNGKTVTAF,ecoli,ATCC 25922,13.21295634,1.121,development,5,DBAASP
dbAMP_17507,GLRKRLRKFRNKIKEKLKKNGQKIQGLLPKLAPRTDY,ecoli,ATCC 25922,3.622429984,0.559,development,2,dbAMP
dbaasp_14645,KKRRWQWRRKK,ecoli,ATCC 25922,7.99834255,0.903,development,4,DBAASP
dbaasp_19877,LKALCRILKKLCRI,ecoli,ATCC 25922,9.682778563,0.986,development,2,DBAASP
dbaasp_11253,LHRLVKLVAALLRGYASKVDTH,ecoli,ATCC 25922,1.99986187,0.301,development,2,DBAASP
dbaasp_14241,SRWRWWWRWRA,ecoli,ATCC 25922,3.999447498,0.602,development,2,DBAASP
dbaasp_18812,RWIKIPGRWIKI,ecoli,ATCC 25922,5.997910763,0.778,development,2,DBAASP
dbaasp_5698,GAFGNLLKGVAKKAGLKILSIAQCKLSGTC,ecoli,ATCC 25922,25.00345362,1.398,development,4,DBAASP
dbaasp_3536,FLPILASLAAKFGPKLFCLVTKKC,ecoli,ATCC 25922,16.98243652,1.23,development,3,DBAASP
dbaasp_7264,GVVDILKGAAKDIAGHLAAKVMNKL,ecoli,ATCC 25922,25.00345362,1.398,development,1,DBAASP
dbaasp_1172,QKAIRVRLSA,ecoli,ATCC 25922,7.128530301,0.853,development,3,DBAASP
dbaasp_7260,GVVDILKGAAKDIAGHLASKVMAKL,ecoli,ATCC 25922,50.0034535,1.699,development,2,DBAASP
dbaasp_15608,GWLRDFGKRIERTGQNIRDATIQTIGIAQEAANVAATLKG,ecoli,ATCC 25922,14.79108388,1.17,development,2,DBAASP
dbaasp_12073,LRLKKYKVPQL,ecoli,ATCC 25922,63.97348355,1.806,development,4,DBAASP
dbaasp_5468,GILKTIKSIASKVANTVQKLKRKAKNAVA,ecoli,ATCC 25922,1.599558029,0.204,development,1,DBAASP
dbaasp_19846,FLPIEAKLLSGLL,ecoli,ATCC 25922,127.9381304,2.107,development,3,DBAASP
dbaasp_3677,GVLGTVKDLLIGAGKSAAQSTLKTLSCKISNDC,ecoli,ATCC 25922,1.770108958,0.248,development,1,DBAASP
dbaasp_20251,KKIWKKWIKI,ecoli,ATCC 25922,7.99834255,0.903,development,5,DBAASP
dbaasp_17450,SHHRCCRSHRCRR,ecoli,ATCC 25922,19.09853259,1.281,development,2,DBAASP
dbaasp_19375,CCDQCYGFCRLVDNCCNS,ecoli,ATCC 25922,49.3173804,1.693,development,2,DBAASP
dbaasp_11393,FKARRWAWRMK,ecoli,ATCC 25922,32.96097122,1.518,development,1,DBAASP
dbaasp_14655,FKCRRWQWNMRKVRGPPVSCIKRDS,ecoli,ATCC 25922,3.999447498,0.602,development,1,DBAASP
dbaasp_11745,KWSFRVCYRGICYRRAR,ecoli,ATCC 25922,0.113501082,-0.945,development,3,DBAASP
dbaasp_12575,RFRPPIRRPPIRPPFYPPFRP,ecoli,ATCC 25922,3.999447498,0.602,development,5,DBAASP
dbaasp_1353,GLFTLIKGAVKMIGKTVAKEAGKTGLELMACKVTNQC,ecoli,ATCC 25922,1.099005839,0.041,development,4,DBAASP
dbAMP_19468,LYLKKRRWKYRVPP,ecoli,ATCC 25922,3.288516309,0.517,development,1,dbAMP
dbaasp_3138,GLLKFIKTLL,ecoli,ATCC 25922,1.774189481,0.249,development,3,DBAASP
dbaasp_18374,GRWLRKIRRWRPKRW,ecoli,ATCC 25922,7.498942093,0.875,development,1,DBAASP
dbaasp_4697,IQCGESCVWIPCISSAWGCSCKNKICSS,ecoli,ATCC 25922,79.9834255,1.903,development,5,DBAASP
dbaasp_8253,GMASKAGAIAGKIAKVAWKALGGA,ecoli,ATCC 25922,25.00345362,1.398,development,3,DBAASP
dbAMP_24996,LKGCWTKSIPPKPCFGF,ecoli,ATCC 25922,3.999447498,0.602,development,1,dbAMP
dbAMP_24848,GKLWLKGGKLWLKGGKLWLKG,ecoli,ATCC 25922,114.5512941,2.059,development,5,dbAMP
dbaasp_4572,FIKRIARLLRKIF,ecoli,ATCC 25922,6.039486294,0.781,development,3,DBAASP
dbaasp_506,FLPLIGRVLSGIL,ecoli,ATCC 25922,100,2,development,5,DBAASP
dbaasp_13636,KWGKKWGKKWGK,ecoli,ATCC 25922,3.999447498,0.602,development,5,DBAASP
dbaasp_15871,RRGWALRLVLAY,ecoli,ATCC 25922,1.698243652,0.23,development,1,DBAASP
dbaasp_1889,FLPIVAGLAANFLPKIVCKITKKC,ecoli,ATCC 25922,149.9684836,2.176,development,5,DBAASP
dbaasp_4661,FLPLIARVLSGIL,ecoli,ATCC 25922,39.99447498,1.602,development,3,DBAASP
dbaasp_5611,KKKKGIGKFLHSAKKFGKAFVGEIMNS,ecoli,ATCC 25922,8.433347578,0.926,development,4,DBAASP
dbaasp_8864,GILGKLWEGVKSIF,ecoli,ATCC 25922,12.5025903,1.097,development,4,DBAASP
DRAMP03881,RRWWWR,ecoli,ATCC 25922,22.49054606,1.352,development,2,DRAMP
dbaasp_7118,FAVTWATKWWKG,ecoli,ATCC 25922,125.025903,2.097,development,1,DBAASP
dbaasp_20040,GWRRRWG,ecoli,ATCC 25922,127.9381304,2.107,development,1,DBAASP
dbaasp_13819,GLLSALKALGKLL,ecoli,ATCC 25922,3.097419299,0.491,development,3,DBAASP
dbaasp_3476,FLSTLWNAAKSIF,ecoli,ATCC 25922,19.9986187,1.301,development,3,DBAASP
dbAMP_20719,WKKIWKPGIKKWIKQKRPRVRLSA,ecoli,ATCC 25922,3.999447498,0.602,development,1,dbAMP
dbaasp_10041,RRWQWRLCYCRRRFCVCVG,ecoli,ATCC 25922,3.16227766,0.5,development,2,DBAASP
dbaasp_347,CVKVKVKVGSGVKVKVKVC,ecoli,ATCC 25922,0.005000345,-2.301,development,5,DBAASP
dbaasp_2370,FFHHIFRGIVHVGKTIHRLVTG,ecoli,ATCC 25922,1.21338885,0.084,development,4,DBAASP
dbAMP_24997,LKGCWTKSIPPKPCFGG,ecoli,ATCC 25922,5.00034535,0.699,development,2,dbAMP
dbaasp_12337,PFKLSLHL,ecoli,ATCC 25922,31.9889511,1.505,development,5,DBAASP
dbaasp_1317,LGGLIKIVPAMICAVTKKC,ecoli,ATCC 25922,131.8256739,2.12,development,4,DBAASP
dbaasp_16772,LNLKALGAVAKKIL,ecoli,ATCC 25922,31.9889511,1.505,development,5,DBAASP
dbaasp_6909,DDALKHLLKHLLKHL,ecoli,ATCC 25922,100,2,development,3,DBAASP
dbaasp_14970,PIRTKRRWKLIKKGGKIVKDLLTKNNIIILPGGNE,ecoli,ATCC 25922,3.133285724,0.496,development,4,DBAASP
dbaasp_1240,INWLKLGKAIIDAL,ecoli,ATCC 25922,41.3047502,1.616,development,1,DBAASP
dbaasp_12674,QLGKKKHRRRPSKKKRHW,ecoli,ATCC 25922,127.9381304,2.107,development,2,DBAASP
dbaasp_17867,GRRWWWRRG,ecoli,ATCC 25922,15.99558029,1.204,development,2,DBAASP
dbaasp_19015,GWINEEKIQKKIDEKIGNNILGGMAKAVVHKLAKGEFQ,ecoli,ATCC 25922,15.17050367,1.181,development,3,DBAASP
dbaasp_4148,GIGTKILGGVKAALKGALKELASTYVN,ecoli,ATCC 25922,7.079457844,0.85,development,5,DBAASP
dbaasp_12578,RFRPPIRRPPIRPPF,ecoli,ATCC 25922,63.97348355,1.806,development,3,DBAASP
dbaasp_16352,LIGLVSKGTSVLVKTVSKKVLKQ,ecoli,ATCC 25922,9.594006315,0.982,development,1,DBAASP
dbaasp_18329,GIKRGIIKRIKRIKRI,ecoli,ATCC 25922,63.97348355,1.806,development,3,DBAASP
dbaasp_3718,GILGNIVGMGKKIVCGLSGLC,ecoli,ATCC 25922,3.076096815,0.488,development,2,DBAASP
dbaasp_2862,LKWLLKWLL,ecoli,ATCC 25922,4.187935651,0.622,development,2,DBAASP
dbaasp_18072,GSKRWRKFEKRVKKIFEETKEALPVVQGVVGVATAVGRK,ecoli,ATCC 25922,1.422328787,0.153,development,2,DBAASP
dbaasp_11571,KKCKGYRCRPVGFSSPISRRINDSENIYLPFGV,ecoli,ATCC 25922,53.08844442,1.725,development,5,DBAASP
dbaasp_8920,PMLRVRLASHLRKLRKRLLR,ecoli,ATCC 25922,6.251726928,0.796,development,2,DBAASP
dbaasp_16162,FIGTLIPLALGALTKLFK,ecoli,ATCC 25922,15.99558029,1.204,development,5,DBAASP
dbaasp_16449,VCKRWKKWKRKWKKWCV,ecoli,ATCC 25922,1.499684836,0.176,development,1,DBAASP
dbaasp_13515,RFCVYAYVRVRGVLVRYRRCF,ecoli,ATCC 25922,1,0,development,4,DBAASP
dbaasp_15849,RRWSWWWSWRR,ecoli,ATCC 25922,1,0,development,5,DBAASP
dbaasp_3558,SMISVLKNLGKVGLGFVACKVNKQC,ecoli,ATCC 25922,3.49945167,0.544,development,4,DBAASP
dbaasp_3154,GFLGPLLKLAAKGVAKVIPHLIPSRQQ,ecoli,ATCC 25922,5.997910763,0.778,development,3,DBAASP
dbaasp_19124,GFFKKAWRKVKHAGRRVL,ecoli,ATCC 25922,29.51209227,1.47,development,1,DBAASP
dbaasp_18379,KRIGWRWRRWPRLRK,ecoli,ATCC 25922,3.749730022,0.574,development,4,DBAASP
dbaasp_11786,GLRKRLRKFRNKIKEKDKKIGQKIQGLLPKLAPRTDY,ecoli,ATCC 25922,14.48771854,1.161,development,5,DBAASP
dbaasp_13942,GIIRGIIKIIKR,ecoli,ATCC 25922,63.97348355,1.806,development,2,DBAASP
dbaasp_12764,SRRYKKFRWKFKGRWFWFG,ecoli,ATCC 25922,0.755092228,-0.122,development,4,DBAASP
dbaasp_18229,PWRLRLHL,ecoli,ATCC 25922,7.99834255,0.903,development,3,DBAASP
dbaasp_1629,CVHWMTNTARTACIAG,ecoli,ATCC 25922,116.4126029,2.066,development,2,DBAASP
dbaasp_15062,KRIVQRKKDFLR,ecoli,ATCC 25922,19.9986187,1.301,development,1,DBAASP
dbaasp_18228,PWRLSLHL,ecoli,ATCC 25922,15.99558029,1.204,development,3,DBAASP
dbaasp_9773,RKRWWWWFR,ecoli,ATCC 25922,8.394599865,0.924,development,3,DBAASP
dbaasp_13043,VRFKLLSHSLLVTLASHL,ecoli,ATCC 25922,3.097419299,0.491,development,5,DBAASP
dbaasp_2335,HFLGTLVNLAKKIL,ecoli,ATCC 25922,19.9986187,1.301,development,2,DBAASP
dbaasp_18222,PFRLSLRL,ecoli,ATCC 25922,7.99834255,0.903,development,2,DBAASP
dbaasp_17870,FRRWWWRRF,ecoli,ATCC 25922,7.99834255,0.903,development,5,DBAASP
dbaasp_1315,GLIKIVPAMICAVTKKC,ecoli,ATCC 25922,144.5439771,2.16,development,5,DBAASP
dbaasp_4674,APRKNVKW,ecoli,ATCC 25922,65.31305526,1.815,development,5,DBAASP
dbaasp_11166,KRNGFRKFMRRLKKFFAGGGSSIAHIKLH,ecoli,ATCC 25922,11.11731727,1.046,development,3,DBAASP
dbaasp_13011,LKGKLWLKGKL,ecoli,ATCC 25922,15.99558029,1.204,development,2,DBAASP
dbaasp_2507,GFMKYIGPLIPHAVKAISKLI,ecoli,ATCC 25922,6.251726928,0.796,development,4,DBAASP
dbaasp_7267,GVVDILKGAAKDIAGALASKVMNKL,ecoli,ATCC 25922,100,2,development,2,DBAASP
dbAMP_19457,LRLKKRRVKYRVPP,ecoli,ATCC 25922,13.96368361,1.145,development,3,dbAMP
dbaasp_1156,RLKELITTGGQKIGEKIRRIGQRIKDFFKNLQPREEKS,ecoli,ATCC 25922,1.109174815,0.045,development,3,DBAASP
dbaasp_5852,WPKWWKWKRRWGRKKAKKRRG,ecoli,ATCC 25922,43.85306978,1.642,development,4,DBAASP
dbaasp_17601,RQIKIWRRMKWKK,ecoli,ATCC 25922,3.396252726,0.531,development,2,DBAASP
dbaasp_4668,FLPLIGRVLSAIL,ecoli,ATCC 25922,39.99447498,1.602,development,4,DBAASP
dbaasp_13590,AVDRAV,ecoli,ATCC 25922,100,2,development,1,DBAASP
dbaasp_13677,RWLRWKTRWRLK,ecoli,ATCC 25922,1.99986187,0.301,development,1,DBAASP
dbaasp_3355,GLNALKKVFQGIHEAIKLINNHVQ,ecoli,ATCC 25922,1.99986187,0.301,development,2,DBAASP
dbaasp_4623,FVQWFSKFLGKIL,ecoli,ATCC 25922,11.99499303,1.079,development,2,DBAASP
dbaasp_17453,RGSRSGQSSRGERR,ecoli,ATCC 25922,5.140436516,0.711,development,2,DBAASP
dbaasp_19578,IKKIIKIIKKIIKKI,ecoli,ATCC 25922,3.097419299,0.491,development,2,DBAASP
dbaasp_19886,LKKLCRILKKLARI,ecoli,ATCC 25922,1.191242008,0.076,development,1,DBAASP
dbaasp_1618,GFFDRIKALTKNVTLELLNTITGKLGVTGG,ecoli,ATCC 25922,15.81248039,1.199,development,4,DBAASP
dbaasp_9877,WLRAFRRLVRRLARGLRR,ecoli,ATCC 25922,1.698243652,0.23,development,2,DBAASP
dbaasp_12109,AAGKGLVSNLLEK,ecoli,ATCC 25922,24.60367604,1.391,development,2,DBAASP
dbaasp_12376,TRSRWRRFIRGAGRFARRYGWRIA,ecoli,ATCC 25922,0.329609712,-0.482,development,2,DBAASP
dbaasp_2211,FLGALAKIISGIF,ecoli,ATCC 25922,100,2,development,5,DBAASP
dbaasp_19527,ASVVKKLTKKVAKLLK,ecoli,ATCC 25922,3.999447498,0.602,development,4,DBAASP
dbaasp_19856,FLPKVKKLLEGLL,ecoli,ATCC 25922,15.99558029,1.204,development,2,DBAASP
dbaasp_774,RVKRVWPLVIRTVIAGYNLYRAI,ecoli,ATCC 25922,4.497798549,0.653,development,3,DBAASP
dbaasp_9772,KKRWWWWWR,ecoli,ATCC 25922,8.336811846,0.921,development,1,DBAASP
dbaasp_8865,GILGKLWKGVKSIF,ecoli,ATCC 25922,65.46361741,1.816,development,2,DBAASP
dbaasp_14312,ASWKVFLKNIGKAAGKAVLNSVTDMVNQ,ecoli,ATCC 25922,2.679168325,0.428,development,1,DBAASP
dbaasp_3887,NALSMPRNKCNRALMCFG,ecoli,ATCC 25922,24.88857318,1.396,development,3,DBAASP
dbaasp_3838,RWCFRVCYRGICYRKCR,ecoli,ATCC 25922,0.125025903,-0.903,development,5,DBAASP
dbaasp_3729,GLFTLIKGAYKNDAPTVACN,ecoli,ATCC 25922,11.69499391,1.068,development,1,DBAASP
dbaasp_3247,IFGAIWNGIKSLF,ecoli,ATCC 25922,6.807693587,0.833,development,3,DBAASP
dbAMP_20715,WIKIWKPGIKKWKK,ecoli,ATCC 25922,63.97348355,1.806,development,2,dbAMP
dbaasp_12512,KVFKSVVKLLEKTVLKKFSK,ecoli,ATCC 25922,63.97348355,1.806,development,3,DBAASP
dbaasp_3703,GIFTLIKGAAKLIGKTVAKEAGKTGLELMACKITNQC,ecoli,ATCC 25922,2.233572223,0.349,development,4,DBAASP
dbaasp_11399,YRMWRWAWRWR,ecoli,ATCC 25922,5.767664634,0.761,development,2,DBAASP
dbAMP_11361,SYVGDCGSNGGSCVSSYCPYGNRLNYFCPLGRTCCRRSY,ecoli,ATCC 25922,14.99684836,1.176,development,1,dbAMP
dbaasp_20154,LKWLKWLLK,ecoli,ATCC 25922,1.651961798,0.218,development,2,DBAASP
dbAMP_19453,LRVKKRRWKYRVPP,ecoli,ATCC 25922,3.326595533,0.522,development,4,dbAMP
dbaasp_15037,AGGKRIVQRIKDFLRGAGGRLFDKIRQVIRKG,ecoli,ATCC 25922,1.25025903,0.097,development,2,DBAASP
dbaasp_17607,RQIIRRMQR,ecoli,ATCC 25922,40.3645393,1.606,development,4,DBAASP
dbAMP_10490,RIKRFWPVVIRTVV,ecoli,ATCC 25922,0.034276779,-1.465,development,5,dbAMP
dbaasp_17817,GKKPGWWKAK,ecoli,ATCC 25922,214.2890601,2.331,development,2,DBAASP
dbaasp_1601,GFWDSVKEGLKNAAVTILNKIKCKISECPPA,ecoli,ATCC 25922,14.96235656,1.175,development,4,DBAASP
dbaasp_3857,GVCRCVCRRGVCRCVCRR,ecoli,ATCC 25922,31.9889511,1.505,development,5,DBAASP
dbaasp_6752,RRWWRWWR,ecoli,ATCC 25922,5.470159629,0.738,development,1,DBAASP
dbaasp_10467,ILGAVWNGVKSLF,ecoli,ATCC 25922,72.11074792,1.858,development,5,DBAASP
dbaasp_8425,GLLSGILGAGKRIVCGLSGLC,ecoli,ATCC 25922,2.540972706,0.405,development,5,DBAASP
dbaasp_10534,GLPVCGETCTLGTCSTQGCTCSWPICKRN,ecoli,ATCC 25922,159.9558029,2.204,development,4,DBAASP
dbaasp_11263,GFKLGRKLVKVFKWII,ecoli,ATCC 25922,0.500034535,-0.301,development,4,DBAASP
dbaasp_13937,GIIAGIIKIIKA,ecoli,ATCC 25922,127.9381304,2.107,development,2,DBAASP
dbaasp_17824,GRRPLLLRAR,ecoli,ATCC 25922,210.377844,2.323,development,5,DBAASP
dbaasp_13460,RWIRWVWRKKLR,ecoli,ATCC 25922,0.441570447,-0.355,development,3,DBAASP
dbaasp_9333,GRRPRPRPRPFFF,ecoli,ATCC 25922,159.9558029,2.204,development,4,DBAASP
dbaasp_15054,KRIVQRIKDALR,ecoli,ATCC 25922,10,1,development,3,DBAASP
dbaasp_18985,SIFSLFKMGAKALGKTLLKQAGKAGAEYAACKATNQC,ecoli,ATCC 25922,10,1,development,2,DBAASP
dbaasp_14041,KIKKIIKKIIKI,ecoli,ATCC 25922,184.9268619,2.267,development,4,DBAASP
dbaasp_14765,KSAFELPHYGL,ecoli,ATCC 25922,500.034535,2.699,development,5,DBAASP
dbaasp_1241,ILGTILGLLKGL,ecoli,ATCC 25922,7.99834255,0.903,development,1,DBAASP
dbaasp_10246,FLQHIIGALTHIF,ecoli,ATCC 25922,103.9920166,2.017,development,1,DBAASP
dbaasp_10229,ASVVNKLTGGVAGLLK,ecoli,ATCC 25922,2.500345362,0.398,development,1,DBAASP
dbaasp_12417,FFSLIPSLVKKLIKAFK,ecoli,ATCC 25922,2.301441817,0.362,development,2,DBAASP
dbaasp_8306,FKRLKKLISWIKRKRQQ,ecoli,ATCC 25922,1,0,development,1,DBAASP
dbaasp_7678,VQLRIRVCVIRR,ecoli,ATCC 25922,10.71519305,1.03,development,2,DBAASP
dbaasp_19597,ILGRLRDLLRRGGRKIGQGLERIGQRIQGFFSNREPMEES,ecoli,ATCC 25922,3.899419867,0.591,development,1,DBAASP
dbaasp_13911,RFRRLRWKTRWRLKKIRFGRFLRKIRRFRPK,ecoli,ATCC 25922,0.511681836,-0.291,development,5,DBAASP
dbaasp_18821,RWLHLPGRWLHL,ecoli,ATCC 25922,0.799834255,-0.097,development,2,DBAASP
dbaasp_16447,VKRWKKWFRKWKKWV,ecoli,ATCC 25922,2.098939884,0.322,development,3,DBAASP
dbaasp_4152,GIGTKFLGGVKTALKGALKELAFTYVN,ecoli,ATCC 25922,13.48962883,1.13,development,2,DBAASP
dbaasp_9847,KKCKFFCKVKKKIKSIGFQIPIVSIPFK,ecoli,ATCC 25922,1.435489433,0.157,development,3,DBAASP
dbaasp_3668,ILPFVAGVAAMEMEHVYCAASKKC,ecoli,ATCC 25922,3.837072455,0.584,development,2,DBAASP
dbaasp_6168,FLPLIAGVAANFLPKIFCLISKKC,ecoli,ATCC 25922,100,2,development,3,DBAASP
dbaasp_19291,GFLDTLKNIGKTVGRIALNVLT,ecoli,ATCC 25922,6.823386941,0.834,development,3,DBAASP
dbaasp_904,WKLFKKILKVL,ecoli,ATCC 25922,2.86417797,0.457,development,1,DBAASP
dbaasp_5054,KISKKIMRTFLRRILTGKK,ecoli,ATCC 25922,6.950243176,0.842,development,4,DBAASP
dbaasp_19996,LRVRARLRL,ecoli,ATCC 25922,15.99558029,1.204,development,5,DBAASP
dbaasp_7768,RFRRLRKKWRKRLKKI,ecoli,ATCC 25922,63.97348355,1.806,development,1,DBAASP
dbaasp_20265,WIRRIWRRIR,ecoli,ATCC 25922,1.99986187,0.301,development,1,DBAASP
dbaasp_18789,GWWRRTVKKVRNAVRKV,ecoli,ATCC 25922,3.76703799,0.576,development,4,DBAASP
dbaasp_4287,AIPCGESCVWIPCISTVIGCSCSNKVCYR,ecoli,ATCC 25922,6.60693448,0.82,development,5,DBAASP
dbaasp_16906,FTILKKLKSFIK,ecoli,ATCC 25922,63.97348355,1.806,development,2,DBAASP
dbaasp_19951,WRWRWRWRWRWR,ecoli,ATCC 25922,7.99834255,0.903,development,3,DBAASP
dbaasp_9442,RRWQWR,ecoli,ATCC 25922,101.3911386,2.006,development,5,DBAASP
dbaasp_13939,GIIAGIIIKIKK,ecoli,ATCC 25922,7.99834255,0.903,development,3,DBAASP
dbaasp_10342,FKKFFKKLKNSVKKR,ecoli,ATCC 25922,6.807693587,0.833,development,5,DBAASP
dbaasp_14026,IHHIHHIIHHIHHI,ecoli,ATCC 25922,3.999447498,0.602,development,2,DBAASP
dbaasp_11541,EEEEEEEEEEKKRLKKIFKKPMVIGVTIPF,ecoli,ATCC 25922,35.0751874,1.545,development,5,DBAASP
dbaasp_20108,GALEIFKKYRLPKCF,ecoli,ATCC 25922,111.4294534,2.047,development,2,DBAASP
DRAMP03872,FQWQRNMRKV,ecoli,ATCC 25922,299.9162519,2.477,development,5,DRAMP
dbaasp_17695,WRWWRWWRWWRWWRW,ecoli,ATCC 25922,15.99558029,1.204,development,4,DBAASP
dbaasp_4125,QRFSQPTFKLPQGRLTLSRKFR,ecoli,ATCC 25922,9.354056741,0.971,development,1,DBAASP
dbaasp_348,CVKVSVKVGSGVKVSVKVC,ecoli,ATCC 25922,0.005000345,-2.301,development,5,DBAASP
dbaasp_1170,AKKIRVRLSA,ecoli,ATCC 25922,14.25607594,1.154,development,5,DBAASP
dbaasp_4708,AFRKQLKW,ecoli,ATCC 25922,3.775721909,0.577,development,1,DBAASP
dbaasp_990,FLPIIAGIAAKVFPKIFCAISKKC,ecoli,ATCC 25922,13.99587323,1.146,development,1,DBAASP
dbaasp_15114,RRRWWWWL,ecoli,ATCC 25922,1.99986187,0.301,development,2,DBAASP
dbaasp_18605,QGQCHQQRGRCFLHQCPLSHYFLGRLDCGPGRRCCRRRK,ecoli,ATCC 25922,3.396252726,0.531,development,2,DBAASP
dbAMP_20708,WKKIWKKIWKPGIKKWIKKWIK,ecoli,ATCC 25922,1.99986187,0.301,development,2,dbAMP
dbaasp_13886,FFHHIFRGKVHVGKTIHRLVTG,ecoli,ATCC 25922,1.207813835,0.082,development,1,DBAASP
dbaasp_11364,DHNNEIVKIQSLLRANKARDDYK,ecoli,ATCC 25922,91.83325965,1.963,development,1,DBAASP
dbaasp_17856,FRWWWRF,ecoli,ATCC 25922,15.99558029,1.204,development,4,DBAASP
dbaasp_20001,KLRWYFKL,ecoli,ATCC 25922,15.99558029,1.204,development,1,DBAASP
dbaasp_10553,FKALLWQWRM,ecoli,ATCC 25922,145.2111618,2.162,development,4,DBAASP
dbaasp_10536,GGVCPKILKKCRRDSDCPGACICRGNGYCGSGSD,ecoli,ATCC 25922,159.9558029,2.204,development,1,DBAASP
dbaasp_19860,FLPIVAKLLSKLL,ecoli,ATCC 25922,127.9381304,2.107,development,1,DBAASP
dbaasp_18176,FLQLWSKGVLRIL,ecoli,ATCC 25922,26.97739432,1.431,development,4,DBAASP
dbaasp_11358,ILPLLLGKVVCAITKKC,ecoli,ATCC 25922,29.99162519,1.477,development,4,DBAASP
dbaasp_3397,GLMSLFRGVLKTAGKHIFKNVGGSLLDQAKCKITGEC,ecoli,ATCC 25922,2.999162519,0.477,development,5,DBAASP
dbaasp_14207,GRWRWWWRWRF,ecoli,ATCC 25922,7.99834255,0.903,development,1,DBAASP
dbaasp_19233,FFSLIPKLVGKLISAFK,ecoli,ATCC 25922,2.338837239,0.369,development,3,DBAASP
dbaasp_4581,KSDVRRWRSRY,ecoli,ATCC 25922,100,2,development,4,DBAASP
dbaasp_16885,CKKKKC,ecoli,ATCC 25922,88.92011179,1.949,development,4,DBAASP
dbaasp_2261,KWCFRVCYRGICYRRCR,ecoli,ATCC 25922,0.026668587,-1.574,development,4,DBAASP
dbaasp_18813,RWLKLPGRWLKL,ecoli,ATCC 25922,5.701642723,0.756,development,1,DBAASP
dbaasp_8628,GMLKRIKTLL,ecoli,ATCC 25922,199.986187,2.301,development,3,DBAASP
dbaasp_18731,GILGKLWEGVKSIL,ecoli,ATCC 25922,12.5025903,1.097,development,5,DBAASP
dbaasp_9984,FFHHIFRGIVHVGKKIHRLVKG,ecoli,ATCC 25922,1.698243652,0.23,development,3,DBAASP
dbaasp_776,VWPLVIRTVIAGYNLYRAIKKK,ecoli,ATCC 25922,4.797334486,0.681,development,5,DBAASP
dbaasp_9533,ILSLRWRWWKWKK,ecoli,ATCC 25922,7.99834255,0.903,development,5,DBAASP
dbaasp_12129,HGVSGHGQHGVHG,ecoli,ATCC 25922,6.412095766,0.807,development,3,DBAASP
dbaasp_13529,RLCRIVVIRVCR,ecoli,ATCC 25922,3.999447498,0.602,development,2,DBAASP
dbaasp_10357,RILTMTKRVKMPQLYKQIVCRLFKTC,ecoli,ATCC 25922,31.40508694,1.497,development,5,DBAASP
dbaasp_12224,LVPFIGRTLGGLLARF,ecoli,ATCC 25922,63.97348355,1.806,development,2,DBAASP
dbaasp_10713,YSWPRMPRIPRLPRYPRYPRYPRWPRHPTIYA,ecoli,ATCC 25922,1,0,development,3,DBAASP
dbaasp_17675,GFFRRIKTFF,ecoli,ATCC 25922,31.9889511,1.505,development,5,DBAASP
dbAMP_20711,WKKIWKPGIKKWIKK,ecoli,ATCC 25922,63.97348355,1.806,development,4,dbAMP
dbaasp_9342,RRPRPRPRPFFFF,ecoli,ATCC 25922,79.9834255,1.903,development,1,DBAASP
dbaasp_5018,HFLGKLVNLAKKIL,ecoli,ATCC 25922,7.99834255,0.903,development,4,DBAASP
dbaasp_11866,GIKKWVKGVAKGVAKDLAKKIL,ecoli,ATCC 25922,0.125025903,-0.903,development,3,DBAASP
dbAMP_24929,RKILILIKRK,ecoli,ATCC 25922,101.3911386,2.006,development,5,dbAMP
dbaasp_2500,KVYLPRYKVYSTAAGRYQLL,ecoli,ATCC 25922,149.9684836,2.176,development,1,DBAASP
dbaasp_18173,FVQWLSKFLGRIL,ecoli,ATCC 25922,5.997910763,0.778,development,3,DBAASP
dbaasp_11885,WLNALKKVFQGIHEAIKLIWNHVQ,ecoli,ATCC 25922,1.99986187,0.301,development,3,DBAASP
dbaasp_10054,GLFDIWKKLRWRR,ecoli,ATCC 25922,17.82378767,1.251,development,4,DBAASP
dbaasp_3730,ATNIPFKVHFRCKAAFC,ecoli,ATCC 25922,12.1338885,1.084,development,2,DBAASP
dbaasp_11400,YRMWRWRWRWR,ecoli,ATCC 25922,4.120975191,0.615,development,2,DBAASP
dbaasp_4118,GIFGKILGVGKKVLCGLSGMC,ecoli,ATCC 25922,15.5238701,1.191,development,3,DBAASP
dbaasp_9624,IRVKIRVK,ecoli,ATCC 25922,62.95061829,1.799,development,4,DBAASP
dbaasp_5474,KVANTVQKLKRKAKNAV,ecoli,ATCC 25922,50.0034535,1.699,development,1,DBAASP
dbaasp_4134,FIHHIIGWISHGVRAIHRAIHG,ecoli,ATCC 25922,5.00034535,0.699,development,4,DBAASP
dbaasp_17461,SHHRPRLFHRRRH,ecoli,ATCC 25922,18.03017741,1.256,development,5,DBAASP
dbAMP_02406,FWQKMSFA,ecoli,ATCC 25922,5.495408739,0.74,development,3,dbAMP
dbaasp_15844,RRWYWWWYWRR,ecoli,ATCC 25922,31.9889511,1.505,development,2,DBAASP
dbaasp_6702,FLPFLLSALPKVFCFFSKKC,ecoli,ATCC 25922,15.99558029,1.204,development,4,DBAASP
dbaasp_2203,NFLGTLVNLAKKIL,ecoli,ATCC 25922,39.99447498,1.602,development,5,DBAASP
dbaasp_1579,SIITGTKEAKLPQLWKQIACRLYNTC,ecoli,ATCC 25922,20.2768272,1.307,development,4,DBAASP
dbaasp_16061,RKIWWWWL,ecoli,ATCC 25922,6.194410751,0.792,development,4,DBAASP
dbaasp_10856,RRRIKIRWY,ecoli,ATCC 25922,23.33458062,1.368,development,3,DBAASP
dbaasp_447,KWKLFKKIGAVLKVL,ecoli,ATCC 25922,1.140249788,0.057,development,1,DBAASP
dbaasp_6414,RRSQARKCSRGNGGKIGSIRCRGGGTRLGGGSLIGR,ecoli,ATCC 25922,1.25025903,0.097,development,3,DBAASP
dbaasp_10171,KFWKLLKKALRLWAKVL,ecoli,ATCC 25922,3.76703799,0.576,development,3,DBAASP
dbaasp_3714,GILSGILGVGKKLVCGLSGLC,ecoli,ATCC 25922,5.834451043,0.766,development,1,DBAASP
dbaasp_18819,RWVHVPGRWVHV,ecoli,ATCC 25922,3.097419299,0.491,development,5,DBAASP
dbaasp_8812,WRRRRRRRR,ecoli,ATCC 25922,43.95416154,1.643,development,2,DBAASP
dbaasp_17060,LKKLLKLNKKLLKLAG,ecoli,ATCC 25922,2.500345362,0.398,development,2,DBAASP
dbaasp_1739,RRWKIVVIRWRR,ecoli,ATCC 25922,2.344228815,0.37,development,3,DBAASP
dbaasp_13632,KWYKKWYKKWYKKWYK,ecoli,ATCC 25922,1,0,development,4,DBAASP
dbaasp_8050,GILDTLKQLGKAAAQSLLSKAACKLAKTC,ecoli,ATCC 25922,50.0034535,1.699,development,2,DBAASP
dbAMP_24560,SWIKKDKFPSSTGPYNPNPPPPRF,ecoli,ATCC 25922,63.97348355,1.806,development,5,dbAMP
dbaasp_19560,ASVVKWWWKWWWKLLK,ecoli,ATCC 25922,1,0,development,2,DBAASP
dbaasp_16775,LNLRALLAVARRIL,ecoli,ATCC 25922,3.999447498,0.602,development,4,DBAASP
dbaasp_817,YPSKPDNPGEDAPAEDMARYYSALRHYINLITRQRY,ecoli,ATCC 25922,10.93956366,1.039,development,1,DBAASP
dbaasp_10646,GRFRRLRKKTRKRLKKIGKVLKAI,ecoli,ATCC 25922,15.99558029,1.204,development,1,DBAASP
dbAMP_19508,LRLKKRRWQYRVPP,ecoli,ATCC 25922,3.30369541,0.519,development,3,dbAMP
dbaasp_3737,ENAEEDIVLMENLFCSYIVGSADSFWT,ecoli,ATCC 25922,65.31305526,1.815,development,1,DBAASP
dbaasp_16432,LKKLACRLKKLACRLKKLACR,ecoli,ATCC 25922,3.999447498,0.602,development,5,DBAASP
dbaasp_9881,GVVVRVGRVVVRWVRRRR,ecoli,ATCC 25922,3.999447498,0.602,development,3,DBAASP
dbaasp_13668,WFKIIKK,ecoli,ATCC 25922,1059.253725,3.025,development,1,DBAASP
dbaasp_13065,AARIILRPRFR,ecoli,ATCC 25922,15.99558029,1.204,development,4,DBAASP
dbaasp_1464,VIGSILGALASGLPTLISWIKNR,ecoli,ATCC 25922,25.00345362,1.398,development,3,DBAASP
dbaasp_15006,NNEENELRRRVSFNRAVIHSLLG,ecoli,ATCC 25922,258.8212915,2.413,development,4,DBAASP
dbaasp_1604,GFGDSVKEGLKNAAVTILNKIKCKISECGGA,ecoli,ATCC 25922,31.91537855,1.504,development,2,DBAASP
dbaasp_20233,AFKLLGRIIHHVGNFVYGFSHVF,ecoli,ATCC 25922,24.21029047,1.384,development,2,DBAASP
dbaasp_17529,TKCFQWQRNMRKVRGPPVSCIKRDSPIQCI,ecoli,ATCC 25922,0.70307232,-0.153,development,1,DBAASP
dbaasp_19855,FLPIVAKLLKGLL,ecoli,ATCC 25922,127.9381304,2.107,development,3,DBAASP
dbAMP_11661,VARGWKRKCPLFGKGG,ecoli,ATCC 25922,1,0,development,2,dbAMP
dbaasp_3232,FFFLSRIF,ecoli,ATCC 25922,25.00345362,1.398,development,1,DBAASP
dbaasp_18331,GIKRGIIKIIRRIKRI,ecoli,ATCC 25922,15.99558029,1.204,development,3,DBAASP
dbaasp_129,GLRKALRKFRNKIKEALKKI,ecoli,ATCC 25922,1.99986187,0.301,development,2,DBAASP
dbaasp_19571,KLLKKVVKLFKKLLK,ecoli,ATCC 25922,3.097419299,0.491,development,4,DBAASP
dbaasp_13841,GLLSSLLLLGKLL,ecoli,ATCC 25922,25.00345362,1.398,development,3,DBAASP
dbaasp_1781,GIGKFLHSAGKFGKAFVGEIMKS,ecoli,ATCC 25922,104.4720219,2.019,development,3,DBAASP
dbaasp_12229,FLRSLLRGAKAIYRGARAGWRG,ecoli,ATCC 25922,1.905460718,0.28,development,5,DBAASP
dbaasp_7117,FRVTWRTKWWKG,ecoli,ATCC 25922,5.997910763,0.778,development,5,DBAASP
dbAMP_19507,LRLKKRRWTYRVPP,ecoli,ATCC 25922,3.349654392,0.525,development,2,dbAMP
dbaasp_7430,GLLKKIKWLL,ecoli,ATCC 25922,12.5025903,1.097,development,1,DBAASP
dbaasp_5002,LFCKGGSCHFGGCPSHLIKVGSCFGFRSCCKWPWNA,ecoli,ATCC 25922,0.680769359,-0.167,development,4,DBAASP
dbaasp_5137,VRRFAWWWAFLRR,ecoli,ATCC 25922,1.99986187,0.301,development,4,DBAASP
dbaasp_17635,RKIRRKWKR,ecoli,ATCC 25922,38.19442708,1.582,development,2,DBAASP
dbaasp_17468,SHHRHFRSHQCR,ecoli,ATCC 25922,20.37042078,1.309,development,4,DBAASP
dbaasp_9441,RKWVYWRNR,ecoli,ATCC 25922,92.89663868,1.968,development,5,DBAASP
dbaasp_2363,GIGKFLHSAKKWGKAFVGEIMNS,ecoli,ATCC 25922,7.99834255,0.903,development,2,DBAASP
dbaasp_13876,GLLKRI,ecoli,ATCC 25922,4.775292737,0.679,development,4,DBAASP
dbaasp_18598,QPECLRQGGMCRPRLCPYVSLGQLDCQNGHVCCRKKPRK,ecoli,ATCC 25922,115.0800389,2.061,development,2,DBAASP
dbaasp_4213,FLPAIVGAAAKFLPKIFCAISKKC,ecoli,ATCC 25922,16.98243652,1.23,development,4,DBAASP
dbaasp_16988,WRWWKWW,ecoli,ATCC 25922,3.288516309,0.517,development,5,DBAASP
dbaasp_17692,WRWWRW,ecoli,ATCC 25922,31.9889511,1.505,development,2,DBAASP
dbaasp_3655,IDPFVAGVAAEMMQHVYCAASKKC,ecoli,ATCC 25922,3.564511334,0.552,development,1,DBAASP
dbaasp_17049,AKKLLKLLKKLLKLAG,ecoli,ATCC 25922,5.00034535,0.699,development,5,DBAASP
dbaasp_3764,GKFLHSAGKFGKAFLGEVMIG,ecoli,ATCC 25922,100,2,development,1,DBAASP
dbaasp_4170,ILGPVLGLDGNALGGLIKKI,ecoli,ATCC 25922,51.40436516,1.711,development,1,DBAASP
dbaasp_9438,RWWVAWRNR,ecoli,ATCC 25922,46.98941086,1.672,development,1,DBAASP
dbaasp_3660,ILPFVAGVAAEMMEHVYCAASKKC,ecoli,ATCC 25922,5.140436516,0.711,development,2,DBAASP
dbaasp_15902,KRFWPLVPVAINTVAAGIN,ecoli,ATCC 25922,127.9381304,2.107,development,5,DBAASP
dbaasp_19557,ASVVKWWTKWWAKLLK,ecoli,ATCC 25922,3.999447498,0.602,development,3,DBAASP
dbaasp_17697,WRKWRKWRK,ecoli,ATCC 25922,15.99558029,1.204,development,2,DBAASP
dbaasp_3484,FFPIVGKRLYGLL,ecoli,ATCC 25922,46.55860935,1.668,development,3,DBAASP
dbaasp_17081,FKRIHQRIKDFLR,ecoli,ATCC 25922,5.00034535,0.699,development,1,DBAASP
dbaasp_15903,LYKAIRRK,ecoli,ATCC 25922,127.9381304,2.107,development,1,DBAASP
dbaasp_17085,FKRIVQRIKDQLR,ecoli,ATCC 25922,10,1,development,3,DBAASP
dbaasp_13924,ELLSRVN,ecoli,ATCC 25922,78.88601176,1.897,development,5,DBAASP
dbaasp_5526,KAYSTPRCKGLFRALMCWL,ecoli,ATCC 25922,5.61047976,0.749,development,3,DBAASP
dbaasp_16810,KLLKLLKKVVGALG,ecoli,ATCC 25922,10.99005839,1.041,development,4,DBAASP
dbaasp_15065,KRIVQRIKDFKR,ecoli,ATCC 25922,10,1,development,2,DBAASP
dbaasp_16412,VCRKPVVCRKPV,ecoli,ATCC 25922,63.97348355,1.806,development,5,DBAASP
dbaasp_17610,RQIRRWWMR,ecoli,ATCC 25922,36.47539469,1.562,development,2,DBAASP
dbaasp_12226,NLLGFLQGAKDILKECEADNYQGWLCESYKPQ,ecoli,ATCC 25922,63.97348355,1.806,development,1,DBAASP
dbaasp_14342,KRIWWR,ecoli,ATCC 25922,8.413951416,0.925,development,3,DBAASP
dbaasp_1893,GILDKLKEFGISAARGVAQSLLNTASCKLAKTC,ecoli,ATCC 25922,149.9684836,2.176,development,2,DBAASP
dbaasp_11746,KWCFRVCYRGICYRRCA,ecoli,ATCC 25922,0.00691831,-2.16,development,5,DBAASP
dbaasp_1740,GIPCGESCVWIPCISSAIGCSCKSKVCYRN,ecoli,ATCC 25922,19.9986187,1.301,development,3,DBAASP
dbaasp_18175,FVQWLSKLLGRIL,ecoli,ATCC 25922,11.99499303,1.079,development,3,DBAASP
dbaasp_2020,KILRGVSKKIMRTFLRRISKDILTGKK,ecoli,ATCC 25922,1.261827535,0.101,development,4,DBAASP
dbaasp_16082,KIWWWWLR,ecoli,ATCC 25922,6.194410751,0.792,development,3,DBAASP
dbAMP_05292,KRMGIFHLFWAGLRKLGNLIKNKIQQGIENFLG,ecoli,ATCC 25922,2.382319469,0.377,development,3,dbAMP
dbaasp_11172,GKEFKRIVKWPWWPWRR,ecoli,ATCC 25922,3.999447498,0.602,development,1,DBAASP
dbAMP_17496,GLRKRLRKFRNKFKEKLKKIGQKIQGLLPKLAPRTDY,ecoli,ATCC 25922,0.449779855,-0.347,development,2,dbAMP
dbaasp_370,GCRRFKKFKKWRYRGRFWFWCFG,ecoli,ATCC 25922,20.46444637,1.311,development,4,DBAASP
dbaasp_3193,ALWKTLLKNVGKAAGKAALNAVTDMVNQ,ecoli,ATCC 25922,2.500345362,0.398,development,1,DBAASP
dbaasp_8961,RIKRFWPVVIRTVVAGYNLY,ecoli,ATCC 25922,61.65950019,1.79,development,4,DBAASP
dbaasp_7115,FPVTWPTKWWKG,ecoli,ATCC 25922,125.025903,2.097,development,3,DBAASP
dbaasp_1817,FLPIIAGVAAKVFPKIFCAISKKC,ecoli,ATCC 25922,13.99587323,1.146,development,2,DBAASP
dbaasp_4617,LLQWLSKLLGRWL,ecoli,ATCC 25922,47.97334486,1.681,development,5,DBAASP
dbaasp_12716,IRPIIRPIIRPIIRPIIRPIIRPIIRPIIRPI,ecoli,ATCC 25922,1.99986187,0.301,development,1,DBAASP
dbaasp_8593,GLFDVIKKLLKKIGGL,ecoli,ATCC 25922,6.295061829,0.799,development,1,DBAASP
dbaasp_18377,PKRWGRWLRKIRRWR,ecoli,ATCC 25922,1.874994508,0.273,development,2,DBAASP
dbaasp_8159,AFFARLLASVRAAVKAFAKKPRLIGLSTLL,ecoli,ATCC 25922,62.23002852,1.794,development,4,DBAASP
dbaasp_18225,PWKLKLHL,ecoli,ATCC 25922,15.99558029,1.204,development,4,DBAASP
dbaasp_17184,FPLTWLKWWKWKK,ecoli,ATCC 25922,17.10015315,1.233,development,1,DBAASP
dbaasp_20099,FLGALIPAITGLIGGLINR,ecoli,ATCC 25922,105.6817509,2.024,development,2,DBAASP
dbaasp_19251,RRIRRPRLPRPRVPRPRI,ecoli,ATCC 25922,1.99986187,0.301,development,3,DBAASP
dbaasp_12223,FLGALGNALSRVL,ecoli,ATCC 25922,63.97348355,1.806,development,2,DBAASP
dbaasp_8876,DIGKYCGYAHALN,ecoli,ATCC 25922,100,2,development,5,DBAASP
dbaasp_1473,FIGPIISALASLFG,ecoli,ATCC 25922,59.97910763,1.778,development,2,DBAASP
dbaasp_13676,RRLWKKTWKRLW,ecoli,ATCC 25922,3.999447498,0.602,development,3,DBAASP
dbaasp_19610,LKLKRRRFKLKL,ecoli,ATCC 25922,31.9889511,1.505,development,5,DBAASP
dbaasp_5469,GILKTIKSIASKVANTVQKLKRKAKNAV,ecoli,ATCC 25922,1.599558029,0.204,development,4,DBAASP
dbAMP_19467,LRLKKRRWKYRLPP,ecoli,ATCC 25922,13.21295634,1.121,development,1,dbAMP
dbaasp_5249,RRIRPRPPRLPRPRP,ecoli,ATCC 25922,31.9889511,1.505,development,3,DBAASP
dbaasp_13680,LRLRLKTRLRLK,ecoli,ATCC 25922,3.999447498,0.602,development,2,DBAASP
dbaasp_16809,KLLKLVKKVVGALG,ecoli,ATCC 25922,21.97859873,1.342,development,5,DBAASP
dbAMP_10756,RRWWRF,ecoli,ATCC 25922,39.99447498,1.602,development,4,dbAMP
dbaasp_6169,FLPVIASVAAKVLPKVFCFITKKC,ecoli,ATCC 25922,50.0034535,1.699,development,2,DBAASP
dbaasp_2864,LLKWLKKWLKK,ecoli,ATCC 25922,27.28977783,1.436,development,4,DBAASP
dbaasp_8624,GVLKRIKTLV,ecoli,ATCC 25922,199.986187,2.301,development,3,DBAASP
dbaasp_7024,SPGRPRPFPGRPKPIFRPR,ecoli,ATCC 25922,100,2,development,1,DBAASP
dbaasp_764,LLGDFFRKSKEKIGKEFKRIVQRIKDFLRNLVPRTES,ecoli,ATCC 25922,2.500345362,0.398,development,1,DBAASP
dbaasp_16588,DILIIVGGRRRRRR,ecoli,ATCC 25922,15.99558029,1.204,development,4,DBAASP
dbaasp_4154,GIGGKILGGLRTALKGAAKELAATYLH,ecoli,ATCC 25922,3.531831698,0.548,development,2,DBAASP
dbaasp_2159,ILGKIWEGIKSLF,ecoli,ATCC 25922,5.495408739,0.74,development,4,DBAASP
dbaasp_6167,FLGAIAGVAAKFLPKVFCFITKKC,ecoli,ATCC 25922,25.00345362,1.398,development,5,DBAASP
dbAMP_25342,FPLTCPTKWWKG,ecoli,ATCC 25922,69.18309709,1.84,development,2,dbAMP
dbaasp_12576,RFRPPIRRPPIRPPFYPPF,ecoli,ATCC 25922,11.99499303,1.079,development,2,DBAASP
dbaasp_10636,RRLRKKTRKRLKKIGKVLKWI,ecoli,ATCC 25922,1.99986187,0.301,development,4,DBAASP
dbaasp_20060,VWWRRRWWV,ecoli,ATCC 25922,7.99834255,0.903,development,1,DBAASP
dbaasp_12762,GCKKYRRFRWKFKGKFWFWG,ecoli,ATCC 25922,23.76840287,1.376,development,2,DBAASP
dbaasp_13069,AARIILRTRFR,ecoli,ATCC 25922,7.99834255,0.903,development,5,DBAASP
dbaasp_12715,IRPIIRPIIRPIIRPIIRPIIRPIIRPI,ecoli,ATCC 25922,1,0,development,4,DBAASP
dbaasp_19117,KWKVFKKIEKMGRNIRNGIVK,ecoli,ATCC 25922,12.24616199,1.088,development,4,DBAASP
dbaasp_3475,FLGALWNVAKSVF,ecoli,ATCC 25922,25.00345362,1.398,development,5,DBAASP
dbaasp_834,GIGTKILGGVKTALKGALKELASTYVN,ecoli,ATCC 25922,7.261059574,0.861,development,2,DBAASP
dbaasp_8612,NLCASLRARHTIPQCKKFGRR,ecoli,ATCC 25922,2.582260191,0.412,development,2,DBAASP
dbaasp_9467,FLSLIPHIVSGVASLAIHF,ecoli,ATCC 25922,199.986187,2.301,development,5,DBAASP
dbaasp_16987,RWWKWWK,ecoli,ATCC 25922,6.918309709,0.84,development,1,DBAASP
dbAMP_01645,FFGHLFRGIINVGKHIHGLLSG,ecoli,ATCC 25922,7.99834255,0.903,development,3,dbAMP
dbaasp_8081,PRPRCRRRFCRPRP,ecoli,ATCC 25922,15.99558029,1.204,development,2,DBAASP
dbaasp_19615,RIRIRRRRFRIRIR,ecoli,ATCC 25922,3.999447498,0.602,development,5,DBAASP
dbAMP_20720,QKRPRVRLSAWKKIWKPGIKKWIK,ecoli,ATCC 25922,7.99834255,0.903,development,3,dbAMP
dbaasp_20145,KKLLKWLLKW,ecoli,ATCC 25922,11.96740531,1.078,development,5,DBAASP
dbaasp_16580,DILIIVGGKERKKRRR,ecoli,ATCC 25922,63.97348355,1.806,development,5,DBAASP
dbaasp_4457,ACDTATCVTHRLAGLLSRSGGVVKNNFVPTNVGSKAF,ecoli,ATCC 25922,0.555904257,-0.255,development,1,DBAASP
DRAMP03878,RRWWRRWRRW,ecoli,ATCC 25922,14.99684836,1.176,development,2,DRAMP
dbaasp_16424,IIICRKPIICRKPIII,ecoli,ATCC 25922,7.99834255,0.903,development,4,DBAASP
dbaasp_6931,GLKALKKVFKGIHKAIKLINKHVQ,ecoli,ATCC 25922,5.00034535,0.699,development,4,DBAASP
dbaasp_9876,WGRAFRRLVRRLARGLRR,ecoli,ATCC 25922,27.86121169,1.445,development,4,DBAASP
dbaasp_7028,RRRPRPPYLPRPRPPPFFPPRLPPRI,ecoli,ATCC 25922,0.799834255,-0.097,development,1,DBAASP
dbaasp_8595,GLLKRIKKLLKKIKKLL,ecoli,ATCC 25922,12.5025903,1.097,development,1,DBAASP
dbAMP_24665,GKPYGNAYLGLRPKYSRWL,ecoli,ATCC 25922,1.798870915,0.255,development,1,dbAMP
dbaasp_8241,GIGKFLHSAKKFGKAFVGEIMNSGGS,ecoli,ATCC 25922,25.00345362,1.398,development,1,DBAASP
dbaasp_20153,KLLKWLLKW,ecoli,ATCC 25922,1.651961798,0.218,development,4,DBAASP
dbaasp_10700,KIKWILKYWKWS,ecoli,ATCC 25922,1,0,development,2,DBAASP
dbaasp_1275,LIKIVPAMICAVTKKC,ecoli,ATCC 25922,149.279441,2.174,development,2,DBAASP
dbaasp_8437,LPFFLLSLIPSAISAIKKI,ecoli,ATCC 25922,23.98832919,1.38,development,5,DBAASP
dbaasp_1057,PFFWRIRIRR,ecoli,ATCC 25922,5.597576015,0.748,development,5,DBAASP
dbaasp_13125,KWKKWWKWI,ecoli,ATCC 25922,5.834451043,0.766,development,5,DBAASP
dbaasp_17043,GGHIRRIIRKIIHIIKK,ecoli,ATCC 25922,15.99558029,1.204,development,5,DBAASP
dbaasp_8517,RRIRPRPPRLPRPRPRPLPYPRP,ecoli,ATCC 25922,1,0,development,3,DBAASP
dbaasp_2207,AVDLAKIANKVLSSLF,ecoli,ATCC 25922,37.49730022,1.574,development,5,DBAASP
dbaasp_4166,ILGPVLGLVGNALGGLIKKL,ecoli,ATCC 25922,51.88000389,1.715,development,2,DBAASP
dbaasp_13681,RWLRWWTRWRLK,ecoli,ATCC 25922,3.999447498,0.602,development,3,DBAASP
dbaasp_13451,NAMRGAKRVWRHI,ecoli,ATCC 25922,31.69567463,1.501,development,2,DBAASP
dbaasp_14022,IHHIHHHIHHIHHH,ecoli,ATCC 25922,31.9889511,1.505,development,1,DBAASP
dbAMP_25146,GLPALISWSKRKRQQ,ecoli,ATCC 25922,100,2,development,1,dbAMP
dbaasp_2310,GILSTIKDFAIKAGKGAAKGLLEMASCKLSGQC,ecoli,ATCC 25922,2.999162519,0.477,development,3,DBAASP
dbAMP_19460,LRLKKRRWKFRVPP,ecoli,ATCC 25922,6.714288529,0.827,development,2,dbAMP
dbaasp_6203,RQIKIWFQNRRMKWKK,ecoli,ATCC 25922,6.99841996,0.845,development,1,DBAASP
dbaasp_17041,GGHGIRRIIRKIIHIIKKGGC,ecoli,ATCC 25922,2.999162519,0.477,development,1,DBAASP
dbaasp_13946,GIRRGIIKIIKR,ecoli,ATCC 25922,127.9381304,2.107,development,4,DBAASP
dbaasp_7006,FFGSMIGALAKGLPSLISLIKK,ecoli,ATCC 25922,12.5025903,1.097,development,5,DBAASP
dbaasp_18085,VFRLKKAIQKVI,ecoli,ATCC 25922,140.2813705,2.147,development,2,DBAASP
dbaasp_14883,GLFDIIAKIAESF,ecoli,ATCC 25922,363.9150361,2.561,development,3,DBAASP
dbaasp_11975,KKKKWWWW,ecoli,ATCC 25922,12.73503081,1.105,development,2,DBAASP
dbaasp_15143,LVTLVFV,ecoli,ATCC 25922,127.9381304,2.107,development,2,DBAASP
dbaasp_13039,AARIILRWFRR,ecoli,ATCC 25922,1.99986187,0.301,development,2,DBAASP
dbaasp_3540,GIMDSVKGLAKNLAGKLLDSLKCKITGC,ecoli,ATCC 25922,16.98243652,1.23,development,3,DBAASP
dbaasp_10754,EKALEKLIAIQKAIKGMLAGWFTGVGARRKR,ecoli,ATCC 25922,31.9889511,1.505,development,4,DBAASP
dbaasp_13082,GLRKRLRKFRNKIKEILKKIGQKIQGLLPKLAPRTDY,ecoli,ATCC 25922,3.639150361,0.561,development,5,DBAASP
dbaasp_11350,FLRFAGSVIHGAGHLVHHIGVAL,ecoli,ATCC 25922,3.999447498,0.602,development,2,DBAASP
dbaasp_6757,RWRYRW,ecoli,ATCC 25922,49.7737085,1.697,development,1,DBAASP
dbaasp_20008,RGLFKKLARAIKKGFKK,ecoli,ATCC 25922,4.753352259,0.677,development,2,DBAASP
dbaasp_11233,GWKDLLKGAAKALVKTVF,ecoli,ATCC 25922,2.999162519,0.477,development,3,DBAASP
dbaasp_17050,LKKALKLLKKLLKLAG,ecoli,ATCC 25922,5.00034535,0.699,development,1,DBAASP
dbaasp_3553,INWLKLGKMVIDAL,ecoli,ATCC 25922,7.99834255,0.903,development,2,DBAASP
dbAMP_25011,FLKGIKGMLGKLL,ecoli,ATCC 25922,2.21309471,0.345,development,5,dbAMP
dbaasp_2027,KWCVYAYVKVKGVLVKYKKCW,ecoli,ATCC 25922,1.99986187,0.301,development,2,DBAASP
dbAMP_02623,GFLDIVKGVGKVALGAVSKLF,ecoli,ATCC 25922,159.9558029,2.204,development,3,dbAMP
dbaasp_1580,SIITMTKEAKLGQLWKQIACRLYNTC,ecoli,ATCC 25922,40.08667176,1.603,development,1,DBAASP
dbaasp_17860,GWRWWWRWG,ecoli,ATCC 25922,3.999447498,0.602,development,5,DBAASP
dbaasp_5567,AKRLKKLAKKIWKWK,ecoli,ATCC 25922,1,0,development,4,DBAASP
dbaasp_1461,FLPVILPVIGKLLNGIL,ecoli,ATCC 25922,50.0034535,1.699,development,2,DBAASP
dbaasp_4659,FLPAIGRVLSGIL,ecoli,ATCC 25922,39.99447498,1.602,development,1,DBAASP
dbaasp_18126,KWKSFLKTFKSAKKTVKHTALKAISS,ecoli,ATCC 25922,0.679203633,-0.168,development,5,DBAASP
dbaasp_14766,KSHFELPAYGL,ecoli,ATCC 25922,500.034535,2.699,development,3,DBAASP
dbaasp_10463,ILGKVWEGVKSLF,ecoli,ATCC 25922,68.54882265,1.836,development,2,DBAASP
dbaasp_479,KKAFAAAAAFAAWAAFAKKKK,ecoli,ATCC 25922,31.9889511,1.505,development,1,DBAASP
dbaasp_19848,FLPIVAELLSGLL,ecoli,ATCC 25922,127.9381304,2.107,development,4,DBAASP
dbaasp_13952,GIAAGIIIKIKK,ecoli,ATCC 25922,31.9889511,1.505,development,5,DBAASP
dbaasp_12721,LRPLLRPLLRPLLRPLLRPLLRPLLRPLLRPL,ecoli,ATCC 25922,1.99986187,0.301,development,5,DBAASP
dbaasp_16442,GVVDILKGAAKDLAGH,ecoli,ATCC 25922,80.90958992,1.908,development,3,DBAASP
dbaasp_18158,INLKAVAALAKKLL,ecoli,ATCC 25922,88.30799004,1.946,development,5,DBAASP
dbaasp_14949,KWKLFKKIWWPFLRR,ecoli,ATCC 25922,1,0,development,3,DBAASP
dbaasp_19513,KRWKKFFRKVIKFF,ecoli,ATCC 25922,3.097419299,0.491,development,2,DBAASP
dbaasp_14724,GWWRRTVRK,ecoli,ATCC 25922,50.0034535,1.699,development,2,DBAASP
dbaasp_9589,KWRRWIRWL,ecoli,ATCC 25922,1.99986187,0.301,development,5,DBAASP
dbaasp_10857,WRKFWKYLK,ecoli,ATCC 25922,23.1739465,1.365,development,4,DBAASP
dbaasp_20269,WIKKIWKKIIKEIK,ecoli,ATCC 25922,3.999447498,0.602,development,1,DBAASP
dbaasp_17626,RQIRWQR,ecoli,ATCC 25922,50.0034535,1.699,development,4,DBAASP
dbaasp_14952,WWPFLRR,ecoli,ATCC 25922,63.97348355,1.806,development,2,DBAASP
dbaasp_8357,YLEQLLR,ecoli,ATCC 25922,40.92606597,1.612,development,3,DBAASP
dbaasp_3178,FLPLILRKIVTAL,ecoli,ATCC 25922,202.768272,2.307,development,3,DBAASP
dbaasp_11788,GLRKRLRKFRNKIKEKPKKIGQKIQGLLPKLAPRTDY,ecoli,ATCC 25922,14.55459081,1.163,development,5,DBAASP
dbaasp_1007,GFGSLFKFLAKKVAKTVAKQAAKQGAKYVANKHME,ecoli,ATCC 25922,0.079983426,-1.097,development,3,DBAASP
dbaasp_16812,KLLKLLKKLLGALG,ecoli,ATCC 25922,1,0,development,5,DBAASP
dbaasp_15873,RKKKMKKALQYIKLLKE,ecoli,ATCC 25922,25.00345362,1.398,development,3,DBAASP
dbaasp_19863,FLPKVKKLLKELL,ecoli,ATCC 25922,15.99558029,1.204,development,1,DBAASP
dbaasp_9466,FLSLIPHIVSGVASLAKHF,ecoli,ATCC 25922,25.00345362,1.398,development,5,DBAASP
dbaasp_15038,AGKRIVQRIKDFLRGAGRLFDKIRQVIRKG,ecoli,ATCC 25922,1.25025903,0.097,development,5,DBAASP
dbaasp_19072,FWRRYKKVKKYRRWF,ecoli,ATCC 25922,1,0,development,4,DBAASP
dbaasp_7733,GVLDILKGAAKDLAGHVATKVINKI,ecoli,ATCC 25922,11.99499303,1.079,development,2,DBAASP
dbaasp_1471,GLFDVVKGVLKGAGKNVAGSLLEQLKCKLSGGC,ecoli,ATCC 25922,29.99162519,1.477,development,4,DBAASP
dbaasp_12580,PIRRPPIRPPFYPPFRPPIRP,ecoli,ATCC 25922,63.97348355,1.806,development,5,DBAASP
dbaasp_3719,GILGNIVGMGKKVVCGLSGLC,ecoli,ATCC 25922,5.649369748,0.752,development,2,DBAASP
dbaasp_5612,KKKKKKKKKKGIGKFLHSAKKFGKAFVGEIMNS,ecoli,ATCC 25922,0.208929613,-0.68,development,5,DBAASP
dbaasp_17592,NRRMKWKK,ecoli,ATCC 25922,50.0034535,1.699,development,5,DBAASP
dbAMP_17502,GLRKRLRKFRNKIKEKKKKIGQKIQGLLPKLAPRTDY,ecoli,ATCC 25922,1.807174126,0.257,development,4,dbAMP
dbaasp_10077,KWRQWQSKWRRTNPWFWIRR,ecoli,ATCC 25922,2.773320105,0.443,development,1,DBAASP
dbaasp_3705,GVFTLIKGATQLIGKTLGKELGKTGLELMACKITNQC,ecoli,ATCC 25922,2.79898132,0.447,development,5,DBAASP
dbaasp_3485,FLSTLLKVAFKVVPTLFCPITKKC,ecoli,ATCC 25922,6.99841996,0.845,development,4,DBAASP
dbAMP_25365,AFGCPFDQGTCHSHCRSIRRRGERCSGFAKRTCTCYQK,ecoli,ATCC 25922,31.9889511,1.505,development,3,dbAMP
dbaasp_3140,GLLKWIKTLL,ecoli,ATCC 25922,1.713957308,0.234,development,5,DBAASP
dbaasp_5872,GIGRKFLGGVKTTFRGGVKDFASKHLY,ecoli,ATCC 25922,100,2,development,1,DBAASP
dbaasp_3177,SLLSLIRKLIT,ecoli,ATCC 25922,39.99447498,1.602,development,5,DBAASP
dbaasp_10215,GLWTTIKEGLKKFSLGVLDKIRCKIAGGC,ecoli,ATCC 25922,74.98942093,1.875,development,5,DBAASP
dbaasp_17620,LKNARIVGELTGFRPVRPQVRLE,ecoli,ATCC 25922,50.0034535,1.699,development,1,DBAASP
dbaasp_7996,SPEEARVKILTAIPEMREEDLSEE,ecoli,ATCC 25922,100,2,development,4,DBAASP
dbaasp_17283,RRGWALRPVLAFGRR,ecoli,ATCC 25922,29.99162519,1.477,development,3,DBAASP
dbaasp_16329,ARWRFKWAKK,ecoli,ATCC 25922,55.20774393,1.742,development,3,DBAASP
dbaasp_13687,WRVRWRVRWRVR,ecoli,ATCC 25922,3.999447498,0.602,development,5,DBAASP
dbaasp_18160,INLRAIAAFAKKLL,ecoli,ATCC 25922,20.98939884,1.322,development,3,DBAASP
dbaasp_18396,KRIGWRWRRWPRCLRK,ecoli,ATCC 25922,3.580964371,0.554,development,2,DBAASP
dbaasp_20155,LKKWLKWLL,ecoli,ATCC 25922,1.651961798,0.218,development,3,DBAASP
dbaasp_4582,KSLVRRWRSRW,ecoli,ATCC 25922,29.99162519,1.477,development,3,DBAASP
dbaasp_19476,FIKRIARLLRRIF,ecoli,ATCC 25922,11.88502227,1.075,development,2,DBAASP
dbaasp_7827,GWGDTFGKVLKNFAKVAGVKAAK,ecoli,ATCC 25922,1,0,development,4,DBAASP
DRAMP03874,RQWQSKIRRT,ecoli,ATCC 25922,299.9162519,2.477,development,2,DRAMP
dbaasp_3817,GIKEFAHSLGKFGKAFVGGILNQ,ecoli,ATCC 25922,199.986187,2.301,development,1,DBAASP
dbAMP_02399,FWGFLGKLAMKAVPSLIGGNKSSSK,ecoli,ATCC 25922,15.99558029,1.204,development,3,dbAMP
dbaasp_11270,FFSLIPKLVKGLISAFK,ecoli,ATCC 25922,4.688133821,0.671,development,2,DBAASP
dbaasp_10486,FFGWLIKGAIHAPKAIHGLIHRRRH,ecoli,ATCC 25922,1.99986187,0.301,development,4,DBAASP
dbaasp_12840,INWKKIKKKVKGML,ecoli,ATCC 25922,9.440608763,0.975,development,1,DBAASP
dbAMP_09621,MWITNGGVANWYFVLAR,ecoli,ATCC 25922,5.00034535,0.699,development,4,dbAMP
dbaasp_2265,GRFKRFRKKFKKLFKKLSPVIPLLHLG,ecoli,ATCC 25922,1,0,development,2,DBAASP
dbaasp_5827,RLPRPRPRPLPFPRPG,ecoli,ATCC 25922,114.0249788,2.057,development,2,DBAASP
dbaasp_18231,PWRLRLRL,ecoli,ATCC 25922,3.999447498,0.602,development,4,DBAASP
dbaasp_13254,RRSRFGRFFKKVRKQLGRVLRHSRITVGGRMRF,ecoli,ATCC 25922,1.150800389,0.061,development,1,DBAASP
dbaasp_4561,GKSDVRRWRSRY,ecoli,ATCC 25922,100,2,development,1,DBAASP
dbaasp_12925,AAKAAAKAAAKAA,ecoli,ATCC 25922,127.9381304,2.107,development,1,DBAASP
dbaasp_16040,RGLRRLGRKIKKGLKKYG,ecoli,ATCC 25922,25.00345362,1.398,development,4,DBAASP
dbaasp_3704,GLFTLIKGAAKLIGKTTAKEAGKTGKLEMACKITNQC,ecoli,ATCC 25922,1.150800389,0.061,development,3,DBAASP
dbaasp_12519,GGHRRWKIVVIRWRR,ecoli,ATCC 25922,2.697739432,0.431,development,1,DBAASP
dbaasp_16582,DILIIVGG,ecoli,ATCC 25922,63.97348355,1.806,development,2,DBAASP
dbaasp_15102,FAKKFAKKFK,ecoli,ATCC 25922,195.8844674,2.292,development,3,DBAASP
dbaasp_692,KLAGLAKKLAGLAKKLAGLAK,ecoli,ATCC 25922,3.908408958,0.592,development,4,DBAASP
dbaasp_5778,HTCHIRRRPKFRKFKLYHEGKFWCPG,ecoli,ATCC 25922,1.599558029,0.204,development,4,DBAASP
dbaasp_362,GCKKYRRFRWKFKGKFWFWGG,ecoli,ATCC 25922,46.55860935,1.668,development,2,DBAASP
dbaasp_17356,KALKALKKALKALKKALKALK,ecoli,ATCC 25922,3.999447498,0.602,development,1,DBAASP
dbAMP_25213,ILSLRWWRKWWKK,ecoli,ATCC 25922,3.999447498,0.602,development,3,dbAMP
dbaasp_14653,TKCFQWQWRMKKLGAPSITCVRRAF,ecoli,ATCC 25922,7.99834255,0.903,development,3,DBAASP
dbaasp_1004,GWGSFFKKAAHVGKHVGKAALTHYL,ecoli,ATCC 25922,0.899497582,-0.046,development,2,DBAASP
dbaasp_6749,YRWWRWARRW,ecoli,ATCC 25922,6.237348355,0.795,development,4,DBAASP
dbaasp_3462,KWLKKLLKKLL,ecoli,ATCC 25922,1.435489433,0.157,development,1,DBAASP
dbaasp_7119,FKVTWKTKWWKG,ecoli,ATCC 25922,3.097419299,0.491,development,5,DBAASP
dbaasp_20276,GGHKWKSFIKKLTTAVKKVLTTGLPALIS,ecoli,ATCC 25922,7.99834255,0.903,development,2,DBAASP
dbaasp_14950,RFGRFLRKIRRFRPK,ecoli,ATCC 25922,15.99558029,1.204,development,3,DBAASP
dbaasp_3196,GLWSKIKEAAKTAGLMAMGFVNDMV,ecoli,ATCC 25922,5.597576015,0.748,development,2,DBAASP
dbAMP_27586,TLLKKVLKAAA,ecoli,ATCC 25922,87.90225168,1.944,development,3,dbAMP
dbaasp_1615,GLLDSVKEGLKKVAGQLLDTLKCKISGCTGA,ecoli,ATCC 25922,2.01372425,0.304,development,5,DBAASP
dbaasp_19289,GVFKDALKQFGAALLDKAANALKPK,ecoli,ATCC 25922,48.97788194,1.69,development,1,DBAASP
dbaasp_2172,GIMDTVKNAAKDLAGQLLDKLKCRITGC,ecoli,ATCC 25922,2.999162519,0.477,development,3,DBAASP
dbaasp_13071,AARIILRARFR,ecoli,ATCC 25922,1.99986187,0.301,development,4,DBAASP
dbAMP_04356,GWKKWFNRAKKVGKTVGGLAVDHYL,ecoli,ATCC 25922,22.54239212,1.353,development,5,dbAMP
dbaasp_17619,GLTIHWGCAMEAANLFGKILEEKKLSRLPPSHL,ecoli,ATCC 25922,25.00345362,1.398,development,2,DBAASP
dbaasp_19867,LKKLCRILKKLCRILKKLCRI,ecoli,ATCC 25922,24.94594727,1.397,development,2,DBAASP
dbaasp_10714,LRWTPTPSYPRYPTRSRGSRWSR,ecoli,ATCC 25922,7.99834255,0.903,development,4,DBAASP
dbAMP_27927,GFRKFHKFWA,ecoli,ATCC 25922,54.95408739,1.74,development,2,dbAMP
dbaasp_5473,IASKVANTVQKLKRKAKNAVA,ecoli,ATCC 25922,50.0034535,1.699,development,2,DBAASP
dbaasp_17636,RKIKKRRKKWR,ecoli,ATCC 25922,31.91537855,1.504,development,5,DBAASP
dbaasp_9339,RRPRPRPRPWWW,ecoli,ATCC 25922,39.99447498,1.602,development,2,DBAASP
dbaasp_16147,RRRKLDLKLDLKLDL,ecoli,ATCC 25922,5.495408739,0.74,development,5,DBAASP
dbaasp_13823,GALSALKALGKLL,ecoli,ATCC 25922,25.00345362,1.398,development,4,DBAASP
dbaasp_9003,FFHHAFRGIVHVGKTIHRLVTG,ecoli,ATCC 25922,8.590135215,0.934,development,3,DBAASP
dbaasp_1783,GIGKFLHAAKKFAKAFVAEIMNS,ecoli,ATCC 25922,1.016248693,0.007,development,3,DBAASP
dbAMP_25421,RLKKWMQKVIDRFGG,ecoli,ATCC 25922,7.99834255,0.903,development,3,dbAMP
dbaasp_12763,GCKKYRRFRWKFKGKLFLFG,ecoli,ATCC 25922,3.140508694,0.497,development,3,DBAASP
dbaasp_11759,AWCFRVCARGICYRRCR,ecoli,ATCC 25922,0.059429216,-1.226,development,2,DBAASP
dbaasp_12313,AGDKKIKIGINGFGRIGRL,ecoli,ATCC 25922,32.06269325,1.506,development,3,DBAASP
dbaasp_16356,RRWWRW,ecoli,ATCC 25922,7.78036551,0.891,development,2,DBAASP
dbaasp_3746,AAPRGGKGFFCKLFKDC,ecoli,ATCC 25922,54.70159629,1.738,development,4,DBAASP
dbaasp_13008,KKLGWGLKK,ecoli,ATCC 25922,127.9381304,2.107,development,1,DBAASP
dbaasp_5871,GIGRKFLGGVKTTFRCGVKDFASKHLY,ecoli,ATCC 25922,74.98942093,1.875,development,5,DBAASP
dbaasp_5934,GVLDILKGAAKDLAGH,ecoli,ATCC 25922,10.09252886,1.004,development,2,DBAASP
dbaasp_7656,GLRRALLRLLRSLRRLLLRA,ecoli,ATCC 25922,7.99834255,0.903,development,4,DBAASP
dbAMP_17199,NIILWG,ecoli,ATCC 25922,183.6538343,2.264,development,3,dbAMP
dbaasp_7429,GLLKKIKKLL,ecoli,ATCC 25922,25.00345362,1.398,development,1,DBAASP
dbaasp_17360,KAAKKAAKAAKKAAKAAKKAA,ecoli,ATCC 25922,7.99834255,0.903,development,1,DBAASP
dbaasp_15145,LVTLVFVGGGWKWKWKNGKWKWKW,ecoli,ATCC 25922,3.999447498,0.602,development,5,DBAASP
dbaasp_1859,FLPIAGKLLSGLSGLL,ecoli,ATCC 25922,0.790678628,-0.102,development,5,DBAASP
dbAMP_12014,WGIHRILKYGKPS,ecoli,ATCC 25922,3.250872974,0.512,development,3,dbAMP
dbaasp_9038,AALKGCWTKSIPPKPCFGF,ecoli,ATCC 25922,1.396368361,0.145,development,4,DBAASP
dbaasp_18378,RWRWRKRRWRKGLIP,ecoli,ATCC 25922,29.99162519,1.477,development,3,DBAASP
dbaasp_1433,KRFHSVGSLIQRLQQMIRDLSEATRHGIRKITRPKLLLAS,ecoli,ATCC 25922,0.970509967,-0.013,development,1,DBAASP
dbaasp_3681,GLIDTIKNMALNAAKSAGVSVLNTLSCKLSKTC,ecoli,ATCC 25922,6.151768727,0.789,development,5,DBAASP
dbaasp_15969,GLFGAIAGFIKNGWKGMIKG,ecoli,ATCC 25922,3.801893963,0.58,development,2,DBAASP
DRAMP02522,HVINLEESFQEPEYENHLA,ecoli,ATCC 25922,0.799834255,-0.097,development,1,DRAMP
dbaasp_10816,TSFLNELNKYNEKKFI,ecoli,ATCC 25922,31.69567463,1.501,development,2,DBAASP
dbaasp_7655,GLFRALLRLLRSLWRLLLRA,ecoli,ATCC 25922,63.97348355,1.806,development,1,DBAASP
dbaasp_18656,FIHIIGGLFSAGKAIHRLIRRRRR,ecoli,ATCC 25922,89.94975815,1.954,development,5,DBAASP
dbaasp_4113,GWANTLKNVAGGLCKITGAA,ecoli,ATCC 25922,51.88000389,1.715,development,4,DBAASP
dbaasp_1617,GFFDRIKALTKNVTLELLNTITCKLGVTGG,ecoli,ATCC 25922,31.18889584,1.494,development,4,DBAASP
dbaasp_5527,KAYSMPRCKYLFRAVLCWL,ecoli,ATCC 25922,10.71519305,1.03,development,5,DBAASP
dbaasp_17855,LRWWWRL,ecoli,ATCC 25922,15.99558029,1.204,development,5,DBAASP
dbaasp_16771,GNLKALLAVAKKIL,ecoli,ATCC 25922,3.999447498,0.602,development,2,DBAASP
dbaasp_10591,TRRKFWKKVLNGALKIAPFLLG,ecoli,ATCC 25922,3.698281798,0.568,development,3,DBAASP
dbaasp_4395,GLMDTVKNAAKNLAGQMLDKLKCKITGSC,ecoli,ATCC 25922,50.0034535,1.699,development,3,DBAASP
dbaasp_13009,KKLGLWLGLKK,ecoli,ATCC 25922,7.99834255,0.903,development,3,DBAASP
dbaasp_3742,KNNFCQVLYVWLLRLGKQCFVKFSKDVET,ecoli,ATCC 25922,28.6417797,1.457,development,1,DBAASP
dbaasp_6336,GNNRVYIPQPRPHPRL,ecoli,ATCC 25922,127.9381304,2.107,development,3,DBAASP
dbaasp_17720,WRIRPRPPRLPRPRPR,ecoli,ATCC 25922,1,0,development,2,DBAASP
dbaasp_8239,GIGKFLHSAKKFGKAFVGEIMNSGGC,ecoli,ATCC 25922,12.5025903,1.097,development,4,DBAASP
dbaasp_5525,KAYSMPRCKGGFRAVMCWL,ecoli,ATCC 25922,5.714786367,0.757,development,1,DBAASP
dbaasp_16415,VCRKPVVCRKPVVCRKPVVCRKPVVCRKPV,ecoli,ATCC 25922,3.999447498,0.602,development,1,DBAASP
dbaasp_10080,CLLKKLLKKC,ecoli,ATCC 25922,191.8668741,2.283,development,1,DBAASP
dbaasp_20268,WIKKIWKKIIKKIK,ecoli,ATCC 25922,3.999447498,0.602,development,1,DBAASP
dbaasp_8592,GLFDVIKKVLKKIGGL,ecoli,ATCC 25922,6.295061829,0.799,development,5,DBAASP
dbaasp_1947,FMPIIGRLMSGSL,ecoli,ATCC 25922,5.345643594,0.728,development,2,DBAASP
dbaasp_16425,IIICRKPIICRKPIICRKPIII,ecoli,ATCC 25922,3.999447498,0.602,development,4,DBAASP
dbaasp_1006,GFGALFKFLAKKVAKTVAKQAAKQGAKYVVNKQME,ecoli,ATCC 25922,0.30974193,-0.509,development,2,DBAASP
dbaasp_10644,GVFRRLRKVTRKVLKKIGKVLKWI,ecoli,ATCC 25922,3.999447498,0.602,development,4,DBAASP
dbaasp_708,GLLSRLRDFLSDRGRRLGEKIERIGQKIKDLSEFFQS,ecoli,ATCC 25922,1,0,development,4,DBAASP
dbaasp_13919,VDELLSR,ecoli,ATCC 25922,78.70457897,1.896,development,5,DBAASP
dbaasp_16488,GIKKWPHKPKKFGKKFVKKIKKS,ecoli,ATCC 25922,10,1,development,5,DBAASP
dbaasp_12712,IRPIIRPIIRPIIRPI,ecoli,ATCC 25922,15.99558029,1.204,development,1,DBAASP
dbaasp_10694,LLPWKWPWWKWRR,ecoli,ATCC 25922,16.25548756,1.211,development,2,DBAASP
dbaasp_14045,GILKKILKKILKKL,ecoli,ATCC 25922,5.00034535,0.699,development,3,DBAASP
dbaasp_3121,GLLKAIKTLL,ecoli,ATCC 25922,4.753352259,0.677,development,4,DBAASP
dbaasp_10753,EKALEKLIAIQKAIKGMLNGWFTGVGFRRKR,ecoli,ATCC 25922,15.99558029,1.204,development,4,DBAASP
dbaasp_14882,GLFDIAKKIAESF,ecoli,ATCC 25922,360.578643,2.557,development,3,DBAASP
dbaasp_5285,GILDTIKNAAKTVAVGLLEKIKCKMTGC,ecoli,ATCC 25922,16.98243652,1.23,development,5,DBAASP
dbaasp_4194,DSMGAVKLAKLLIDKMKCEVTKAC,ecoli,ATCC 25922,10,1,development,2,DBAASP
dbaasp_20253,RRIIRRIWRW,ecoli,ATCC 25922,7.99834255,0.903,development,4,DBAASP
dbaasp_3104,FLSIIAKVLGSLF,ecoli,ATCC 25922,159.9558029,2.204,development,5,DBAASP
dbaasp_19518,AKVVNKLTGGVAGLLK,ecoli,ATCC 25922,127.9381304,2.107,development,3,DBAASP
dbaasp_12704,IKPIIKPIIKPIIKPIIKPIIKPIIKPIIKPI,ecoli,ATCC 25922,15.99558029,1.204,development,4,DBAASP
dbaasp_2018,KILRGVCKKIMRTFLRRISKDILTGKK,ecoli,ATCC 25922,5.023425895,0.701,development,4,DBAASP
dbaasp_4219,GILSSFKGVAKGVAKNLAGKLLDELKCKITGC,ecoli,ATCC 25922,5.00034535,0.699,development,1,DBAASP
dbaasp_17808,YEESQAELEGSLK,ecoli,ATCC 25922,213.3044913,2.329,development,2,DBAASP
dbaasp_5467,GSKKPVPIIYCNRRSGKCQRM,ecoli,ATCC 25922,1.66341265,0.221,development,2,DBAASP
dbaasp_8078,WRCRRRFCRW,ecoli,ATCC 25922,1.99986187,0.301,development,5,DBAASP
dbaasp_5853,GLLKKWLKKWKEFKRIVGY,ecoli,ATCC 25922,13.30454418,1.124,development,4,DBAASP
dbaasp_18224,PWKLSLHL,ecoli,ATCC 25922,15.99558029,1.204,development,1,DBAASP
dbaasp_15878,ALQYIKLLKE,ecoli,ATCC 25922,100,2,development,3,DBAASP
dbaasp_12227,FLGFVGQALNALLGKL,ecoli,ATCC 25922,63.97348355,1.806,development,5,DBAASP
dbaasp_2205,FLPIVTNLLSGLL,ecoli,ATCC 25922,231.206479,2.364,development,3,DBAASP
DBAASPS_38,KAAAKWAAKAAK,ecoli,ATCC 25922,9.099624996,0.959023495,development,1,DBAASP
DBAASPS_73,KGGGKWGGKGGK,ecoli,ATCC 25922,33.94325001,1.530753423,development,3,DBAASP
DBAASPS_75,KVVVKWVVKVVK,ecoli,ATCC 25922,141.3879999,2.150412551,development,2,DBAASP
DBAASPS_77,KLLLKWLLKLLK,ecoli,ATCC 25922,22.68134998,1.3556689,development,3,DBAASP
DBAASPR_461,DCLSGRYKGPCAVWDNETCRRVCKEEGRSSGHCSPSLKCWCEGC,ecoli,ATCC 25922,245.0354897,2.38922899,development,2,DBAASP
DBAASPS_493,ILAWKWAWWAWRR,ecoli,ATCC 25922,26.88997497,1.429590398,development,5,DBAASP
DBAASPR_964,FKLGSFLKKAWKSKLAKKLRAKGKEMLKDYAKGLLEGGSEEVPGQ,ecoli,ATCC 25922,15.51884798,1.190859479,development,3,DBAASP
DBAASPR_966,GKVWDWIKSTAKKLWNSEPVKELKNTALNAAKNLVAEKIGATPS,ecoli,ATCC 25922,60.55937606,1.782181392,development,4,DBAASP
DBAASPR_1013,FLPFIARLAAKVFPSIICSVTKKC,ecoli,ATCC 25922,1.507541867,0.178269382,development,3,DBAASP
DBAASPS_1023,GIFSKLAGKKIKNLLISGLKG,ecoli,ATCC 25922,3.416056601,0.533525058,development,1,DBAASP
DBAASPR_1121,GIGDPVTCLKSGAICHPVFCPRRYKQIGTCGLPGTKCCKKP,ecoli,ATCC 25922,14.30471258,1.155479136,development,2,DBAASP
DBAASPR_1234,DKLIGSCVWGATNYTSDCNAECKRRGYKGGHCGSFWNVNCWCEE,ecoli,ATCC 25922,4.952660003,0.694838515,development,5,DBAASP
DBAASPR_1354,GLFSKFAGKGIKNMIIKGIKGIGKEVGMDVIRTGIDVAGCKIKGEC,ecoli,ATCC 25922,8.142863993,0.910777181,development,2,DBAASP
DBAASPR_1355,GIFSKFAGKGIKDLIIKGVKGIAKEAGMDVIRTGIDIAGCKIKGEC,ecoli,ATCC 25922,15.22828801,1.182651082,development,3,DBAASP
DBAASPR_1357,GIFSKLAGKKIKNLLISGLKNVGKEVGMDVVRTGIDIAGCKIKGEC,ecoli,ATCC 25922,13.47057598,1.129386166,development,5,DBAASP
DBAASPR_1525,GLLSGVLGVGKKVLCGLSGLC,ecoli,ATCC 25922,8.10757504,0.908890977,development,3,DBAASP
DBAASPR_1651,RFRPPIRRPPIRPPFYPPFRPPIRPPIFPPIRPPFRPPLGPFP,ecoli,ATCC 25922,2.330875248,0.36751903,development,1,DBAASP
DBAASPS_1689,VKLKVYPLKVKLYP,ecoli,ATCC 25922,37.91080471,1.578763003,development,1,DBAASP
DBAASPR_1957,QLINSPVTCMSYGGSCQRSCNGGFRLGGHCGHPKIRCCRRK,ecoli,ATCC 25922,4.47505884,0.65079875,development,3,DBAASP
DBAASPR_1964,KTCMTKKEGWGRCLIDTTCAHSCRKYGYMGGKCQGITRRCYCLLNC,ecoli,ATCC 25922,12.20851415,1.086662811,development,4,DBAASP
DBAASPR_1975,RISFKKGKGSWIKNGLIKGIKGLGKEISLDVIRTGIDIAGCKIKGEC,ecoli,ATCC 25922,25.1959,1.401329876,development,4,DBAASP
DBAASPR_2177,GLFPKINKKKAKTGVFNIIKTVGKEAGMDLIRTGIDTIGCKIKGEC,ecoli,ATCC 25922,4.945099996,0.694175078,development,1,DBAASP
DBAASPR_2178,GIFTKINKKKAKTGVFNIIKTIGKEAGMDVIRAGIDTISCKIKGEC,ecoli,ATCC 25922,4.949090005,0.694525352,development,2,DBAASP
DBAASPR_2184,GIFPKIIGKGIKTGIVNGIKSLVKGVGMKVFKAGLNNIGNTGCNEDEC,ecoli,ATCC 25922,4.94098,0.693813096,development,4,DBAASP
DBAASPR_2185,GIFPKIIGKGIKTGIVNGIKSLVKGVGMKVFKAGLSNIGNTGCNEDEC,ecoli,ATCC 25922,4.913949998,0.691430733,development,1,DBAASP
DBAASPR_2193,GLFSKFAGKGIKNLIFKGVKHIGKEVGMDVIRTGIDVAGCKIKGEC,ecoli,ATCC 25922,29.23175998,1.465854964,development,4,DBAASP
DBAASPR_2646,DFGCGQGMIFMCQRRCMRLYPGSTGFCRGFRCMCDTHIPLRPPFMVG,ecoli,ATCC 25922,0.594633785,-0.225750419,development,5,DBAASP
DBAASPS_2855,WLKKW,ecoli,ATCC 25922,105.2701833,2.022305379,development,2,DBAASP
DBAASPS_2856,WLLKW,ecoli,ATCC 25922,107.3919806,2.030971852,development,1,DBAASP
DBAASPR_3692,GLFSKFVGKGIKNFLIKGVKHIGKEVGMDVIRVGIDVAGCKIKGVC,ecoli,ATCC 25922,0.246915578,-0.60745151,development,2,DBAASP
DBAASPR_3693,GLFSKFSGKGIKNFLIKGVKHIGKEVGMDVIRTGIDVAGCKIKGEC,ecoli,ATCC 25922,0.512309603,-0.290467503,development,3,DBAASP
DBAASPR_3694,GLFSKFAGKGIKDLIFKGVKHIGKEVGMDVIRTGIDVAGCKIKGEC,ecoli,ATCC 25922,1.110004057,0.045324566,development,4,DBAASP
DBAASPR_3695,GLFTKFAGKGIKDLIFKGVKHIGKEVGMDVIRTGIDVAGCKIKGEC,ecoli,ATCC 25922,1.147805829,0.059868426,development,4,DBAASP
DBAASPR_3696,GLFSKFAGKGIKNFLIKGVKHIGKEVGMDVIRTGIDVAGCKIKGEC,ecoli,ATCC 25922,0.699032951,-0.155502352,development,4,DBAASP
DBAASPR_3698,GIFSKISGKAIKNLFIKGAKNVGKEVGMDVVRTGIDVVGCKIKGEC,ecoli,ATCC 25922,1.829985801,0.26244772,development,4,DBAASP
DBAASPR_3699,KISGKAIKNLFIKGAKNVGKEVGMDVVRTGIDVVGCKIKGEC,ecoli,ATCC 25922,0.749265316,-0.125364371,development,4,DBAASP
DBAASPR_3700,GIFSKISGKAIKNLFIKGAKNVGKRVGMDVVRTGMDVVGCKIKGEC,ecoli,ATCC 25922,1.133112801,0.054273146,development,4,DBAASP
DBAASPR_3701,GIFSKISGKAIKNLFIKGAENVGKHVGMDVVRTGIDVVGCKIKGEC,ecoli,ATCC 25922,1.785066575,0.251654418,development,3,DBAASP
DBAASPR_3702,GIFSKISGKAIKNLFIKGAKNVGKEVGMDVVRTGMDVVGCKIKGEC,ecoli,ATCC 25922,0.849421642,-0.070876678,development,4,DBAASP
DBAASPR_3935,FLWGLIPGAISAVTSLIKK,ecoli,ATCC 25922,31.76995568,1.502016609,development,2,DBAASP
DBAASPR_4321,YKQCHKKGGHCFPKEKICLPPSSDFGKMDCRWRWKCCKKGSG,ecoli,ATCC 25922,2.719943877,0.434559943,development,5,DBAASP
DBAASPR_4477,RVRRFWPLVPVAINTVAAGINLYKAIRRK,ecoli,ATCC 25922,2.028701998,0.307218257,development,1,DBAASP
DBAASPR_4570,KNIGNSVSCLRNKGVCMPGKCAPKMKQIGTCGMPQVKCCKRK,ecoli,ATCC 25922,22.0916733,1.344228612,development,3,DBAASP
DBAASPS_4593,GIIKKIIKKI,ecoli,ATCC 25922,37.01119998,1.568333166,development,1,DBAASP
DBAASPS_4595,GIIKKIIKKIIKKIIKKI,ecoli,ATCC 25922,17.00767898,1.23064505,development,1,DBAASP
DBAASPR_4724,GIWSSIKNLASKAWNSDIGQSLRNKAAGAINKFVADKIGVTPSQAAS,ecoli,ATCC 25922,21.46152902,1.33166066,development,2,DBAASP
DBAASPS_4980,KKLFKKILKWL,ecoli,ATCC 25922,5.795879999,0.763119385,development,4,DBAASP
DBAASPS_5145,DAEFRHDSGYEVHHQKLVFFAEDVGSNKGAIIGLMVGGVVIA,ecoli,ATCC 25922,0.345584214,-0.461446104,development,5,DBAASP
DBAASPS_5148,DAEFRHDSGYEVRHQKLVFFAEDVGSNKGAIIGLMVGGVVIA,ecoli,ATCC 25922,0.690470398,-0.160854936,development,2,DBAASP
DBAASPS_5149,AIVVGGVMLGIIAGKNSGVDEAFFVLKQHHVEYGSDHRFEAD,ecoli,ATCC 25922,11.07641711,1.044399302,development,3,DBAASP
DBAASPR_5175,CLAGRLDKQCTCRRSQPSRRSGHEVGRPSPHCGPSRQCGCHMD,ecoli,ATCC 25922,237.6255002,2.375893044,development,5,DBAASP
DBAASPR_5178,DTLACRQSHGSCSFVACRAPSVDIGTCRGGKLKCCKWAPSS,ecoli,ATCC 25922,14.92554482,1.173930193,development,5,DBAASP
DBAASPS_5180,GSTLACRQSHGSCSFVACRAPSVDIGTCRGGKLKCCKWAPSS,ecoli,ATCC 25922,29.65027379,1.472028708,development,1,DBAASP
DBAASPR_5187,GKIPVKAIKQAGKVIGKGLRAINIAGTTHDVVSFFRPKKKKH,ecoli,ATCC 25922,1.377107283,0.138967775,development,5,DBAASP
DBAASPR_5281,GIFPKIIGKGIVNGIKSLAKGVGMKVFKAGLNNIGNTGCNNRDEC,ecoli,ATCC 25922,27.92165997,1.445941234,development,3,DBAASP
DBAASPR_5282,GIFSKINKKKAKTGLFNIIKTVGKEAGMDVIRAGIDTISCKIKGEC,ecoli,ATCC 25922,9.870120004,0.994322433,development,3,DBAASP
DBAASPR_5283,GLFPKFNKKKVKTGIFDIIKTVGKEAGMDVLRTGIDVIGCKIKGEC,ecoli,ATCC 25922,15.01851,1.176626848,development,5,DBAASP
DBAASPR_5356,FAVWGCADYRGYCRAACFAFEYSLGPKGCTEGYVCCVPNTF,ecoli,ATCC 25922,35.34211527,1.548292539,development,4,DBAASP
DBAASPR_5359,FFRHLFRGAKAIFRGARQGWRAHKVVSRYRNRDVPETDNNQEEP,ecoli,ATCC 25922,50.02393703,1.699177869,development,1,DBAASP
DBAASPS_5615,KKKKKKKKKKKKKKKKKKKKGIGKFLHSAKKFGKAFVGEIMNS,ecoli,ATCC 25922,0.155056978,-0.809508684,development,2,DBAASP
DBAASPR_5620,SPIHACRYQRGVCIPGPCRWPYYRVGSCGSGLKSCCVRNRWA,ecoli,ATCC 25922,0.8430726,-0.074135025,development,3,DBAASP
DBAASPR_5817,DFGCARGMIFVCMRRCARMYPGSTGYCQGFRCMCDTHIPIRRPPFIMG,ecoli,ATCC 25922,5.099239755,0.707505432,development,5,DBAASP
DBAASPR_5858,GFGCPWNRYQCHSHCRSIGRLGGYCAGSLRLTCTCYRS,ecoli,ATCC 25922,14.98517551,1.175661834,development,3,DBAASP
DBAASPR_5869,IFNSIYHRKCVVKNRCETVSGHKTCKDLTCCRAVIFRHERPEVCRPST,ecoli,ATCC 25922,42.20062597,1.625318893,development,3,DBAASP
DBAASPS_6082,GIINTLQKYYARVRGGRYAVLSVLPKEEQIGKVSTRGRKKVRRKK,ecoli,ATCC 25922,2.402833969,0.380723763,development,4,DBAASP
DBAASPN_6306,VGALAVVVWLWLWLW,ecoli,ATCC 25922,35.3347998,1.548202635,development,1,DBAASP
DBAASPS_6651,GKALWKTLLKKVLKA,ecoli,ATCC 25922,5.103719705,0.707886815,development,1,DBAASP
DBAASPS_6669,RGGLCYCRGRFCVCVGR,ecoli,ATCC 25922,0.952185001,-0.021278664,development,3,DBAASP
DBAASPS_6758,WRWRW,ecoli,ATCC 25922,16.87232378,1.227174901,development,2,DBAASP
DBAASPS_6759,RWRWR,ecoli,ATCC 25922,232.8277381,2.367034719,development,4,DBAASP
DBAASPR_8198,GASPALWGCDSFLGYCRIACFAHEASVGQKDCAEGMICCLPNVF,ecoli,ATCC 25922,180.26067,2.255900981,development,3,DBAASP
DBAASPR_8426,GIFSKFAGRGLKNLFMKGAKKIGKEVGMDVLRTGIDIAGCKIRGEC,ecoli,ATCC 25922,2.034617685,0.308482815,development,2,DBAASP
DBAASPR_8430,GIFSKFAGKGLKNLFMKGAKTIGKEVGMDVLRTGIDIAGCKIKGEC,ecoli,ATCC 25922,1.034804086,0.014858135,development,5,DBAASP
DBAASPR_8435,GIFSKFVGKGLKNLFMKGAKTIGREVGMDVLRTGIDIAGCKIKGEC,ecoli,ATCC 25922,2.045868502,0.310877716,development,5,DBAASP
DBAASPR_8441,SPAIWGCDSFLGYCRLACFAHEASVGQKECAEGMLCCIPNVF,ecoli,ATCC 25922,2.650022303,0.423249529,development,2,DBAASP
DBAASPS_8522,KKIRPRPPRLPRPRPRPLPYPRP,ecoli,ATCC 25922,11.37428,1.055923915,development,5,DBAASP
DBAASPR_8645,GLRKKFRKTRKRIQKLGRKIGKTGRKVWKAWREYGQIPYPCRI,ecoli,ATCC 25922,3.02662077,0.480958008,development,5,DBAASP
DBAASPR_8767,DEDDD,ecoli,ATCC 25922,82.30653465,1.915434317,development,4,DBAASP
DBAASPS_8937,CVRPGRVC,ecoli,ATCC 25922,287.9310719,2.459288534,development,4,DBAASP
DBAASPS_8938,CVRVRPGRVRVC,ecoli,ATCC 25922,22.86135786,1.359102022,development,3,DBAASP
DBAASPS_8939,CVRVRVRPGRVRVRVC,ecoli,ATCC 25922,4.187643968,0.621969751,development,5,DBAASP
DBAASPS_8940,CVRVRVRVRPGRVRVRVRVC,ecoli,ATCC 25922,105.740456,2.024241179,development,3,DBAASP
DBAASPR_9157,VWLSALKFIGKHLAKHQLSKL,ecoli,ATCC 25922,2.421019999,0.383998377,development,1,DBAASP
DBAASPR_9235,VSFPWSCAALSGVCRQGACLPSELYFGPLGCGKGSLCCVSYFL,ecoli,ATCC 25922,5.582510171,0.746829523,development,1,DBAASP
DBAASPS_9497,IRIKIR,ecoli,ATCC 25922,156.6332463,2.194883949,development,3,DBAASP
DBAASPR_9563,LIGSLFRGAKAIFRGARQGWRSHKAVSRYRARYVRRPVIYYHRVYP,ecoli,ATCC 25922,6.258584007,0.796476086,development,3,DBAASP
DBAASPS_9702,IPRPIDTCRLRNGICFPGICRRPYYWIGTCNNGIGSCCARGWRS,ecoli,ATCC 25922,2.502004999,0.398288173,development,2,DBAASP
DBAASPR_9704,GPDSCNHDRGLCRVGNCNPGEYLAKYCFEPVILCCKPLSPTPTKT,ecoli,ATCC 25922,6.532405082,0.815073108,development,1,DBAASP
DBAASPS_9751,IKIPSFFRNILKKVGKEAVSLIAGALKQS,ecoli,ATCC 25922,7.904775004,0.897889513,development,4,DBAASP
DBAASPS_9886,WKWKPGKWKW,ecoli,ATCC 25922,2.865599898,0.457215553,development,1,DBAASP
DBAASPS_9887,WKWKWKPGKWKWKW,ecoli,ATCC 25922,2.063599999,0.314625519,development,2,DBAASP
DBAASPS_9889,WKWKWKWKWKPGKWKWKWKWKW,ecoli,ATCC 25922,13.3008,1.123877763,development,3,DBAASP
DBAASPS_9974,GLFKKLRRKIKKGFKKIFKRL,ecoli,ATCC 25922,12.15158564,1.084632952,development,4,DBAASP
DBAASPS_10178,WFWKLLWKALRLWWKVL,ecoli,ATCC 25922,6.74258798,0.828826622,development,1,DBAASP
DBAASPS_10179,LLKKALRLWKKVL,ecoli,ATCC 25922,19.88663648,1.298561335,development,2,DBAASP
DBAASPS_10338,KKVVFKVKFKK,ecoli,ATCC 25922,5.703560006,0.756146015,development,1,DBAASP
DBAASPR_10356,KRRGSVTTRYQFLMIHLLRPKKLFA,ecoli,ATCC 25922,8.885048995,0.948659827,development,2,DBAASP
DBAASPS_10519,GRKKRRQRRRGGWMWVTNLRTD,ecoli,ATCC 25922,11.3705977,1.055783294,development,3,DBAASP
DBAASPR_10587,SMATPHVAGAAALILSKHPTWTNAQVRDRLESTATYLGNSFYYGK,ecoli,ATCC 25922,26.14104285,1.417322909,development,4,DBAASP
DBAASPS_10674,CKKKC,ecoli,ATCC 25922,26.28055364,1.41963451,development,2,DBAASP
DBAASPR_11023,RSPPQCQYTNCAAVLCPAVYCANAYTPPCGCCDICPPQKYGGGYRPR,ecoli,ATCC 25922,505.9010002,2.704065538,development,3,DBAASP
DBAASPS_11063,WKKIWKPGIKKWIK,ecoli,ATCC 25922,15.09160001,1.178735286,development,5,DBAASP
DBAASPS_11158,GPHSANHVRGLARVGNANPGLYLAKYAFIPVILAAKPLSPTPTKT,ecoli,ATCC 25922,1.709226592,0.232799641,development,5,DBAASP
DBAASPS_11159,GPRSSNHKRGLSRVGNSNPGKYLAKYSFRPVILSSKPLSPTPTKT,ecoli,ATCC 25922,0.819234549,-0.086591741,development,5,DBAASP
DBAASPS_11160,GPRSANHKRGLARVGNANPGKYLAKYSFRPVILSSKPLSPTPTKT,ecoli,ATCC 25922,0.827367945,-0.082301309,development,2,DBAASP
DBAASPS_11164,GPHSCNHQRGLCRVGNCNPGYYLAKYCFSPVILCCKPLSPTPTKT,ecoli,ATCC 25922,1.624110578,0.210615595,development,1,DBAASP
DBAASPR_11223,ILGEIWKGIKDIL,ecoli,ATCC 25922,149.8880001,2.175766865,development,3,DBAASP
DBAASPS_11342,KKDQLGKNEEGAPQEGILEDMPVDPDNEAYEMPSEEGYQDYEPEA,ecoli,ATCC 25922,130.2909399,2.114914217,development,1,DBAASP
DBAASPS_11405,LGDFFRKSKEKIGKEFKRIVQRIKDFLRNLAKRHHGYKRKFH,ecoli,ATCC 25922,3.157554025,0.49935079,development,5,DBAASP
DBAASPS_11406,ALGDFFRKSKEKIGKEFKRIVQRIKDFLRNLAKRHHGYKRKFHLEY,ecoli,ATCC 25922,7.255269498,0.860653549,development,3,DBAASP
DBAASPS_11733,DLIWKLLVKAQEKFGRGKPSKRVKKMRRQWQACKSSHHHHHH,ecoli,ATCC 25922,6.507038255,0.81338336,development,2,DBAASP
DBAASPR_11812,GFRKRFNKLVKKVKHTIKETANVSKDVAIVAGSGVAVGAAM,ecoli,ATCC 25922,0.003697574,-2.43208307,development,5,DBAASP
DBAASPR_12416,GLFSKKGGKGGKSWIKGVFKGIKGIGKEVGGDVIRTGIEIAACKIKGEC,ecoli,ATCC 25922,3.74476506,0.573424576,development,2,DBAASP
DBAASPS_12456,WRYRW,ecoli,ATCC 25922,115.4744172,2.062485779,development,1,DBAASP
DBAASPS_12457,WRWRY,ecoli,ATCC 25922,115.4744172,2.062485779,development,3,DBAASP
DBAASPS_12521,SISLL,ecoli,ATCC 25922,171.9364632,2.235367989,development,1,DBAASP
DBAASPS_12854,PMKKKLAARILAKIVAPVW,ecoli,ATCC 25922,11.7164266,1.068795176,development,2,DBAASP
DBAASPS_12860,PMKLLKRLGKKIRLAAAFK,ecoli,ATCC 25922,8.751560008,0.942085475,development,1,DBAASP
DBAASPS_13588,YNHNF,ecoli,ATCC 25922,104.061,2.017287995,development,5,DBAASP
DBAASPS_13596,VRKPPYLPRPRWPRRIYNR,ecoli,ATCC 25922,3.1733209,0.501513992,development,4,DBAASP
DBAASPS_13877,GLLKR,ecoli,ATCC 25922,11.09693019,1.045202854,development,3,DBAASP
DBAASPS_13927,LSRVD,ecoli,ATCC 25922,108.7212112,2.036314282,development,2,DBAASP
DBAASPS_13928,LLSRV,ecoli,ATCC 25922,218.1573819,2.338769913,development,3,DBAASP
DBAASPS_14004,LRRLRRRLRRLRRRLRRLRRRWRRRLRRLRRRLRRLRRRLRRL,ecoli,ATCC 25922,1.280457629,0.107365212,development,5,DBAASP
DBAASPS_14029,MGIINTLQKYYCRVRGGRCAVLSCLPKEEQIGKCSTRGRKCCRRKK,ecoli,ATCC 25922,26.49274998,1.423127041,development,5,DBAASP
DBAASPS_14183,FLSAIVGMLGKLF,ecoli,ATCC 25922,174.475,2.241733207,development,3,DBAASP
DBAASPS_14333,RIKWK,ecoli,ATCC 25922,42.74420067,1.6308772,development,3,DBAASP
DBAASPS_14338,KIWWK,ecoli,ATCC 25922,20.52768572,1.31233999,development,2,DBAASP
DBAASPS_14339,RKWWK,ecoli,ATCC 25922,9.713847721,0.987391291,development,5,DBAASP
DBAASPS_15606,GFLKKIGKKLEGAVQRTRDATIQTIAVAQAAANVAATAKQG,ecoli,ATCC 25922,3.813265454,0.581297039,development,5,DBAASP
DBAASPS_15621,GFLKKVGKKLEGASDLTRDATIQTIAVAQAAANVAATAKQG,ecoli,ATCC 25922,248.9226633,2.396064439,development,2,DBAASP
DBAASPS_15624,AACSLGSLLNVGCNSCACAAHCLATRGKNGACNSQRRCVCNK,ecoli,ATCC 25922,30.26071198,1.480879142,development,3,DBAASP
DBAASPS_15826,KKKKK,ecoli,ATCC 25922,1.517713737,0.181189865,development,2,DBAASP
DBAASPS_15833,RRRRR,ecoli,ATCC 25922,40.05242962,1.602628866,development,2,DBAASP
DBAASPR_16392,GIFDVLKNLAKGVITSLAS,ecoli,ATCC 25922,12.17099999,1.085326262,development,3,DBAASP
DBAASPS_16847,PIMYKVPLIRKKSLRRTLSERGLLKDPFLKKHNLNPARKYFPQWKAPTL,ecoli,ATCC 25922,36.858063,1.566532508,development,5,DBAASP
DBAASPS_17235,FLKALKKLL,ecoli,ATCC 25922,119.2438545,2.076436006,development,1,DBAASP
DBAASPS_17289,RRGWARAPAFAFGRR,ecoli,ATCC 25922,15.78949002,1.198368103,development,2,DBAASP
DBAASPS_17307,RRWARRLAFAFRR,ecoli,ATCC 25922,1.232805,0.090894387,development,5,DBAASP
DBAASPS_17375,CKLAKLAKKLAKLAK,ecoli,ATCC 25922,9.833134894,0.992691997,development,1,DBAASP
DBAASPS_17376,KLAKLAKKLAKLAKC,ecoli,ATCC 25922,4.916567443,0.691662001,development,5,DBAASP
DBAASPS_17418,RIVQRIKKWLR,ecoli,ATCC 25922,8.023491004,0.90436337,development,3,DBAASP
DBAASPS_17553,VGSNLRLLHQWK,ecoli,ATCC 25922,176.4657328,2.246660384,development,1,DBAASP
DBAASPS_17554,VHWDFRQWWQPS,ecoli,ATCC 25922,153.1249225,2.185045882,development,2,DBAASP
DBAASPS_17555,KCCYTLP,ecoli,ATCC 25922,309.5435493,2.490721758,development,4,DBAASP
DBAASPS_17556,VLTRCCG,ecoli,ATCC 25922,340.9108857,2.532640869,development,1,DBAASP
DBAASPS_17557,TGFLVNV,ecoli,ATCC 25922,341.8450613,2.53382931,development,5,DBAASP
DBAASPS_17558,HYIDFRW,ecoli,ATCC 25922,247.0666434,2.392814115,development,3,DBAASP
DBAASPS_17559,CLKLGEKWC,ecoli,ATCC 25922,237.1818761,2.3750815,development,5,DBAASP
DBAASPS_17560,CRGATPMSC,ecoli,ATCC 25922,276.7257397,2.442049557,development,2,DBAASP
DBAASPS_17561,CSISSLTHC,ecoli,ATCC 25922,269.4474544,2.430474085,development,5,DBAASP
DBAASPS_17562,CLWSTGATC,ecoli,ATCC 25922,272.026559,2.434611308,development,4,DBAASP
DBAASPS_17563,CDNIMTPVC,ecoli,ATCC 25922,257.2368774,2.410333229,development,4,DBAASP
DBAASPS_17627,RQIRW,ecoli,ATCC 25922,37.846,1.578019985,development,4,DBAASP
DBAASPS_17712,KRRVRWIIW,ecoli,ATCC 25922,1.969005,0.294246819,development,5,DBAASP
DBAASPR_18209,FFPLIFGALSSILPKIL,ecoli,ATCC 25922,187.6399999,2.273325424,development,1,DBAASP
DBAASPN_18368,VGALAVVVWLWLWLWG,ecoli,ATCC 25922,62.06047996,1.79281513,development,3,DBAASP
DBAASPR_18597,QPQCRWLDGFCHSSPCPSGTTSIGQQDCLWYESCCIPRYEK,ecoli,ATCC 25922,508.9424405,2.706668668,development,2,DBAASP
DBAASPR_18599,QEECLQQGGFCRLIRCPFGYDSLEQQDCRKGQRCCIRKPRK,ecoli,ATCC 25922,512.4818995,2.709678531,development,3,DBAASP
DBAASPR_18600,QRRCHQKGGMCLPGPCPPGYDSLGQQDCRRGQKCCIKRFGK,ecoli,ATCC 25922,510.4346006,2.707940106,development,5,DBAASP
DBAASPR_18601,QRRCRQRRGICRPRPCPPENFSLGRLDCQMGRMCCRRRFGK,ecoli,ATCC 25922,15.94588799,1.202648709,development,2,DBAASP
DBAASPR_18602,QRRCRQRRGICRPRPCPPENFSLGRLDCQMGQMCCRRRFGK,ecoli,ATCC 25922,7.928048002,0.899166271,development,4,DBAASP
DBAASPR_18603,QPECCQEGGICHSKQCPLGYSSLGRLDCQLGQRCCIRIFGK,ecoli,ATCC 25922,510.5769304,2.708061188,development,1,DBAASP
DBAASPR_18606,QRICLGGRGFCHSTPCPRSTIDYGKKDCWGSLRCCEPKRPGK,ecoli,ATCC 25922,512.5855995,2.709766401,development,5,DBAASP
DBAASPS_18609,YKQSHKKGGHSFPKEKISLPPSSDFGKMDSRWRWKSSKKGSG,ecoli,ATCC 25922,127.7480901,2.106354416,development,4,DBAASP
DBAASPR_18636,GWWKKVFKPVEKLGQRVRDAGIQGIAIAQQGANVLATVRGGPPQ,ecoli,ATCC 25922,3.385160791,0.529579302,development,3,DBAASP
DBAASPR_18639,RWYKKIFKPVEKAVQRVRDGTLQALGVAQQAANVYATAQGAQQQRHA,ecoli,ATCC 25922,3.029711386,0.481401259,development,5,DBAASP
DBAASPS_18791,FVPWFSKFKGRIE,ecoli,ATCC 25922,164.299,2.21563492,development,4,DBAASP
DBAASPS_18792,FVPWFSKKLGREL,ecoli,ATCC 25922,160.8970002,2.206547947,development,4,DBAASP
DBAASPS_18793,FVPWFKKFLERIL,ecoli,ATCC 25922,43.12949797,1.634774403,development,4,DBAASP
DBAASPS_18797,FVPWKSKFEGRIL,ecoli,ATCC 25922,160.8970002,2.206547947,development,5,DBAASP
DBAASPS_18798,FVPKFSKELGRIL,ecoli,ATCC 25922,153.591,2.186365768,development,2,DBAASP
DBAASPS_18804,FVPWFKKFLGRIE,ecoli,ATCC 25922,166.9069999,2.222474551,development,4,DBAASP
DBAASPS_18805,FVPWKSKFLGREL,ecoli,ATCC 25922,160.8970002,2.206547947,development,2,DBAASP
DBAASPS_18808,FVPWFEKFLKRIL,ecoli,ATCC 25922,43.12949797,1.634774403,development,2,DBAASP
DBAASPS_18810,FVPWFCKFLCRIL,ecoli,ATCC 25922,41.82949996,1.621482673,development,2,DBAASP
DBAASPS_18874,VRKPPYLPRPRPPRRIYNR,ecoli,ATCC 25922,3.289579488,0.517140385,development,2,DBAASP
DBAASPS_18875,VWKPPYLPRPRPPRRIYNR,ecoli,ATCC 25922,3.249460058,0.511811203,development,5,DBAASP
DBAASPS_18876,VDRPPYLPRPRPPRRIYNR,ecoli,ATCC 25922,3.307375561,0.519483513,development,1,DBAASP
DBAASPS_18877,VDKKPYLPRPRPPRRIYNR,ecoli,ATCC 25922,6.606437215,0.819967312,development,3,DBAASP
DBAASPS_18878,VDKFPYLPRPRPPRRIYNR,ecoli,ATCC 25922,6.555005479,0.816573059,development,3,DBAASP
DBAASPS_18880,VDKYPYLPRPRPPRRIYNR,ecoli,ATCC 25922,6.512318791,0.813735652,development,5,DBAASP
DBAASPS_18881,VDKPFYLPRPRPPRRIYNR,ecoli,ATCC 25922,6.555005479,0.816573059,development,1,DBAASP
DBAASPS_18883,VDKPYYLPRPRPPRRIYNR,ecoli,ATCC 25922,13.02463759,1.114765648,development,2,DBAASP
DBAASPS_18884,VDKPHYLPRPRPPRRIYNR,ecoli,ATCC 25922,6.58206714,0.818362308,development,2,DBAASP
DBAASPS_18885,VDKPRYLPRPRPPRRIYNR,ecoli,ATCC 25922,6.530895654,0.814972745,development,1,DBAASP
DBAASPS_18893,RRWWWWRRW,ecoli,ATCC 25922,6.291560005,0.798758343,development,4,DBAASP
DBAASPS_18903,IKKILSKIKKLL,ecoli,ATCC 25922,2.196613963,0.34175374,development,2,DBAASP
DBAASPS_18911,VDKPPWLPRPRPPRRIYNR,ecoli,ATCC 25922,3.31419375,0.520377894,development,5,DBAASP
DBAASPS_18912,VDKPPFLPRPRPPRRIYNR,ecoli,ATCC 25922,13.4746857,1.129518644,development,4,DBAASP
DBAASPS_18913,VDKPPHLPRPRPPRRIYNR,ecoli,ATCC 25922,1.691483563,0.228267782,development,1,DBAASP
DBAASPS_18918,VDKPPYRPRPRPPRRIYNR,ecoli,ATCC 25922,6.573943981,0.817825999,development,4,DBAASP
DBAASPS_18919,VDKPPYMPRPRPPRRIYNR,ecoli,ATCC 25922,3.321078446,0.521279134,development,1,DBAASP
DBAASPS_18920,VDKPPYFPRPRPPRRIYNR,ecoli,ATCC 25922,26.39349312,1.421496872,development,2,DBAASP
DBAASPS_18921,VDKPPYLPRWRPPRRIYNR,ecoli,ATCC 25922,3.225911316,0.508652424,development,3,DBAASP
DBAASPS_18922,VDKPPYLPRPWPPRRIYNR,ecoli,ATCC 25922,13.21850538,1.121182352,development,1,DBAASP
DBAASPS_18923,VDKPPYLPRPHPPRRIYNR,ecoli,ATCC 25922,13.4919965,1.13007622,development,1,DBAASP
DBAASPS_18924,VDKPPYLPRPKPPRRIYNR,ecoli,ATCC 25922,3.385799855,0.529661282,development,3,DBAASP
DBAASPS_18925,VDKPPYLPRPFPPRRIYNR,ecoli,ATCC 25922,6.717574738,0.827212507,development,5,DBAASP
DBAASPS_18932,VDKPPYLPRPRWPRRIYNR,ecoli,ATCC 25922,3.225911316,0.508652424,development,4,DBAASP
DBAASPS_18934,VDKPPYLPRPRWERRIYNR,ecoli,ATCC 25922,12.73926844,1.105144489,development,3,DBAASP
DBAASPS_18937,VDKPPYLPRPRWRRRIYNR,ecoli,ATCC 25922,6.301717946,0.799458961,development,3,DBAASP
DBAASPS_18938,VDKPPYLPRPRWWRRIYNR,ecoli,ATCC 25922,3.11403291,0.493323198,development,2,DBAASP
DBAASPS_18939,VDKPPYLPRPRWKRRIYNR,ecoli,ATCC 25922,6.372022285,0.804277286,development,2,DBAASP
DBAASPS_18940,VDKPPYLPRPRWHRRIYNR,ecoli,ATCC 25922,6.349348002,0.802729131,development,2,DBAASP
DBAASPS_18941,VDKPPYLPRPRWIRRIYNR,ecoli,ATCC 25922,3.205176899,0.505852004,development,2,DBAASP
DBAASPS_18942,VDKPPYLPRPRWFRRIYNR,ecoli,ATCC 25922,6.324162461,0.801003018,development,1,DBAASP
DBAASPS_18943,VDKPPYLPRPRWLRRIYNR,ecoli,ATCC 25922,3.205176899,0.505852004,development,1,DBAASP
DBAASPS_18944,VDKPPYLPRPRWARRIYNR,ecoli,ATCC 25922,3.260141153,0.513236404,development,1,DBAASP
DBAASPS_18945,VDKPPYLPRPRWNRRIYNR,ecoli,ATCC 25922,3.203964615,0.505687711,development,3,DBAASP
DBAASPS_18946,VDKPPYLPRPRWVRRIYNR,ecoli,ATCC 25922,6.446582279,0.80932953,development,5,DBAASP
DBAASPS_18947,VDKPPYLPRPRWGRRIYNR,ecoli,ATCC 25922,3.278883943,0.515726045,development,1,DBAASP
DBAASPS_18948,VDKPPYLPRPRWSRRIYNR,ecoli,ATCC 25922,1.619511301,0.209383983,development,1,DBAASP
DBAASPS_18949,VDKPPYLPRPRWQRRIYNR,ecoli,ATCC 25922,3.186066212,0.503254797,development,3,DBAASP
DBAASPS_18950,VDKPPYLPRPRWYRRIYNR,ecoli,ATCC 25922,3.142210127,0.497235224,development,2,DBAASP
DBAASPS_18951,VDKPPYLPRPRWDRRIYNR,ecoli,ATCC 25922,12.81080575,1.107576446,development,3,DBAASP
DBAASPS_18952,VDKPPYLPRPRWTRRIYNR,ecoli,ATCC 25922,3.220731486,0.507954519,development,1,DBAASP
DBAASPR_19005,GIINTLQRYYCRIRSGRCALLSCLPKEEQIGRCSSTGRKCCRRKK,ecoli,ATCC 25922,12.29304943,1.089659628,development,1,DBAASP
DBAASPS_19076,LRRRLLLLR,ecoli,ATCC 25922,77.28576,1.888099482,development,5,DBAASP
DBAASPS_19659,KKLFKKILGRYK,ecoli,ATCC 25922,2.628196908,0.4196579,development,4,DBAASP
DBAASPS_19660,KKLFKKILGRYL,ecoli,ATCC 25922,2.654383457,0.423963662,development,5,DBAASP
DBAASPS_19662,KKLFKKIGLRYL,ecoli,ATCC 25922,2.654383457,0.423963662,development,1,DBAASP
DBAASPS_19664,KKLFKKIGLRYK,ecoli,ATCC 25922,2.628196908,0.4196579,development,5,DBAASP
DBAASPS_19665,KKLFKKGILRYK,ecoli,ATCC 25922,5.25639382,0.720687896,development,4,DBAASP
DBAASPS_19829,YVSPVAIVKGLNIPL,ecoli,ATCC 25922,80.8618416,1.907743628,development,5,DBAASP
DBAASPS_20123,WRIRIRWKRLRRPP,ecoli,ATCC 25922,0.125662721,-0.90079354,development,3,DBAASP
DBAASPS_20271,GGHIRRIIRKIIHIIKKYG,ecoli,ATCC 25922,9.095479995,0.958825623,development,5,DBAASP
DBAASPS_20316,GILDTLKQLGKAAVQGLLSKAACKLAKTC,ecoli,ATCC 25922,1.358880339,0.133181215,development,5,DBAASP
DBAASPS_20317,GFMDTAKNVAKNVAVTLLYNLKCKITKAC,ecoli,ATCC 25922,1.266293084,0.102534235,development,1,DBAASP
DBAASPS_20318,GLWTTIKEGVKNFSVGVLDKIRCKITGGC,ecoli,ATCC 25922,2.561047138,0.408417572,development,2,DBAASP
DBAASPS_20319,GLLLDTVKGAAKNVAGILLNKLKCKVTGDC,ecoli,ATCC 25922,2.617187877,0.4178349,development,2,DBAASP
DBAASPR_20320,GILTDTLKGAAKNVAGVLLDKLKCKITGGC,ecoli,ATCC 25922,5.33042544,0.726761873,development,2,DBAASP
DBAASPS_20321,VIPFVASVAAEMMHHVYCAASKRCKN,ecoli,ATCC 25922,44.70171558,1.650324191,development,2,DBAASP
DBAASPS_20322,AGYSRMIRRPPGFSPFRVAPASSLKR,ecoli,ATCC 25922,44.05559449,1.644001066,development,4,DBAASP
DBAASPS_20323,ATAWKVPPGLQPIRPIRIRPLCGNDKS,ecoli,ATCC 25922,42.88740983,1.632329818,development,2,DBAASP
DBAASPS_20324,SWLSKSVKKLVNKKNYTRLEKLAKKKLFNE,ecoli,ATCC 25922,0.552126454,-0.257961444,development,5,DBAASP
DBAASPR_20325,KIKIPWGKVKDFLVGGMKAVGKK,ecoli,ATCC 25922,0.791081636,-0.101778697,development,3,DBAASP
DBAASPS_20326,AFVRILCYCCPRRIKRR,ecoli,ATCC 25922,29.71627208,1.472994326,development,4,DBAASP
DBAASPS_20327,ISIKEALEHSFFHTVPRKWCKKH,ecoli,ATCC 25922,22.67632768,1.355572724,development,5,DBAASP
DBAASPS_20328,TALKSLSILKKLAKLNM,ecoli,ATCC 25922,68.36206077,1.834815146,development,5,DBAASP
DBAASPS_20329,GILRLVTRRFRFSPTNLNRYTVARLVSGVP,ecoli,ATCC 25922,18.49661705,1.267092305,development,5,DBAASP
DBAASPS_20330,AVLSFVHKLFLNFLHVDTSKGKCRATLQ,ecoli,ATCC 25922,40.33058625,1.605634535,development,5,DBAASP
DBAASPS_20331,VPFGLKPR,ecoli,ATCC 25922,140.1770729,2.146676987,development,1,DBAASP
DBAASPS_20332,KYHHIKLRHGRHRRTIH,ecoli,ATCC 25922,56.99959016,1.755871733,development,3,DBAASP
DBAASPS_20333,ITEPVGTKAPTFTSELRGGWLKKR,ecoli,ATCC 25922,47.88428743,1.680193029,development,5,DBAASP
DBAASPS_20334,WALRWKTR,ecoli,ATCC 25922,114.6610161,2.059415786,development,4,DBAASP
DBAASPS_20335,VAAFAIIGCLCCRRPRR,ecoli,ATCC 25922,67.17840944,1.827229717,development,3,DBAASP
DBAASPS_20336,FILHAKKTRSAK,ecoli,ATCC 25922,91.44800553,1.961174238,development,1,DBAASP
DBAASPS_20347,GIFKVLKNLAKGVITSLAS,ecoli,ATCC 25922,3.059861999,0.48570184,development,5,DBAASP
DBAASPS_20348,GIFDVLKNLAKGVITSLKS,ecoli,ATCC 25922,12.53412501,1.098094022,development,1,DBAASP
DBAASPS_20349,GIFKVLKNLAKGVITSLKS,ecoli,ATCC 25922,12.62837501,1.10134747,development,3,DBAASP
DBAASPS_20350,KLLLRLRKLLRR,ecoli,ATCC 25922,7.900499992,0.897654577,development,1,DBAASP
DBAASPS_20351,DNKWQNVHFHRSAVTGPTSFSFSHK,ecoli,ATCC 25922,43.90809822,1.642544627,development,5,DBAASP
DBAASPS_20352,GIYTGRLLPVYIPQPRPPHPRLRR,ecoli,ATCC 25922,2.803657795,0.447725004,development,1,DBAASP
DBAASPS_20353,GILRSLGWIQMPRSRRRHR,ecoli,ATCC 25922,13.46896365,1.129334181,development,2,DBAASP
DBAASPS_20354,VKCRVRR,ecoli,ATCC 25922,139.7142153,2.145240596,development,3,DBAASP
DBAASPS_20355,GAHKEVFKRDTALTKEAAKKAKK,ecoli,ATCC 25922,50.07811245,1.699647951,development,5,DBAASP
DBAASPS_20356,GWGLINIKIPPVLHKVSVPLVSKR,ecoli,ATCC 25922,48.27856223,1.683754328,development,5,DBAASP
DBAASPS_20357,KHHHIKLRHERHRRYILKSLI,ecoli,ATCC 25922,46.18739006,1.664523422,development,1,DBAASP
DBAASPS_20358,SILSTLSHKR,ecoli,ATCC 25922,112.1492824,2.049796499,development,2,DBAASP
DBAASPS_20359,RARKIRRRRGSLRHCVTIPSTPSGR,ecoli,ATCC 25922,43.8740682,1.642207906,development,3,DBAASP
DBAASPS_20360,AAGAGKVTKSAQKAQKAK,ecoli,ATCC 25922,73.43493182,1.865902696,development,5,DBAASP
DBAASPS_20361,ATAAECLKHPWLKIKK,ecoli,ATCC 25922,69.66908953,1.843040135,development,5,DBAASP
DBAASPS_20362,IIRATAAECLKHPWLKIKK,ecoli,ATCC 25922,57.66381412,1.760903365,development,3,DBAASP
DBAASPS_20363,SVASLAKNSAWPVSLKR,ecoli,ATCC 25922,70.55770821,1.848544466,development,4,DBAASP
DBAASPS_20364,VTISIARRVSSHKRG,ecoli,ATCC 25922,76.78706694,1.885288079,development,4,DBAASP
DBAASPS_20365,NKIKFINKYVKKVQLKKILVKS,ecoli,ATCC 25922,48.11357249,1.682267605,development,1,DBAASP
DBAASPS_20366,RKIIAVSVHKLCRVKR,ecoli,ATCC 25922,67.14180046,1.826992983,development,2,DBAASP
DBAASPS_20367,FACPIGFFRLKR,ecoli,ATCC 25922,87.98465228,1.944406922,development,1,DBAASP
DBAASPS_20368,FIKTQVLKHLVAGVRVARGLDWKWR,ecoli,ATCC 25922,2.68672939,0.429223926,development,3,DBAASP
DBAASPS_20369,KHHHIKLRHGRHRRSVLRTLV,ecoli,ATCC 25922,48.53734828,1.686076046,development,5,DBAASP
DBAASPS_20370,RRFFFATAPCGYSRKFCKITRRKR,ecoli,ATCC 25922,10.67878146,1.028521699,development,2,DBAASP
DBAASPS_20371,GAFVLWGPTPRPRRR,ecoli,ATCC 25922,72.47669768,1.860198397,development,3,DBAASP
DBAASPS_20372,GIFSLIKGAAK,ecoli,ATCC 25922,115.9044566,2.064100135,development,3,DBAASP
DBAASPS_20373,GWLDIAKKVASVVAGIVKR,ecoli,ATCC 25922,3.979200954,0.599795872,development,1,DBAASP
DBAASPS_20374,GWLDIAKKVASVVAGLGKR,ecoli,ATCC 25922,4.064269967,0.608982548,development,4,DBAASP
DBAASPS_20375,VMLPKFKR,ecoli,ATCC 25922,125.6961307,2.099321909,development,2,DBAASP
DBAASPS_20376,RRAIFASIRGYLGLRKR,ecoli,ATCC 25922,1.967093788,0.293825067,development,4,DBAASP
DBAASPS_20377,TPLSDIFRGQLRSRVSR,ecoli,ATCC 25922,64.37724155,1.808732364,development,2,DBAASP
DBAASPS_20378,SSLSPLSSSSGLGKKKKRKSKRASR,ecoli,ATCC 25922,48.10034308,1.682148174,development,2,DBAASP
DBAASPS_20379,KLFLTLWKLKR,ecoli,ATCC 25922,11.06609685,1.043994467,development,4,DBAASP
DBAASPS_20380,GSSSRSCRCIRLSRLSSKRT,ecoli,ATCC 25922,57.1278845,1.756848142,development,3,DBAASP
DBAASPS_20381,GLLSGILGAGKKIVCGFSGLC,ecoli,ATCC 25922,8.026272881,0.904513921,development,5,DBAASP
DBAASPS_20382,GLISGILGAGKKVLCGLSGLC,ecoli,ATCC 25922,16.33122935,1.213018878,development,5,DBAASP
DBAASPS_20383,GFMDTAKNVAKNVAVTLLDNLKCKITKAC,ecoli,ATCC 25922,41.14777894,1.614346398,development,5,DBAASP
DBAASPS_20384,GLLRGILGAGKKIVCGLSGLC,ecoli,ATCC 25922,1.971856308,0.294875264,development,2,DBAASP
DBAASPS_20385,GLLSGLLGAGKKIVCGLSGMC,ecoli,ATCC 25922,8.091149711,0.908010237,development,3,DBAASP
DBAASPS_20386,GILSGLLGAGKKIVC,ecoli,ATCC 25922,11.19823587,1.049149611,development,1,DBAASP
DBAASPS_20387,GILSGLLGAGKKIVCGLSGLC,ecoli,ATCC 25922,8.16561467,0.911988882,development,1,DBAASP
DBAASPS_20388,GLISGILGAGKK,ecoli,ATCC 25922,114.9667197,2.06057214,development,5,DBAASP
DBAASPS_20389,GLISGILGAGKKVLC,ecoli,ATCC 25922,89.58588699,1.952239598,development,2,DBAASP
DBAASPS_20390,GILSGLLGAGKKLACGLIGLC,ecoli,ATCC 25922,4.086921716,0.611396319,development,4,DBAASP
DBAASPS_20391,GIFGGHLKVGKKIACGLSGLC,ecoli,ATCC 25922,15.54506678,1.191592592,development,4,DBAASP
DBAASPS_20392,GIFGGLLKEGKKIACGLSGLC,ecoli,ATCC 25922,15.49988025,1.190328343,development,2,DBAASP
DBAASPS_20393,KLMIPRKKRGIFGGLLKVGKKIACGLSGLC,ecoli,ATCC 25922,5.021853568,0.700864045,development,2,DBAASP
DBAASPS_20394,RPRPQQVPPRPPHPRLRR,ecoli,ATCC 25922,1.785194923,0.251685643,development,2,DBAASP
DBAASPS_20395,GLLGKVLGVGKKVLCGVTGLC,ecoli,ATCC 25922,1.985546137,0.297879983,development,4,DBAASP
DBAASPS_20396,GAPKGCWTKSYPPKPCSGKR,ecoli,ATCC 25922,59.57565063,1.775068794,development,2,DBAASP
DBAASPS_20397,KEERGAPKGCWTKSYPPKPCSGKR,ecoli,ATCC 25922,47.56381519,1.677276683,development,3,DBAASP
DBAASPS_20398,FLPSSPWNEGTYVLKKLKS,ecoli,ATCC 25922,58.32608293,1.765862811,development,2,DBAASP
DBAASPS_20399,RMIRRPPGFSPFRVAPASSLKR,ecoli,ATCC 25922,50.652247,1.704598716,development,3,DBAASP
DBAASPS_20400,RPRWSHRSRR,ecoli,ATCC 25922,91.84975644,1.963078009,development,1,DBAASP
DBAASPS_20401,GLLGKVLGVGKKVLCVVSGLC,ecoli,ATCC 25922,1.958276107,0.291873925,development,2,DBAASP
DBAASPS_20402,GIFSLIKGAAKVVAKGLG,ecoli,ATCC 25922,18.50631828,1.267320027,development,3,DBAASP
DBAASPS_20403,GLLGKVLGVGKKVLC,ecoli,ATCC 25922,10.78225692,1.032709676,development,4,DBAASP
DBAASPS_20404,GLLGKVLGVGKKVLCGVTGRERCQ,ecoli,ATCC 25922,12.95011315,1.112273563,development,3,DBAASP
DBAASPS_20405,AGLQFPVGRIHRHLKTR,ecoli,ATCC 25922,64.43958814,1.809152756,development,1,DBAASP
DBAASPR_20406,GILLNTLKGAAKNVAGVLLDKLKCKITGGC,ecoli,ATCC 25922,2.655420007,0.424133223,development,1,DBAASP
DBAASPS_20407,GLLGKILGVGKKVLCGVSGLC,ecoli,ATCC 25922,1.985546238,0.297880005,development,1,DBAASP
DBAASPS_20441,GLLSGILGAGKK,ecoli,ATCC 25922,114.9667197,2.06057214,development,1,DBAASP
DBAASPS_20442,GILSGLLGAGKKIVCGLSGMC,ecoli,ATCC 25922,64.72919769,1.811100224,development,3,DBAASP
DBAASPS_20450,GIFSLIKGAAKVVAKGLGK,ecoli,ATCC 25922,8.614594094,0.935234819,development,5,DBAASP
DBAASPS_20453,GLLGKVLGVGKKVLCGVSGRC,ecoli,ATCC 25922,3.91473649,0.592702534,development,5,DBAASP
DBAASPS_20457,GLVGKLVKGGLKLIGHVANG,ecoli,ATCC 25922,8.28857726,0.91847999,development,1,DBAASP
DBAASPS_20458,FPFPFGRR,ecoli,ATCC 25922,125.0970749,2.097247155,development,1,DBAASP
DBAASPS_20459,EEQRFLPVVAGLAAKVLPSIICAVTKKC,ecoli,ATCC 25922,21.44303463,1.331286247,development,5,DBAASP
DBAASPS_20515,WLKKLKKKLKKLKKK,ecoli,ATCC 25922,62.35775997,1.794890506,development,1,DBAASP
DBAASPS_20535,VVKTVVSRAYTRAGLAQRLGWHDLRHSTRT,ecoli,ATCC 25922,72.76022527,1.861894035,development,2,DBAASP
DBAASPS_20536,MMGAPTRRFKHHAWHETTVARRATARYVGGLSSRFVTR,ecoli,ATCC 25922,28.40861453,1.453450054,development,5,DBAASP
DBAASPS_20537,VNRVTRVIATRRNEAERIGVPLYF,ecoli,ATCC 25922,176.6604059,2.247139224,development,3,DBAASP
DBAASPS_20538,VEKSEKAISGARRGSPIVNRHVVHLEHVRLKGPYRLSDRLSSAPRTSTRV,ecoli,ATCC 25922,44.60758863,1.649408747,development,2,DBAASP
DBAASPS_20557,RRWWW,ecoli,ATCC 25922,287.9543264,2.459323608,development,1,DBAASP
DBAASPS_20558,RRWWWW,ecoli,ATCC 25922,238.0856987,2.376733309,development,5,DBAASP
DBAASPS_20559,RRRWWWW,ecoli,ATCC 25922,25.98603649,1.414740044,development,2,DBAASP
DBAASPS_20560,RRRWWWWW,ecoli,ATCC 25922,90.29066528,1.955642853,development,4,DBAASP
DBAASPS_20561,RRRWWWWWW,ecoli,ATCC 25922,39.90380734,1.601014335,development,2,DBAASP
DBAASPS_20562,RRRWWWWWWW,ecoli,ATCC 25922,143.0111526,2.155369907,development,3,DBAASP
DBAASPS_20565,RRRRWWWWWW,ecoli,ATCC 25922,72.72543473,1.861686326,development,1,DBAASP
DBAASPS_20566,RRRRWWWWWWW,ecoli,ATCC 25922,65.76724204,1.81800963,development,2,DBAASP
DBAASPS_20567,RRRRRWWWW,ecoli,ATCC 25922,5.18199967,0.714497381,development,4,DBAASP
DBAASPS_20568,RRRRRWWWWW,ecoli,ATCC 25922,9.248454515,0.966069165,development,5,DBAASP
DBAASPS_20569,RRRRRWWWWWW,ecoli,ATCC 25922,133.5955158,2.125791881,development,1,DBAASP
DBAASPS_20570,RRRRRWWWWWWW,ecoli,ATCC 25922,121.7629847,2.085515285,development,2,DBAASP
DBAASPS_20571,RRRRRRRWWWW,ecoli,ATCC 25922,17.23970198,1.236529754,development,1,DBAASP
DBAASPS_20572,RRRRRRWWWWWW,ecoli,ATCC 25922,30.88177881,1.489702308,development,2,DBAASP
DBAASPS_20573,RRRRRRWWWWWWW,ecoli,ATCC 25922,56.67145487,1.753364362,development,4,DBAASP
DBAASPS_20574,RRRRRRWWWWW,ecoli,ATCC 25922,16.96527063,1.229560792,development,4,DBAASP
DBAASPS_20579,RRRRRRWWWW,ecoli,ATCC 25922,9.411803015,0.973672829,development,1,DBAASP
DBAASPS_20580,RLFRRVKKVAGKIAKRIWKILRR,ecoli,ATCC 25922,2.69992562,0.4313518,development,5,DBAASP
DBAASPS_20581,RLFRRVKKVAGKIAKRIW,ecoli,ATCC 25922,3.508843844,0.545164041,development,4,DBAASP
DBAASPS_20582,RLFRRVKKVAGKIAKRI,ecoli,ATCC 25922,7.66330045,0.884415853,development,5,DBAASP
DBAASPS_20583,RLFRRVKKVAGKIAKR,ecoli,ATCC 25922,16.22170084,1.210096388,development,1,DBAASP
DBAASPS_20584,RLFRRVKKVAGKIAK,ecoli,ATCC 25922,17.65293093,1.246816822,development,4,DBAASP
DBAASPS_20595,RLFRRVKKVAGKIA,ecoli,ATCC 25922,76.12342129,1.881518299,development,1,DBAASP
DBAASPS_20596,RLFRRVKKVAGKI,ecoli,ATCC 25922,79.56759128,1.900736211,development,2,DBAASP
DBAASPS_20597,RLFRRVKKVAGK,ecoli,ATCC 25922,85.74376314,1.93320254,development,4,DBAASP
DBAASPR_20598,LKTKALNKLKQKLQAVGNLIGSVIKG,ecoli,ATCC 25922,17.30912399,1.238275089,development,5,DBAASP
DBAASPS_20599,RLFRRVKKVAGKIAKRIWK,ecoli,ATCC 25922,1.661017733,0.220374269,development,1,DBAASP
DBAASPS_20601,LKLKLKLTGKLKLKL,ecoli,ATCC 25922,6.969559996,0.843205361,development,1,DBAASP
DBAASPS_20602,LKLKLKVPPTKLKLKL,ecoli,ATCC 25922,29.8488,1.474926876,development,3,DBAASP
DBAASPS_20603,LKLKLKPGKLKLKL,ecoli,ATCC 25922,13.00192001,1.11400749,development,3,DBAASP
DBAASPS_20604,LKLKLKINGKKLKLKL,ecoli,ATCC 25922,30.15312,1.479332256,development,1,DBAASP
DBAASPS_20605,LKLKLKNGKLKLKL,ecoli,ATCC 25922,52.55136002,1.72058396,development,1,DBAASP
DBAASPS_20606,LKLKLKPNKLKLKL,ecoli,ATCC 25922,6.729199996,0.827963436,development,5,DBAASP
DBAASPS_20607,LKLKLKRDGKLKLKL,ecoli,ATCC 25922,57.58079994,1.760277694,development,5,DBAASP
DBAASPS_20608,LKLKLKNPDGKLKLKL,ecoli,ATCC 25922,59.34208004,1.773362765,development,2,DBAASP
DBAASPS_20609,LKLKLKEGNKKLKLKL,ecoli,ATCC 25922,60.81696004,1.784024708,development,1,DBAASP
DBAASPS_20610,LKLKLKRDNKLKLKL,ecoli,ATCC 25922,59.40672007,1.773835575,development,3,DBAASP
DBAASPS_20708,FKTRVF,ecoli,ATCC 25922,40.1521878,1.603709214,development,4,DBAASP
DBAASPS_20709,FRTRVF,ecoli,ATCC 25922,38.78876364,1.588705937,development,4,DBAASP
DBAASPS_20722,FKTFVL,ecoli,ATCC 25922,169.7748553,2.229873369,development,2,DBAASP
DBAASPS_20723,AKTRVF,ecoli,ATCC 25922,177.5632273,2.24935303,development,1,DBAASP
DBAASPS_20724,FKARVF,ecoli,ATCC 25922,166.8966971,2.222447742,development,5,DBAASP
DBAASPR_20725,KRFKKFFKKLRKSVKKRVKKFFKKPKVIGVSIPF,ecoli,ATCC 25922,3.811928061,0.581144696,development,5,DBAASP
DBAASPS_20753,VKKLVKKAVKKLVKKA,ecoli,ATCC 25922,116.1900801,2.065169051,development,1,DBAASP
DBAASPS_20754,VKKLVKKLVKKAVKKA,ecoli,ATCC 25922,116.1900801,2.065169051,development,3,DBAASP
DBAASPS_20755,VKKLVKKLVKKLVKKA,ecoli,ATCC 25922,29.720798,1.473060466,development,1,DBAASP
DBAASPS_20756,VKKLVKKLVKKAVKKL,ecoli,ATCC 25922,29.720798,1.473060466,development,1,DBAASP
DBAASPS_20757,VKKLVKKLVKKLVKKL,ecoli,ATCC 25922,15.19704001,1.181759007,development,3,DBAASP
DBAASPS_20758,VKKWVKKAVKKWVKKA,ecoli,ATCC 25922,125.541756,2.098788199,development,1,DBAASP
DBAASPS_20759,VKKWVKKWVKKAVKKA,ecoli,ATCC 25922,15.69271899,1.195698198,development,2,DBAASP
DBAASPS_20760,VKKWVKKWVKKAVKKW,ecoli,ATCC 25922,8.30692,0.919440028,development,2,DBAASP
DBAASPS_20761,VKKWVKKWVKKWVKKA,ecoli,ATCC 25922,8.30692,0.919440028,development,3,DBAASP
DBAASPS_20762,VKKWVKKWVKKWVKKW,ecoli,ATCC 25922,4.383739998,0.641844788,development,2,DBAASP
DBAASPS_20786,RKANFLAKLKEKLRTVITSHIDKVLRPQG,ecoli,ATCC 25922,3.36611,0.527128304,development,2,DBAASP
DBAASPS_20788,RKENFLKKLKEKLRTVITSHIDKVLRPQG,ecoli,ATCC 25922,6.964500004,0.842889943,development,1,DBAASP
DBAASPS_20789,RKDNFLKKLKEKLRTVITSHIDKVLRPQG,ecoli,ATCC 25922,6.93644,0.841136634,development,5,DBAASP
DBAASPS_20790,RKKNFLEKLKEKLRTVITSHIDKVLRPQG,ecoli,ATCC 25922,6.964500004,0.842889943,development,4,DBAASP
DBAASPS_20791,RKKNFLDKLKEKLRTVITSHIDKVLRPQG,ecoli,ATCC 25922,6.93644,0.841136634,development,5,DBAASP
DBAASPS_20821,RWNPFKKLERVGQNIRDGIIKAGPAVAVVGQAASIAK,ecoli,ATCC 25922,1.981365,0.296964487,development,1,DBAASP
DBAASPS_20822,KWKIFKKIEKVGRNIRDGIIKAGPAVQVVGQAATIYKGK,ecoli,ATCC 25922,2.1591399,0.334280783,development,5,DBAASP
DBAASPS_20823,DKLIGSCVWGAVNYTSDCNAECKRRGYKGGHCGSFANVNCWCET,ecoli,ATCC 25922,38.46024,1.58501199,development,4,DBAASP
DBAASPS_20824,GCVFYECIARCRQRGYLSGGYCTINGCQCL,ecoli,ATCC 25922,6.673999995,0.824386202,development,1,DBAASP
DBAASPS_20825,GKIPIGAIKKGAKAVGKGLKALNIASTAHDIYSFHHKKKKH,ecoli,ATCC 25922,4.373309998,0.640810263,development,1,DBAASP
DBAASPS_20826,WWRWWRRRW,ecoli,ATCC 25922,3.14578,0.497728347,development,1,DBAASP
DBAASPS_20827,WWRWRRRWW,ecoli,ATCC 25922,6.291560005,0.798758343,development,5,DBAASP
DBAASPS_20834,WRRWRWRWW,ecoli,ATCC 25922,6.291560005,0.798758343,development,1,DBAASP
DBAASPS_20837,WWWRRRRWW,ecoli,ATCC 25922,3.14578,0.497728347,development,3,DBAASP
DBAASPS_20838,RLRLRLRLL,ecoli,ATCC 25922,1.9140302,0.281948786,development,4,DBAASP
DBAASPS_20839,RIRIRIRWL,ecoli,ATCC 25922,2.196314799,0.341694588,development,3,DBAASP
DBAASPS_20840,RIRWRIRIL,ecoli,ATCC 25922,4.059661004,0.60848977,development,5,DBAASP
DBAASPS_20841,RIRWRIRWL,ecoli,ATCC 25922,5.848027699,0.767009421,development,3,DBAASP
DBAASPS_20842,RIRIRWRWL,ecoli,ATCC 25922,1.705674599,0.231896182,development,3,DBAASP
DBAASPS_20853,RWRIRIRWL,ecoli,ATCC 25922,5.414839995,0.733585628,development,2,DBAASP
DBAASPS_20854,RIRWRWRIL,ecoli,ATCC 25922,4.643225705,0.666819795,development,3,DBAASP
DBAASPS_20855,RWRWRWRIL,ecoli,ATCC 25922,3.880814596,0.588922895,development,5,DBAASP
DBAASPS_20856,RWRIRWRWL,ecoli,ATCC 25922,2.446910598,0.388618102,development,4,DBAASP
DBAASPS_20883,WRIRRRWPRLPRPRWRPLPFPR,ecoli,ATCC 25922,6.103539999,0.785581795,development,2,DBAASP
DBAASPS_20889,RWRWRWRWW,ecoli,ATCC 25922,3.14578,0.497728347,development,4,DBAASP
DBAASPS_20890,WRRRWWWWR,ecoli,ATCC 25922,3.14578,0.497728347,development,4,DBAASP
DBAASPR_20913,ALLDKLKSLGKVVGKVALGVVQNYLNPRQ,ecoli,ATCC 25922,6.251600007,0.795991183,development,2,DBAASP
DBAASPR_20915,AWLDKLKSIGKVVGKVAIGVAKNLLNPQ,ecoli,ATCC 25922,5.931300002,0.773149891,development,1,DBAASP
DBAASPS_20929,GRLIKFIKKAWRKFIEKFAK,ecoli,ATCC 25922,25.51691201,1.406828116,development,4,DBAASP
DBAASPS_20930,GRILKFIKKAWRKIHLKFDK,ecoli,ATCC 25922,12.66745444,1.102689351,development,3,DBAASP
DBAASPS_20931,GRLLKFIKKAQRKFVEKFAK,ecoli,ATCC 25922,52.54448345,1.720527127,development,3,DBAASP
DBAASPS_20932,GQLNKFIKKAWRKFFEKFAK,ecoli,ATCC 25922,3.180857247,0.502544179,development,2,DBAASP
DBAASPS_20933,GWLNKIIKKAWRKFHEIFSK,ecoli,ATCC 25922,1.580990313,0.198929209,development,1,DBAASP
DBAASPS_20934,GRLNKFIKKAWRKFVLKFAK,ecoli,ATCC 25922,3.226974957,0.508795595,development,1,DBAASP
DBAASPS_20935,GVLELLKGAAKDLAGHVATKVLKKI,ecoli,ATCC 25922,99.48852107,1.997772975,development,3,DBAASP
DBAASPS_20936,GVLDNLKSAAKDLAGHLATKVIKKI,ecoli,ATCC 25922,12.28816463,1.089487021,development,5,DBAASP
DBAASPS_20937,GVLEILKGAAKDLAGHVATKVIKKI,ecoli,ATCC 25922,99.48852107,1.997772975,development,3,DBAASP
DBAASPS_20938,GVLEILKSAAKDLAGHVATKVIKKI,ecoli,ATCC 25922,98.34097686,1.992734518,development,3,DBAASP
DBAASPS_20939,GVIDFLKGAAKDLAGHVATKVIKKL,ecoli,ATCC 25922,98.72157558,1.994412078,development,2,DBAASP
DBAASPS_20951,IGKEFKRIVERIKRFLRELVRPLR,ecoli,ATCC 25922,41.92937386,1.622518377,development,4,DBAASP
DBAASPS_20952,IGKLFKRIHERIKRFLRVFLRRLR,ecoli,ATCC 25922,20.30497579,1.307602476,development,1,DBAASP
DBAASPS_20953,IGKLFKRIHLRIKRFLRELVRQLR,ecoli,ATCC 25922,82.85157562,1.918300772,development,2,DBAASP
DBAASPS_20954,IGKLFKRIVERIRRFVRSFLRTLR,ecoli,ATCC 25922,20.90971589,1.320348132,development,5,DBAASP
DBAASPS_20955,IGKLFKRIVERIKRFLRVLLRILR,ecoli,ATCC 25922,84.29695904,1.925811908,development,4,DBAASP
DBAASPS_20956,IGKLFKRIHERIKRFLRSFLRILR,ecoli,ATCC 25922,20.66613224,1.315259204,development,2,DBAASP
DBAASPS_20957,IGKEFKRIHERIKRFLRELLRHLR,ecoli,ATCC 25922,20.35097688,1.308585261,development,3,DBAASP
DBAASPS_20958,ILRWIWKIWRRW,ecoli,ATCC 25922,17.65768317,1.24693372,development,2,DBAASP
DBAASPS_20959,GLRWIWKIWRRL,ecoli,ATCC 25922,4.753187814,0.676984975,development,1,DBAASP
DBAASPS_20960,ILRWPWRIWRR,ecoli,ATCC 25922,39.07204433,1.591866135,development,2,DBAASP
DBAASPS_20961,LLRWIWRPWRR,ecoli,ATCC 25922,19.53602215,1.290836139,development,2,DBAASP
DBAASPS_20962,ILRKPWRIWRR,ecoli,ATCC 25922,40.50733718,1.607533695,development,5,DBAASP
DBAASPS_20963,FLRRFWRIWRR,ecoli,ATCC 25922,18.91195749,1.276736483,development,5,DBAASP
DBAASPS_20964,GVGKKLWFALKKPLGLVKFFKLL,ecoli,ATCC 25922,3.040234836,0.482907131,development,4,DBAASP
DBAASPS_20965,GIGKFLKFALKKGLGLVLKFKL,ecoli,ATCC 25922,52.9117046,1.723551753,development,1,DBAASP
DBAASPS_20966,RRWWWRWRW,ecoli,ATCC 25922,3.14578,0.497728347,development,2,DBAASP
DBAASPS_20967,RWRWRRWWW,ecoli,ATCC 25922,6.291560005,0.798758343,development,1,DBAASP
DBAASPS_20983,RWWWWRRWR,ecoli,ATCC 25922,6.291560005,0.798758343,development,2,DBAASP
DBAASPS_21029,RIWWSGGWRRWRW,ecoli,ATCC 25922,4.236900616,0.627048277,development,1,DBAASP
DBAASPS_21030,MLRKVGVIGHWKIWWSGGWKRWRWR,ecoli,ATCC 25922,39.19251561,1.59320314,development,1,DBAASP
DBAASPS_21031,WKIWWSGGWKRWR,ecoli,ATCC 25922,17.46585812,1.242189928,development,3,DBAASP
DBAASPS_21032,KIWWSGGWKRWRW,ecoli,ATCC 25922,8.732929054,0.941159932,development,5,DBAASP
DBAASPS_21033,KIWWSGAWKRWRW,ecoli,ATCC 25922,8.666577779,0.937847639,development,4,DBAASP
DBAASPR_21035,TLSAC,ecoli,ATCC 25922,12.34000001,1.09131516,development,3,DBAASP
DBAASPS_21036,WRRRRWWWW,ecoli,ATCC 25922,3.14578,0.497728347,development,2,DBAASP
DBAASPS_21049,WRRWRWWRW,ecoli,ATCC 25922,3.14578,0.497728347,development,4,DBAASP
DBAASPS_21050,LLRLLRRRL,ecoli,ATCC 25922,4.830359996,0.683979499,development,1,DBAASP
DBAASPS_21051,LLRLRRRLL,ecoli,ATCC 25922,9.66072,0.985009495,development,4,DBAASP
DBAASPS_21052,LLLRRRRLL,ecoli,ATCC 25922,77.28576,1.888099482,development,5,DBAASP
DBAASPS_21053,RRLLLLRRL,ecoli,ATCC 25922,77.28576,1.888099482,development,2,DBAASP
DBAASPS_21073,RIIDLLWRVRR,ecoli,ATCC 25922,95.67168391,1.980783418,development,1,DBAASP
DBAASPS_21074,KFVTVWVR,ecoli,ATCC 25922,66.19520005,1.820826499,development,2,DBAASP
DBAASPS_21075,GWKRKRFG,ecoli,ATCC 25922,132.51456,2.122263599,development,3,DBAASP
DBAASPS_21076,GWKRKRFGPQKPKFVTVWVR,ecoli,ATCC 25922,5.008180005,0.69967993,development,2,DBAASP
DBAASPS_21077,RIIRLLWRVRRPQKPGWKRKRFG,ecoli,ATCC 25922,3.005760002,0.477954301,development,1,DBAASP
DBAASPS_21078,GWKRKRFGKFVTVWVR,ecoli,ATCC 25922,4.105079999,0.613321625,development,3,DBAASP
DBAASPS_21079,RIIRLLWRVRRGWKRKRFG,ecoli,ATCC 25922,2.554210001,0.407256601,development,2,DBAASP
DBAASPS_21080,RIIDLLWRVRRGWKRKRFG,ecoli,ATCC 25922,5.026220001,0.701241494,development,5,DBAASP
DBAASPS_21081,KFVTVWVRGWKRKRFG,ecoli,ATCC 25922,4.105079999,0.613321625,development,3,DBAASP
DBAASPS_21142,IFKAIWSGINRLF,ecoli,ATCC 25922,63.9021089,1.805515191,development,2,DBAASP
DBAASPS_21161,TGKASQFFGLM,ecoli,ATCC 25922,151.8630399,2.181452089,development,4,DBAASP
DBAASPS_21162,LKKWTGKASQFFGLM,ecoli,ATCC 25922,111.6268799,2.047768786,development,1,DBAASP
DBAASPS_21163,LKKWTLKASQFFGLM,ecoli,ATCC 25922,28.80447997,1.459460039,development,4,DBAASP
DBAASPS_21164,LKKWLKKWTGKASQFFGLM,ecoli,ATCC 25922,4.603819997,0.663118335,development,3,DBAASP
DBAASPS_21165,LKKWLKKWTLKASQFFGLM,ecoli,ATCC 25922,4.71604,0.67357748,development,2,DBAASP
DBAASPS_21166,LKKWLKKWTPKASQFFGLM,ecoli,ATCC 25922,4.683960004,0.670613178,development,5,DBAASP
DBAASPS_21172,RLLRLLLLRLLR,ecoli,ATCC 25922,1.29195588,0.111247683,development,5,DBAASP
DBAASPS_21173,KLLKLLKLLL,ecoli,ATCC 25922,13.39300608,1.126878066,development,3,DBAASP
DBAASPS_21175,RLLRLLRLLLLLL,ecoli,ATCC 25922,316.4064572,2.500245338,development,2,DBAASP
DBAASPS_21176,RLLLRLLLRLLLR,ecoli,ATCC 25922,308.2109542,2.48884807,development,5,DBAASP
DBAASPS_21178,RLLRLLRLL,ecoli,ATCC 25922,54.91044458,1.73965496,development,1,DBAASP
DBAASPS_21179,LRRLRLRLL,ecoli,ATCC 25922,9.66072,0.985009495,development,3,DBAASP
DBAASPS_21181,RRLLLRLRL,ecoli,ATCC 25922,9.66072,0.985009495,development,4,DBAASP
DBAASPR_21256,TTLRLNTLAYKVAWLVNVKAFWAAGRALKKVGR,ecoli,ATCC 25922,1.076287216,0.031928182,development,5,DBAASP
DBAASPS_21268,WWWRRR,ecoli,ATCC 25922,7.653910226,0.883883364,development,4,DBAASP
DBAASPS_21270,WWWKKK,ecoli,ATCC 25922,8.323127279,0.920286536,development,2,DBAASP
DBAASPS_21271,WKWKWK,ecoli,ATCC 25922,66.58501823,1.823376523,development,4,DBAASP
DBAASPS_21272,LWWNKR,ecoli,ATCC 25922,283.7928308,2.45300142,development,4,DBAASP
DBAASPS_21309,KIILRIRWR,ecoli,ATCC 25922,1.253640001,0.098172841,development,5,DBAASP
DBAASPS_21310,VRKPPYLPRPRPRPL,ecoli,ATCC 25922,64.48119998,1.809433111,development,4,DBAASP
DBAASPS_21311,KIILRIRWRGGGVRKPPYLPRPRPRPL,ecoli,ATCC 25922,3.250079999,0.511894051,development,5,DBAASP
DBAASPS_21312,VRKPPYLPRPRPRPLGGGKIILRIRWR,ecoli,ATCC 25922,3.250079999,0.511894051,development,3,DBAASP
DBAASPS_21313,VRKPPYLPRPRPRPLGGGKRRVRWIIW,ecoli,ATCC 25922,3.30911,0.519711204,development,2,DBAASP
DBAASPS_21314,KRRVRWIIWGGGVRKPPYLPRPRPRPL,ecoli,ATCC 25922,8.272775006,0.917651213,development,3,DBAASP
DBAASPS_21315,RWRRPIRRRPIRPPFWR,ecoli,ATCC 25922,2.641067001,0.421779419,development,1,DBAASP
DBAASPS_21316,RWRRPIRRRPIRPPFWRGGGKRRVRWIIW,ecoli,ATCC 25922,7.735519994,0.888489513,development,3,DBAASP
DBAASPS_21317,RWRRPIRRRPIRPPFWRKKKKRRVRWIIW,ecoli,ATCC 25922,8.168300003,0.91213168,development,1,DBAASP
DBAASPS_21318,RWRRPIRRRPIRPPFWRKGKGKGKRRVRWIIW,ecoli,ATCC 25922,4.255299996,0.628930183,development,5,DBAASP
DBAASPS_21319,RWRRPIRRRPIRPPFWRKGKCCKGKRRVRWIIW,ecoli,ATCC 25922,2.642730202,0.422052828,development,2,DBAASP
DBAASPS_21320,GMPVL,ecoli,ATCC 25922,290.8845622,2.463720673,development,2,DBAASP
DBAASPS_21321,SKPVL,ecoli,ATCC 25922,221.126304,2.344640407,development,2,DBAASP
DBAASPS_21322,HCPVL,ecoli,ATCC 25922,176.1481709,2.245878138,development,5,DBAASP
DBAASPS_21323,TRPVL,ecoli,ATCC 25922,68.40921124,1.835114583,development,5,DBAASP
DBAASPS_21470,RWKIFKRIEKVGRNVRDGVIKAGPAVAVLGQAKALGK,ecoli,ATCC 25922,1.984683956,0.297691359,development,3,DBAASP
DBAASPS_21471,KWKFGKKLERIGQNVFRAAEKVLPVATGYAQLPATLAGAKQG,ecoli,ATCC 25922,1.761201473,0.24580904,development,1,DBAASP
DBAASPS_21472,RWKFGKKLERMGKRIFKATEKGLPVATGVAALARG,ecoli,ATCC 25922,2.065751273,0.315078029,development,4,DBAASP
DBAASPR_21500,GLFGRLRDSLRRGGQKILEKVERIGDRIKDIFRG,ecoli,ATCC 25922,9.480163031,0.976815806,development,3,DBAASP
DBAASPR_21501,RITKQPWAPPQAARICQFVLIRVCR,ecoli,ATCC 25922,33.88000666,1.529943487,development,5,DBAASP
DBAASPR_21502,RFRLPFRRPPIRIHPPPFYPPFRRFLGRR,ecoli,ATCC 25922,10.00927264,1.000402519,development,2,DBAASP
DBAASPS_21504,NFFKRIRRAGKRIRKAIISA,ecoli,ATCC 25922,6.012475006,0.779053284,development,3,DBAASP
DBAASPS_21509,KRLKKIGKVLKWIPPIVGSI,ecoli,ATCC 25922,4.640020005,0.666519853,development,4,DBAASP
DBAASPS_21510,KRLKKIGKVLKWIAKIVGSI,ecoli,ATCC 25922,9.304119998,0.968675303,development,1,DBAASP
DBAASPS_21515,KRLKKIGKVLKWI,ecoli,ATCC 25922,6.624759994,0.821170149,development,4,DBAASP
DBAASPR_21523,ASKKGKCNFMCKVKQKLRAIGSKTVIGTVVHKI,ecoli,ATCC 25922,10.40953649,1.017431392,development,4,DBAASP
DBAASPS_21615,GIFKKITGKLFKWIK,ecoli,ATCC 25922,6.91639968,0.839880082,development,5,DBAASP
DBAASPS_21616,KRIVHRLLKKLHSLF,ecoli,ATCC 25922,13.23886657,1.121850805,development,1,DBAASP
DBAASPS_21617,KKWRKVLKLIKRLVG,ecoli,ATCC 25922,4.288558484,0.632311337,development,1,DBAASP
DBAASPS_21618,AKRIVKLIKNFFRKL,ecoli,ATCC 25922,26.67530692,1.426109425,development,5,DBAASP
DBAASPS_21619,GWAKRLATRLAKAIL,ecoli,ATCC 25922,59.94982877,1.777787947,development,4,DBAASP
DBAASPS_21620,KKIFKRIVKIIKRLL,ecoli,ATCC 25922,4.218238187,0.625131099,development,1,DBAASP
DBAASPS_21621,KILGKLLKWASKIW,ecoli,ATCC 25922,4.750187692,0.67671077,development,3,DBAASP
DBAASPS_21622,LSKWLKKLGKLLAG,ecoli,ATCC 25922,16.07734951,1.206214453,development,4,DBAASP
DBAASPS_21623,HFLGVVAKLVSKLF,ecoli,ATCC 25922,5.13497711,0.710538512,development,4,DBAASP
DBAASPS_21640,FFLSRIF,ecoli,ATCC 25922,92.81599997,1.967622848,development,2,DBAASP
DBAASPS_21641,FLSRIF,ecoli,ATCC 25922,78.09799996,1.892639912,development,4,DBAASP
DBAASPS_21643,YFFLSRIF,ecoli,ATCC 25922,109.1339949,2.037960053,development,5,DBAASP
DBAASPS_21644,FYFLSRIF,ecoli,ATCC 25922,109.1339949,2.037960053,development,5,DBAASP
DBAASPS_21645,YFFFLSRIF,ecoli,ATCC 25922,123.852,2.092903024,development,5,DBAASP
DBAASPS_21646,YYFFLSRIF,ecoli,ATCC 25922,125.4519961,2.098477576,development,3,DBAASP
DBAASPS_21647,YFYFLSRIF,ecoli,ATCC 25922,125.4519961,2.098477576,development,4,DBAASP
DBAASPS_21660,YYFFFLSRIF,ecoli,ATCC 25922,140.1699999,2.146655073,development,5,DBAASP
DBAASPS_21661,FFFFFLSRIF,ecoli,ATCC 25922,136.9700001,2.136625456,development,2,DBAASP
DBAASPS_21662,FFFLERIF,ecoli,ATCC 25922,111.7380001,2.048200894,development,2,DBAASP
DBAASPS_21663,YFFFLRRIF,ecoli,ATCC 25922,65.38149999,1.81545488,development,4,DBAASP
DBAASPS_21671,FFFFLRRIF,ecoli,ATCC 25922,16.14537401,1.20804811,development,1,DBAASP
DBAASPS_21672,FFFFFLRRIF,ecoli,ATCC 25922,143.8810001,2.158003448,development,1,DBAASP
DBAASPS_21673,FFFFLRRIFR,ecoli,ATCC 25922,9.048875001,0.956594589,development,2,DBAASP
DBAASPS_21674,FFFFLRRIFRR,ecoli,ATCC 25922,20.05012502,1.302117085,development,2,DBAASP
DBAASPS_21697,FLRRIFFFF,ecoli,ATCC 25922,32.29074998,1.509078132,development,4,DBAASP
DBAASPS_21698,RFLRRIFFFF,ecoli,ATCC 25922,4.531677005,0.656258948,development,2,DBAASP
DBAASPS_21699,RRFLRRIFFFF,ecoli,ATCC 25922,10.02506301,1.001087111,development,1,DBAASP
DBAASPS_21700,RFLRRIFRFFF,ecoli,ATCC 25922,10.02506301,1.001087111,development,1,DBAASP
DBAASPS_21701,RFLRRIFKFFF,ecoli,ATCC 25922,9.856250007,0.993711711,development,5,DBAASP
DBAASPS_21703,FFFFIRRLFR,ecoli,ATCC 25922,4.531677005,0.656258948,development,3,DBAASP
DBAASPS_21704,KVLGRLV,ecoli,ATCC 25922,78.40300004,1.894332681,development,4,DBAASP
DBAASPS_21706,KVLGRLVKVLGRLV,ecoli,ATCC 25922,0.775514999,-0.110409798,development,1,DBAASP
DBAASPR_21721,GWWKRVFKPVEKLGQRVRDAGIQGLEIAQQGANVLATVRGGPPQQG,ecoli,ATCC 25922,0.800361158,-0.096713996,development,3,DBAASP
DBAASPR_21722,SLWKKIFKPVEKLGQRVRDAGIQGIAIAQQGANVLATVRGGPPQQG,ecoli,ATCC 25922,0.819220052,-0.086599426,development,1,DBAASP
DBAASPR_21723,SLWKKLFKPVERAGQRIRDATIKGIAIAQQGANVLATLRGGPAIAPGQG,ecoli,ATCC 25922,0.780485645,-0.10763508,development,1,DBAASP
DBAASPR_21724,GWWKRVFKPVERLGQRVRDAGIQGLQIAQQGANVLATVRGGPPQQG,ecoli,ATCC 25922,1.59211192,0.201973594,development,3,DBAASP
DBAASPR_21725,GWWKRVFKPVEKLGQRVRDAGIQGLEIAQQGANVLATARGGPPQQG,ecoli,ATCC 25922,3.219516721,0.507790685,development,4,DBAASP
DBAASPR_21726,GWWKRVFKPVERLGQRVRDAGIQGLEIAQQGANVLATVRGGPPQQG,ecoli,ATCC 25922,0.795899973,-0.09914151,development,2,DBAASP
DBAASPR_21728,GWWKRVFKPVEKLGQRVRDAGIQGLQIAQQGANVLATVRGGPPQQG,ecoli,ATCC 25922,127.9951401,2.10719348,development,3,DBAASP
DBAASPR_21729,RSLWKKIFKPVEKLGQRVRDAGIQGIAIAQQGANVLATIRGGPPQ,ecoli,ATCC 25922,1.643478326,0.215763981,development,1,DBAASP
DBAASPR_21742,SWWKKVFKPVEKLGQRVRDATIQGLGIAQQGANVLATVRGGPPQ,ecoli,ATCC 25922,1.671345152,0.223066146,development,4,DBAASP
DBAASPR_21743,SLWKKLFKPVERAGQRIRDATIKGIVIAQQGANVLATIRGGPAIPPGQG,ecoli,ATCC 25922,1.544668169,0.188835197,development,4,DBAASP
DBAASPR_21744,SWFKKVFKPVEKVGQRVRDAGIQGLTIAQQGANVLATARGGPPH,ecoli,ATCC 25922,1.696908085,0.229658319,development,3,DBAASP
DBAASPR_21745,GWWKRVFKPVEKFGQRVRDAGVQGIAIAQQGANVLATARGGPPQQG,ecoli,ATCC 25922,3.244354425,0.511128292,development,5,DBAASP
DBAASPS_21747,CWTKSIPPKPCRLLRKFFRKLKKSV,ecoli,ATCC 25922,10.45461849,1.019308189,development,4,DBAASP
DBAASPS_21924,GWKTNKYGTLYGGGGGLKKLLLLLKKLG,ecoli,ATCC 25922,21.49360771,1.332309318,development,5,DBAASP
DBAASPS_21925,FTPNTDIITRTTGGGGGLKKLLLLLKKLG,ecoli,ATCC 25922,84.58178535,1.927276848,development,2,DBAASP
DBAASPS_21926,GWKTNKYGTLYGGGLKKLLLLLKKLG,ecoli,ATCC 25922,89.40028082,1.951338883,development,4,DBAASP
DBAASPS_21928,LKKLLLLLKKLGGGWKTNKYGTLY,ecoli,ATCC 25922,5.819405203,0.764878598,development,3,DBAASP
DBAASPS_21929,LKKLLLLLKKLGGGFTPNTDIITRTT,ecoli,ATCC 25922,89.65152821,1.952557697,development,5,DBAASP
DBAASPS_21932,KKYRYHLKPF,ecoli,ATCC 25922,185.5514989,2.268464467,development,4,DBAASP
DBAASPS_21942,LARVARRVIRFIRRAW,ecoli,ATCC 25922,97.85039992,1.990562605,development,5,DBAASP
DBAASPR_21943,RRRLARRLIFFIRRAW,ecoli,ATCC 25922,104.9155199,2.020839737,development,5,DBAASP
DBAASPS_21944,LKLLKGLGKLLKL,ecoli,ATCC 25922,22.26968012,1.347713979,development,4,DBAASP
DBAASPS_21945,LKLLGKLKGLLKL,ecoli,ATCC 25922,89.07872064,1.949773971,development,4,DBAASP
DBAASPS_21946,KLLLKGLGKLLLK,ecoli,ATCC 25922,178.157441,2.250803966,development,4,DBAASP
DBAASPS_21947,KLLGKLLLKGLLK,ecoli,ATCC 25922,89.07872064,1.949773971,development,5,DBAASP
DBAASPS_21948,KKLLLGLGLLLKK,ecoli,ATCC 25922,89.07872064,1.949773971,development,3,DBAASP
DBAASPS_21949,GLKKLLLLLKKLG,ecoli,ATCC 25922,11.13484008,1.046683984,development,4,DBAASP
DBAASPS_21969,FSLAPYAPAPVNGGGLKKLLLLLKKLG,ecoli,ATCC 25922,92.1046134,1.964281384,development,1,DBAASP
DBAASPS_21970,GLKKLLLLLKKLGGGFSLAPYAPAPVN,ecoli,ATCC 25922,5.756538333,0.760161401,development,1,DBAASP
DBAASPS_21971,YTLSDRSHNPFNGGGLKKLLLLLKKLG,ecoli,ATCC 25922,21.4509555,1.331446642,development,2,DBAASP
DBAASPS_21972,GLKKLLLLLKKLGGGYTLSDRSHNPFN,ecoli,ATCC 25922,85.80382195,1.933506633,development,1,DBAASP
DBAASPS_21980,WRLWWWRRW,ecoli,ATCC 25922,10.4520295,1.019200627,development,4,DBAASP
DBAASPS_21981,WRRLWWWRW,ecoli,ATCC 25922,20.90405902,1.320230623,development,3,DBAASP
DBAASPS_21982,LWWRWWRWR,ecoli,ATCC 25922,20.90405902,1.320230623,development,5,DBAASP
DBAASPS_21983,LWRRWRWWW,ecoli,ATCC 25922,20.90405902,1.320230623,development,4,DBAASP
DBAASPS_21984,SLRLLWSLLLRWW,ecoli,ATCC 25922,146.9454845,2.167156245,development,1,DBAASP
DBAASPS_21985,SLRLLWSLLLRWWGGGYTLSDRSHNPFN,ecoli,ATCC 25922,76.51353231,1.883738252,development,5,DBAASP
DBAASPS_21986,YTLSDRSHNPFNGGGSLRLLWSLLLRWW,ecoli,ATCC 25922,76.51353231,1.883738252,development,4,DBAASP
DBAASPS_21991,RLRLRRLLL,ecoli,ATCC 25922,19.32144002,1.286039491,development,4,DBAASP
DBAASPS_22018,RFLRKIRRFR,ecoli,ATCC 25922,172.6759174,2.237231772,development,1,DBAASP
DBAASPS_22019,GWGAKRWGKRGWKWKRHW,ecoli,ATCC 25922,12.512755,1.097352941,development,5,DBAASP
DBAASPS_22020,RLLLLRRLR,ecoli,ATCC 25922,38.64287997,1.587069486,development,1,DBAASP
DBAASPS_22021,LRRRRLLLL,ecoli,ATCC 25922,77.28576,1.888099482,development,2,DBAASP
DBAASPS_22022,LRRLRLLRL,ecoli,ATCC 25922,38.64287997,1.587069486,development,3,DBAASP
DBAASPS_22023,KLLKHKLLVTLR,ecoli,ATCC 25922,34.20204523,1.534052077,development,1,DBAASP
DBAASPS_22024,KLLKRKLLVTLR,ecoli,ATCC 25922,16.88108707,1.22740041,development,4,DBAASP
DBAASPS_22025,KLLKRKLLVLLR,ecoli,ATCC 25922,8.3723957,0.922849746,development,3,DBAASP
DBAASPS_22026,KKLLRLLKVLLR,ecoli,ATCC 25922,1.004687484,0.002030992,development,4,DBAASP
DBAASPS_22027,KKLLKKLLRLLKVLLR,ecoli,ATCC 25922,12.65394423,1.102225916,development,1,DBAASP
DBAASPS_22060,KWKKNWTKIIQGFLKGGIGTILNLKKK,ecoli,ATCC 25922,2.519976002,0.401396405,development,3,DBAASP
DBAASPS_22061,GWKDFKKTIKKLLRGASRLLKF,ecoli,ATCC 25922,5.016607799,0.700410149,development,5,DBAASP
DBAASPS_22062,LKKLKWLAHRLKGMLKKYLKPTAASS,ecoli,ATCC 25922,2.504815298,0.398775707,development,5,DBAASP
DBAASPS_22082,PRPRPPR,ecoli,ATCC 25922,3.762284003,0.575451576,development,2,DBAASP
DBAASPR_22201,FLPLLAGLAASFLPTIFCKISRKC,ecoli,ATCC 25922,38.31039837,1.583316668,development,5,DBAASP
DBAASPS_22213,GLFKKLRRKIKKGFKKIF,ecoli,ATCC 25922,14.31203706,1.155701452,development,4,DBAASP
DBAASPS_22214,GLFKKLWRKIKKGFKKIF,ecoli,ATCC 25922,7.061193553,0.848878116,development,1,DBAASP
DBAASPS_22215,GLFKKLRRKIKKGF,ecoli,ATCC 25922,9.306676026,0.968794596,development,5,DBAASP
DBAASPS_22216,GLFKKLWRKIKKWF,ecoli,ATCC 25922,8.51796474,0.930335838,development,4,DBAASP
DBAASPS_22217,LRRKIKKGFKKIFKRL,ecoli,ATCC 25922,7.768253278,0.890323377,development,2,DBAASP
DBAASPS_22218,LWRKIKKWFKKIFKRL,ecoli,ATCC 25922,14.42187168,1.159021627,development,4,DBAASP
DBAASPS_22219,IKKGFKKIFKRL,ecoli,ATCC 25922,84.99581039,1.929397519,development,2,DBAASP
DBAASPS_22220,IKKWFKKIFKRL,ecoli,ATCC 25922,4.892613609,0.689540919,development,5,DBAASP
DBAASPS_22223,PAWRKAFRWAKRMLKKAA,ecoli,ATCC 25922,5.1055627,0.708043614,development,5,DBAASP
DBAASPS_22224,AWRKAFRWAKRMLKKAA,ecoli,ATCC 25922,9.976643003,0.998984432,development,1,DBAASP
DBAASPS_22225,WRKAFRWAKRMLKKAA,ecoli,ATCC 25922,9.847729006,0.993336089,development,5,DBAASP
DBAASPS_22226,RKAFRWAKRMLKKAA,ecoli,ATCC 25922,9.513488992,0.97833982,development,5,DBAASP
DBAASPS_22227,KAFRWAKRMLKKAA,ecoli,ATCC 25922,9.40059951,0.973155551,development,1,DBAASP
DBAASPS_22228,WRKAFRWAKRMLKKA,ecoli,ATCC 25922,7.526014002,0.876565022,development,2,DBAASP
DBAASPS_22229,WRKAFRWAKRMLKK,ecoli,ATCC 25922,7.446855006,0.871972898,development,2,DBAASP
DBAASPS_22230,WRKAFRWAKRMLK,ecoli,ATCC 25922,35.60539999,1.551515869,development,2,DBAASP
DBAASPS_22231,WRKAFRWAKRML,ecoli,ATCC 25922,79.25231992,1.899011984,development,4,DBAASP
DBAASPS_22232,WRKAFRWAKRM,ecoli,ATCC 25922,79.97235994,1.902939912,development,5,DBAASP
DBAASPS_22233,WRKAFRWAKR,ecoli,ATCC 25922,154.7403002,2.189603435,development,1,DBAASP
DBAASPS_22234,WRKFRWKRMLKK,ecoli,ATCC 25922,49.48411995,1.694465851,development,2,DBAASP
DBAASPS_22235,WRFRWKRMLK,ecoli,ATCC 25922,9.952403997,0.997927997,development,5,DBAASP
DBAASPS_22236,WRFRWRMLK,ecoli,ATCC 25922,9.927072005,0.996821172,development,4,DBAASP
DBAASPS_22237,WRFRWRMK,ecoli,ATCC 25922,9.99823999,0.999923557,development,2,DBAASP
DBAASPS_22238,WRFRWRK,ecoli,ATCC 25922,9.98272,0.99924889,development,2,DBAASP
DBAASPS_22239,WRFRWRW,ecoli,ATCC 25922,5.004048001,0.699321467,development,2,DBAASP
DBAASPS_22240,WFKRRWKRMLKK,ecoli,ATCC 25922,49.48411995,1.694465851,development,2,DBAASP
DBAASPS_22241,RFKRWWKRMLKK,ecoli,ATCC 25922,19.44018999,1.288700505,development,1,DBAASP
DBAASPS_22280,WWKKWWKKWWK,ecoli,ATCC 25922,11.13275001,1.046602457,development,2,DBAASP
DBAASPS_22283,KVLGRLVKVLGRLA,ecoli,ATCC 25922,10.51278419,1.021717749,development,4,DBAASP
DBAASPS_22284,KVLGRLVKVLGRAV,ecoli,ATCC 25922,42.44229748,1.627798885,development,3,DBAASP
DBAASPS_22285,KVLGRLVKVLGALV,ecoli,ATCC 25922,43.68894193,1.640371527,development,3,DBAASP
DBAASPS_22286,KVLGRLVKVLARLV,ecoli,ATCC 25922,10.22993584,1.00987291,development,3,DBAASP
DBAASPS_22287,KVLGRLVKVAGRLV,ecoli,ATCC 25922,42.44229748,1.627798885,development,4,DBAASP
DBAASPS_22288,KVLGRLVKALGRLV,ecoli,ATCC 25922,42.05113671,1.62377774,development,4,DBAASP
DBAASPS_22289,KVLGRLVAVLGRLV,ecoli,ATCC 25922,42.86915252,1.632144898,development,1,DBAASP
DBAASPS_22290,KVLGRLAKVLGRLV,ecoli,ATCC 25922,5.256392089,0.720687753,development,5,DBAASP
DBAASPS_22291,KVLGRAVKVLGRLV,ecoli,ATCC 25922,42.44229748,1.627798885,development,5,DBAASP
DBAASPS_22292,KVLGALVKVLGRLV,ecoli,ATCC 25922,21.84447095,1.339341531,development,2,DBAASP
DBAASPS_22293,KVLARLVKVLGRLV,ecoli,ATCC 25922,20.4598717,1.310902906,development,3,DBAASP
DBAASPS_22294,KVAGRLVKVLGRLV,ecoli,ATCC 25922,42.44229748,1.627798885,development,3,DBAASP
DBAASPS_22295,KALGRLVKVLGRLV,ecoli,ATCC 25922,5.256392089,0.720687753,development,1,DBAASP
DBAASPS_22296,AVLGRLVKVLGRLV,ecoli,ATCC 25922,42.86915252,1.632144898,development,5,DBAASP
DBAASPS_22311,FLWKLIPGAISAVTSLIKK,ecoli,ATCC 25922,3.835819115,0.583858119,development,3,DBAASP
DBAASPS_22312,FLWKLIPKAISAVTSLIKK,ecoli,ATCC 25922,1.854662799,0.268264961,development,3,DBAASP
DBAASPS_22313,FLWKLIPKAIKAVTSLIKK,ecoli,ATCC 25922,1.819983451,0.260067439,development,3,DBAASP
DBAASPS_22314,FLWKLIPKAIKKVTSLIKK,ecoli,ATCC 25922,3.547801672,0.549959334,development,3,DBAASP
DBAASPS_22315,FLWKLIPKAIKKVKSLIKK,ecoli,ATCC 25922,3.505717528,0.54477692,development,3,DBAASP
DBAASPS_22316,FLWKLIPKAIKKVKKLIKK,ecoli,ATCC 25922,3.443700519,0.537025376,development,3,DBAASP
DBAASPS_22317,FLWKLIKKAIKKVKKLIKK,ecoli,ATCC 25922,13.59307559,1.133317732,development,1,DBAASP
DBAASPR_22342,APRWKFGKRLEKLGRNVFRAAKKALPVIAGYKAL,ecoli,ATCC 25922,14.47421299,1.160594959,development,1,DBAASP
DBAASPS_22343,APRWKFGKRLEKLGRNVF,ecoli,ATCC 25922,55.11750003,1.741289511,development,3,DBAASP
DBAASPR_22344,GRFRRLRNRIRNIWRKIGPIAGPLISRFG,ecoli,ATCC 25922,4.601433627,0.662893162,development,1,DBAASP
DBAASPR_22345,GRFSRLRKRIRKVWRKIGPIAGPIIGHFG,ecoli,ATCC 25922,4.743398479,0.67608961,development,4,DBAASP
DBAASPR_22346,KRFKKFFKKIKKSVKKRVKKLFKKPRVIPISIPF,ecoli,ATCC 25922,0.948445945,-0.022987416,development,3,DBAASP
DBAASPR_22385,ATCPAGDVLVRYNTCYWFCCDFCVRYSNGYTTCYRCSYLGRSCK,ecoli,ATCC 25922,163.68127,2.213998986,development,3,DBAASP
DBAASPS_22394,GIFSKLAPKKIKNLLISGLKG,ecoli,ATCC 25922,6.957131993,0.842430243,development,4,DBAASP
DBAASPS_22432,SYWVRASGGGFFFLSRIF,ecoli,ATCC 25922,134.1728,2.127664483,development,5,DBAASP
DBAASPS_22433,SYWVRASGGGFFFLSRIFR,ecoli,ATCC 25922,144.1689601,2.158871766,development,1,DBAASP
DBAASPS_22434,SYWVRASGGGFFFLSRIFK,ecoli,ATCC 25922,142.4403201,2.153632941,development,4,DBAASP
DBAASPS_22435,SYWVRASGGGFFFLSRIFRR,ecoli,ATCC 25922,154.1651199,2.187986125,development,5,DBAASP
DBAASPS_22436,SYWVRASGGGFFFLSRIFKK,ecoli,ATCC 25922,150.7078399,2.178135845,development,4,DBAASP
DBAASPR_22437,SYWVRASGGGFFFLSRIFRRR,ecoli,ATCC 25922,164.1612899,2.215270756,development,2,DBAASP
DBAASPS_22438,SYWVRASGGGFFFLSRIFKKK,ecoli,ATCC 25922,158.97536,2.201329817,development,1,DBAASP
DBAASPS_22439,PIIYCNRRTGKCQRM,ecoli,ATCC 25922,7.361160008,0.866946258,development,5,DBAASP
DBAASPS_22440,YIIYCNRRTGKCQRM,ecoli,ATCC 25922,15.25080001,1.183292626,development,3,DBAASP
DBAASPS_22441,AIIYCNRRTGKCQRM,ecoli,ATCC 25922,7.256999999,0.860757123,development,4,DBAASP
DBAASPS_22482,RRKWWW,ecoli,ATCC 25922,65.10400397,1.813607699,development,3,DBAASP
DBAASPS_22495,RRRRKWWWW,ecoli,ATCC 25922,12.126801,1.083746251,development,3,DBAASP
DBAASPS_22497,RRKWW,ecoli,ATCC 25922,106.3718401,2.026826672,development,2,DBAASP
DBAASPS_22498,RRRRKWWW,ecoli,ATCC 25922,85.09631993,1.929910779,development,3,DBAASP
DBAASPS_22499,RRRRKWWWWW,ecoli,ATCC 25922,13.61656,1.134067404,development,5,DBAASP
DBAASPS_22500,RRRRRRKWWWWW,ecoli,ATCC 25922,32.2312,1.508276475,development,5,DBAASP
DBAASPS_22501,RRRRRRKWWWWWW,ecoli,ATCC 25922,35.21072002,1.546674906,development,3,DBAASP
DBAASPS_22502,RRRRRRKWWWWWWW,ecoli,ATCC 25922,38.19024003,1.581952388,development,2,DBAASP
DBAASPS_22504,WWKRR,ecoli,ATCC 25922,106.3718401,2.026826672,development,3,DBAASP
DBAASPS_22505,WWKRRR,ecoli,ATCC 25922,126.3641601,2.101623915,development,4,DBAASP
DBAASPS_22506,WWWWKRRR,ecoli,ATCC 25922,43.50911995,1.638580299,development,5,DBAASP
DBAASPS_22507,WWWWKRRRR,ecoli,ATCC 25922,12.126801,1.083746251,development,2,DBAASP
DBAASPS_22508,WWWWKRRRRR,ecoli,ATCC 25922,26.75263997,1.427366645,development,5,DBAASP
DBAASPS_22509,WWWWWWKRRRRR,ecoli,ATCC 25922,32.71167999,1.514702849,development,4,DBAASP
DBAASPS_22510,WWWWWWKRRRRRR,ecoli,ATCC 25922,35.21072002,1.546674906,development,1,DBAASP
DBAASPS_22511,WWWWWWKRRRRRRR,ecoli,ATCC 25922,75.41951999,1.877483764,development,4,DBAASP
DBAASPS_22544,WLLVLQRGHRLASIKHVCQLSERKR,ecoli,ATCC 25922,21.13862352,1.325076704,development,3,DBAASP
DBAASPS_22545,GLQKLINKIKSQMSRFSTKTNKICGP,ecoli,ATCC 25922,5.476615131,0.738512222,development,3,DBAASP
DBAASPS_22546,FWNLNKKKKFFYKTVKNSIGQVILRDMSNN,ecoli,ATCC 25922,4.368823172,0.640364467,development,2,DBAASP
DBAASPS_22547,FWIIQCWWRQVLEKLLAKRRR,ecoli,ATCC 25922,11.30960336,1.053447374,development,3,DBAASP
DBAASPS_22548,VGEDSIDRAMMNGLTPFYL,ecoli,ATCC 25922,3.75687306,0.574826521,development,4,DBAASP
DBAASPS_22549,LYVNGWNSYWFMDHAVNMEGFNDDFGIVPWE,ecoli,ATCC 25922,34.09586446,1.532701706,development,2,DBAASP
DBAASPS_22550,GVFYPWRFRLLCLLRRWLPRPRAWFIR,ecoli,ATCC 25922,35.75460002,1.553331924,development,2,DBAASP
DBAASPS_22552,TKPKGTKPKGTKPKG,ecoli,ATCC 25922,82.42743755,1.916071799,development,3,DBAASP
DBAASPS_22553,VLKKSEIRIDFISRTILHI,ecoli,ATCC 25922,56.09679768,1.74893807,development,4,DBAASP
DBAASPS_22554,LYVFCCRTRAKTPSVIYTINLVVTDLLVGLSLPTR,ecoli,ATCC 25922,32.59705851,1.513178412,development,3,DBAASP
DBAASPS_22555,GRGRPKGRGRGRPRGRPRGSKR,ecoli,ATCC 25922,26.03909644,1.41562591,development,3,DBAASP
DBAASPS_22556,KLPVGSLCSVD,ecoli,ATCC 25922,114.5592469,2.05903015,development,4,DBAASP
DBAASPS_22557,RSIIRNGIRTLTWRKETKRKKK,ecoli,ATCC 25922,46.22041941,1.664833882,development,3,DBAASP
DBAASPS_22558,VRCRFACC,ecoli,ATCC 25922,133.7241029,2.126209693,development,5,DBAASP
DBAASPS_22560,LLKLLKKLL,ecoli,ATCC 25922,14.79434956,1.170095876,development,1,DBAASP
DBAASPS_22561,PLKLLKKLL,ecoli,ATCC 25922,60.06844355,1.778646379,development,4,DBAASP
DBAASPS_22562,ILKLLKKLL,ecoli,ATCC 25922,14.79434956,1.170095876,development,3,DBAASP
DBAASPS_22563,VLKLLKKLL,ecoli,ATCC 25922,59.95500493,1.777825443,development,2,DBAASP
DBAASPS_22564,WLKLLKKLL,ecoli,ATCC 25922,13.8582398,1.141708072,development,4,DBAASP
DBAASPS_22565,YLKLLKKLL,ecoli,ATCC 25922,14.14038923,1.150461364,development,3,DBAASP
DBAASPS_22566,FLKLLKKLLFLKLLKKLL,ecoli,ATCC 25922,14.45996278,1.160167175,development,5,DBAASP
DBAASPR_22571,GFLDVIKHVGKAALSVVSHLINE,ecoli,ATCC 25922,32.04313998,1.505735067,development,4,DBAASP
DBAASPS_22577,SPRVAIRVARNGVAYRRAWG,ecoli,ATCC 25922,144.3616001,2.159451687,development,5,DBAASP
DBAASPS_22578,SPRVCIRVARNGVAYRRCWG,ecoli,ATCC 25922,2.319790102,0.365448691,development,5,DBAASP
DBAASPS_22579,SPRVAIRVCRNGVCYRRAWG,ecoli,ATCC 25922,9.279160506,0.967508687,development,5,DBAASP
DBAASPS_22585,WKKWSKRWRHWIPQCKKFGRR,ecoli,ATCC 25922,2.070049097,0.315980646,development,3,DBAASP
DBAASPS_22586,YSTCDFIMWKKWSKRWRHWIPQCKKFGRR,ecoli,ATCC 25922,1.036377558,0.015518,development,5,DBAASP
DBAASPS_22587,ASSLLLVGWKKWSKRWRHWIPQCKKFGRR,ecoli,ATCC 25922,0.549544171,-0.259997394,development,2,DBAASP
DBAASPS_22588,KKHRKHRKHRKHWKKWSKRWRHWIPQCKKFGRR,ecoli,ATCC 25922,0.438935378,-0.357599414,development,4,DBAASP
DBAASPS_22631,GLLKKLLKKI,ecoli,ATCC 25922,37.01119998,1.568333166,development,5,DBAASP
DBAASPS_22632,GLLKKLLKKLLKKI,ecoli,ATCC 25922,6.565119702,0.817242649,development,3,DBAASP
DBAASPS_22633,GLLKKLLKKLLKKLLKKI,ecoli,ATCC 25922,4.2519197,0.628585054,development,2,DBAASP
DBAASPS_22634,GFFKKFFKKI,ecoli,ATCC 25922,41.36575696,1.616640976,development,5,DBAASP
DBAASPS_22635,GFFKKFFKKFFKKI,ecoli,ATCC 25922,14.76319901,1.169180474,development,2,DBAASP
DBAASPS_22636,GFFKKFFKKFFKKFFKKI,ecoli,ATCC 25922,19.18496,1.282960898,development,2,DBAASP
DBAASPS_22637,GWWKKWWKKWWKKI,ecoli,ATCC 25922,16.63712,1.221078149,development,3,DBAASP
DBAASPS_22638,GWWKKWWKKWWKKWWKKI,ecoli,ATCC 25922,10.84175999,1.035099789,development,5,DBAASP
DBAASPS_22639,GWWKKWWKKI,ecoli,ATCC 25922,11.59072001,1.064110415,development,2,DBAASP
DBAASPS_22667,DLLSGLGKAAKKVAKTVLKNLLKC,ecoli,ATCC 25922,1.592270368,0.202016813,development,2,DBAASP
DBAASPS_22668,NLLDTLKNLAKKLAKKLLKKLLKKL,ecoli,ATCC 25922,1.384209932,0.141201961,development,5,DBAASP
DBAASPS_22669,NLLSTLLDAAKKAAKGAAKSAAKKLAKKLAKKL,ecoli,ATCC 25922,1.189002013,0.07518259,development,4,DBAASP
DBAASPS_22670,HLLSGLLSAAKKAAKKAAKKALKKLLKKLLKKL,ecoli,ATCC 25922,18.00990807,1.255511496,development,3,DBAASP
DBAASPS_22671,GLFSLLKKLLKKLLKKLLKKLLKKLLKKL,ecoli,ATCC 25922,37.29991963,1.571707896,development,2,DBAASP
DBAASPS_22672,NLLDTLKKKAKKVAKKVLKKLLKKLLKKL,ecoli,ATCC 25922,4.742942198,0.676047832,development,4,DBAASP
DBAASPS_22673,FLPSIIKGAAKKLPKIFCKILKKC,ecoli,ATCC 25922,1.487817556,0.172549679,development,5,DBAASP
DBAASPS_22674,GLLSLLKKLLKKLLKKLLKKL,ecoli,ATCC 25922,52.62526951,1.721194333,development,2,DBAASP
DBAASPS_22675,DLLKTLGKAAKKAAKTALKAALKGLLKKLAKKL,ecoli,ATCC 25922,4.642528259,0.666754556,development,5,DBAASP
DBAASPS_22676,VLGGLLKKLLKKLLKKL,ecoli,ATCC 25922,2.099107822,0.322034747,development,1,DBAASP
DBAASPS_22677,HLLSLLKKAAKKLLKKLLKKLAKKL,ecoli,ATCC 25922,11.15446644,1.047448801,development,5,DBAASP
DBAASPS_22678,CLLDTLKCVAKGVAGTLLDTLKCKITGKC,ecoli,ATCC 25922,10.63217279,1.026622026,development,3,DBAASP
DBAASPS_22679,KIFGKILKKLLKKLLKKLLKKL,ecoli,ATCC 25922,6.070772805,0.78324398,development,5,DBAASP
DBAASPS_22680,ALPSLLKKLAKKLAKKLLKKLLKKLLKKLLKKL,ecoli,ATCC 25922,16.86822623,1.227069417,development,2,DBAASP
DBAASPS_22681,NLLDTLKNVAKNVAKNVLDTLKCKITCKC,ecoli,ATCC 25922,39.9388962,1.601396058,development,3,DBAASP
DBAASPS_22682,FLPIIAGLAAKFLPKIFCKITKKC,ecoli,ATCC 25922,1.501255923,0.176454734,development,2,DBAASP
DBAASPS_22683,FLPIIAGLAAKLLPKLFCKITKKC,ecoli,ATCC 25922,1.520670525,0.182035128,development,4,DBAASP
DBAASPS_22684,WLPKIAGKIAGKLLKKLLKKIKKK,ecoli,ATCC 25922,0.728697588,-0.137452668,development,3,DBAASP
DBAASPS_22685,FLPKIAGKAAKKLPKIFCKITKKC,ecoli,ATCC 25922,5.980274032,0.776721085,development,2,DBAASP
DBAASPS_22686,TLPDVAKNVAKNVAKTVLDTLKCKITGKC,ecoli,ATCC 25922,41.65696189,1.619687593,development,3,DBAASP
DBAASPS_22687,KLFGKLLKKLKKILKKIAKKIKKKL,ecoli,ATCC 25922,2.686348215,0.429162307,development,2,DBAASP
DBAASPS_22688,GLLSLLKKIGKKIGKLL,ecoli,ATCC 25922,2.194913982,0.341417505,development,4,DBAASP
DBAASPS_22689,DLLKTLKKIAKKLLKTLLKKLLKKLLKKL,ecoli,ATCC 25922,37.47561581,1.573748778,development,2,DBAASP
DBAASPS_22690,KLFGKILGKIAKKILGKILGALLSKLLSAL,ecoli,ATCC 25922,40.646751,1.609025837,development,4,DBAASP
DBAASPS_22691,DLLSCLKKKGKCVLKNL,ecoli,ATCC 25922,67.24753552,1.827676373,development,1,DBAASP
DBAASPS_22692,RLPSLFKKLFKKIAKVVGKIAKKILKK,ecoli,ATCC 25922,10.24300774,1.010427501,development,4,DBAASP
DBAASPS_22693,RLPSIIPGIAGKLGGLLGGLLKGL,ecoli,ATCC 25922,13.82947329,1.14080564,development,5,DBAASP
DBAASPS_22694,CLPSLLPSLFKKL,ecoli,ATCC 25922,87.73940037,1.943194662,development,5,DBAASP
DBAASPS_22695,SLPSILSGIAGKL,ecoli,ATCC 25922,101.9497671,2.008386238,development,5,DBAASP
DBAASPS_22696,RLPRIFRGIRGKL,ecoli,ATCC 25922,80.91156585,1.908010606,development,3,DBAASP
DBAASPS_22697,PLPPIIPGIAGKLLGGLLGLLKKL,ecoli,ATCC 25922,6.68869454,0.825341363,development,1,DBAASP
DBAASPS_22698,YLPSVLPSVLKPL,ecoli,ATCC 25922,89.77575621,1.953159072,development,4,DBAASP
DBAASPS_22699,PLPPIIPGLASGLLSGLC,ecoli,ATCC 25922,74.49970619,1.87215456,development,4,DBAASP
DBAASPS_22700,KLPSIIKAAAKALPKLF,ecoli,ATCC 25922,17.68627999,1.247636496,development,2,DBAASP
DBAASPS_22701,QLPRIAGKIAKKL,ecoli,ATCC 25922,89.14769078,1.950110098,development,5,DBAASP
DBAASPS_22702,QLPSVLPAIAKAL,ecoli,ATCC 25922,96.92283036,1.986426088,development,2,DBAASP
DBAASPS_22703,CLPSILC,ecoli,ATCC 25922,171.1307781,2.233328125,development,3,DBAASP
DBAASPS_22704,MLPSIAGAAAKGLPKLFCKITKKC,ecoli,ATCC 25922,25.70110524,1.4099518,development,1,DBAASP
DBAASPS_22705,MLPKIFGKIFKKILKKILKKILKKILKKLLKKL,ecoli,ATCC 25922,32.18993124,1.507720049,development,4,DBAASP
DBAASPS_22706,MLPSILGALLKLL,ecoli,ATCC 25922,92.63123046,1.966757433,development,2,DBAASP
DBAASPS_22707,MLPKIAGKIAKKL,ecoli,ATCC 25922,90.72428663,1.957723562,development,5,DBAASP
DBAASPS_22708,MLPKIAGAIAKLL,ecoli,ATCC 25922,95.61100099,1.980507865,development,3,DBAASP
DBAASPS_22709,CLPSILCKITKKC,ecoli,ATCC 25922,88.28246319,1.945874442,development,1,DBAASP
DBAASPR_22710,WLPKIAGKIAGKL,ecoli,ATCC 25922,91.77163476,1.962708468,development,1,DBAASP
DBAASPS_22711,FLPKIFKKIAKKL,ecoli,ATCC 25922,40.65887501,1.609155358,development,3,DBAASP
DBAASPS_22712,VLGSLLKGLLKKL,ecoli,ATCC 25922,46.31611131,1.665732089,development,4,DBAASP
DBAASPS_22713,ALPSIIKGLLKKL,ecoli,ATCC 25922,91.8339805,1.963003409,development,4,DBAASP
DBAASPS_22714,LLPSLLKGLLKKL,ecoli,ATCC 25922,89.14268685,1.95008572,development,5,DBAASP
DBAASPS_22715,ALLSLLKKLLKKL,ecoli,ATCC 25922,5.401812183,0.73253948,development,2,DBAASP
DBAASPS_22716,FLPKIAGKIAGKL,ecoli,ATCC 25922,94.41408791,1.975036802,development,4,DBAASP
DBAASPS_22717,ALPSLLKKLLKKL,ecoli,ATCC 25922,21.8438715,1.339329613,development,3,DBAASP
DBAASPS_22718,YLPSVLKGLLKKL,ecoli,ATCC 25922,86.96302155,1.939334621,development,2,DBAASP
DBAASPS_22719,LLPSLLKGLAKKL,ecoli,ATCC 25922,91.8339805,1.963003409,development,1,DBAASP
DBAASPS_22720,QLPKIAGKIAKKL,ecoli,ATCC 25922,90.92160677,1.958667102,development,1,DBAASP
DBAASPS_22721,FLPKIFKKIAKKI,ecoli,ATCC 25922,81.31775009,1.910185354,development,1,DBAASP
DBAASPS_22722,GLLSLLKKLLKKL,ecoli,ATCC 25922,87.25542014,1.940792414,development,3,DBAASP
DBAASPS_22723,ILGKLLKKLLKKL,ecoli,ATCC 25922,10.6097033,1.025703239,development,4,DBAASP
DBAASPS_22724,FLPKIAGKIAKKL,ecoli,ATCC 25922,89.70796749,1.952831017,development,3,DBAASP
DBAASPS_22748,KKCKFLCKVKKKLKSVGLQISMGI,ecoli,ATCC 25922,2.336267503,0.368522568,development,2,DBAASP
DBAASPS_22749,RRAGRSRGRSRGRPPGRPRLPGLNNPIAGIPGRK,ecoli,ATCC 25922,184.4174999,2.26580213,development,2,DBAASP
DBAASPS_22792,YGRKKRRQRRRKRIVQRIKDFLR,ecoli,ATCC 25922,5.138474693,0.710834222,development,5,DBAASP
DBAASPS_22793,CPGGKRIVKRIKAFLRGPGGKRIVKRIKAFLR,ecoli,ATCC 25922,1.131505499,0.053656669,development,1,DBAASP
DBAASPR_22897,FLPFLGKLFSGIF,ecoli,ATCC 25922,23.77392,1.376100797,development,5,DBAASP
DBAASPS_22912,GFGCPWNRYQCHSHSRSIGRLGGYCAGSLRLTCTSYRS,ecoli,ATCC 25922,15.09873257,1.178940493,development,5,DBAASP
DBAASPS_22913,GFGSPWNRYQCHSHCRSIGRLGGYSAGSLRLTCTCYRS,ecoli,ATCC 25922,15.09873257,1.178940493,development,5,DBAASP
DBAASPS_22914,GFGCPWNRYQSHSHCRSIGRLGGYCAGSLRLTSTCYRS,ecoli,ATCC 25922,15.09873257,1.178940493,development,2,DBAASP
DBAASPS_22998,GGGKRIVQRIKDFLR,ecoli,ATCC 25922,4.589555003,0.661770579,development,2,DBAASP
DBAASPS_22999,KRIVQRIKDFLRGGGK,ecoli,ATCC 25922,8.550377179,0.931985273,development,1,DBAASP
DBAASPS_23077,MRGGRLCYCRRRFCVCVGR,ecoli,ATCC 25922,22.91890002,1.36019377,development,1,DBAASP
DBAASPS_23131,WLKLKLKW,ecoli,ATCC 25922,57.42783356,1.759122433,development,3,DBAASP
DBAASPS_23132,WLKLKLKLKW,ecoli,ATCC 25922,94.41089833,1.97502213,development,1,DBAASP
DBAASPS_23148,KLVFFKGFAWNVCVYRNGVRVCHRRAN,ecoli,ATCC 25922,13.85671999,1.141660441,development,2,DBAASP
DBAASPS_23149,KFFKGFAWNVCVYRNGVRVCHRRAN,ecoli,ATCC 25922,6.503779997,0.813165842,development,2,DBAASP
DBAASPS_23207,SLWGMWR,ecoli,ATCC 25922,186.8300001,2.271446614,development,2,DBAASP
DBAASPS_23212,IIKKIWK,ecoli,ATCC 25922,93.02700005,1.968609016,development,1,DBAASP
DBAASPS_23213,YRARCVIYC,ecoli,ATCC 25922,229.0880001,2.360002341,development,1,DBAASP
DBAASPS_23214,GRIFRLLRK,ecoli,ATCC 25922,115.8489999,2.063892289,development,2,DBAASP
DBAASPS_23216,RSVLKAHCRICRRRG,ecoli,ATCC 25922,362.2520001,2.559010792,development,4,DBAASP
DBAASPS_23217,CRKLCFRNRCLTYCRGR,ecoli,ATCC 25922,107.4354999,2.031147809,development,4,DBAASP
DBAASPS_23218,QCRKLCFRNRCLTYCRGR,ecoli,ATCC 25922,56.92099997,1.755272521,development,5,DBAASP
DBAASPS_23220,QCRKLCFRNRCLTYCRGRG,ecoli,ATCC 25922,58.34725002,1.766020392,development,1,DBAASP
DBAASPS_23221,WKKIKKFF,ecoli,ATCC 25922,56.37449597,1.751082672,development,4,DBAASP
DBAASPS_23237,GFGCNGPWYEDDGRCHNHCKSIKGYKGGYCAKGGFVCKCY,ecoli,ATCC 25922,29.02499743,1.46277219,development,1,DBAASP
DBAASPS_23240,GFGCPWDEMQCHNHCKSIKGYKGGYCAKGGFVCKCY,ecoli,ATCC 25922,31.94684539,1.50442798,development,1,DBAASP
DBAASPS_23243,RGGRRCYCRRRFCVCVGR,ecoli,ATCC 25922,2.203719999,0.343156413,development,4,DBAASP
DBAASPS_23244,RGGRACYCRRRFCVCVGR,ecoli,ATCC 25922,1.059305,0.025021022,development,4,DBAASP
DBAASPS_23245,RGGRLCYCRRRFCVCRGR,ecoli,ATCC 25922,1.108874999,0.044882592,development,3,DBAASP
DBAASPS_23246,RGGRLCYCRRRFCVCAGR,ecoli,ATCC 25922,1.066320101,0.027887596,development,1,DBAASP
DBAASPS_23247,RGGRLCYCRRRFCRCVGR,ecoli,ATCC 25922,8.870999995,0.947972579,development,4,DBAASP
DBAASPS_23248,RGGRLCYCRRRFCACVGR,ecoli,ATCC 25922,1.066320101,0.027887596,development,1,DBAASP
DBAASPS_23249,RGGRLCRCRRRFCVCVGR,ecoli,ATCC 25922,1.076849999,0.032155212,development,2,DBAASP
DBAASPS_23250,RGGRLCTCRRRFCVCVGR,ecoli,ATCC 25922,2.098619998,0.321933807,development,1,DBAASP
DBAASPS_23252,RGGRLCTCRRRFCVCRGR,ecoli,ATCC 25922,17.24543998,1.236674279,development,4,DBAASP
DBAASPS_23253,RGGRLCYCRRRFCACRGR,ecoli,ATCC 25922,4.379400302,0.641414644,development,5,DBAASP
DBAASPS_23254,RGGRACYCRRRFCVCRGR,ecoli,ATCC 25922,4.35134,0.638623019,development,2,DBAASP
DBAASPS_23255,RGGRACYCRRRFCACVGR,ecoli,ATCC 25922,1.04528,0.019232641,development,5,DBAASP
DBAASPS_23256,RGGRACYCRRRFCVCAGR,ecoli,ATCC 25922,1.04528,0.019232641,development,1,DBAASP
DBAASPS_23257,FFKKSKEKIGKEFKKIVQKI,ecoli,ATCC 25922,8.149824807,0.911148273,development,2,DBAASP
DBAASPS_23258,FFRRSRERIGREFRRIVQRI,ecoli,ATCC 25922,13.06873414,1.116233523,development,3,DBAASP
DBAASPS_23259,FFRKSKEKIGKEFKRIVQRI,ecoli,ATCC 25922,0.315198806,-0.501415436,development,1,DBAASP
DBAASPS_23269,RWKYRVPPLRLKKR,ecoli,ATCC 25922,8.437209539,0.926198835,development,3,DBAASP
DBAASPS_23299,GSKKPVPIIYCNRRSGKCQRF,ecoli,ATCC 25922,2.439989998,0.387388046,development,5,DBAASP
DBAASPS_23330,KKKKLKKILKKLFQFINQLDNQLQDIKQNK,ecoli,ATCC 25922,3.721629898,0.570733182,development,2,DBAASP
DBAASPS_23332,KKKKLKKILKKLWQWINQLDNQLQDIKQNK,ecoli,ATCC 25922,60.79535993,1.783870434,development,1,DBAASP
DBAASPS_23333,KKKKLKKILKKLFQFINQLENQLQEIKQNK,ecoli,ATCC 25922,59.99503997,1.778115347,development,2,DBAASP
DBAASPS_23334,KKKKLKKILKKLFQFINQLDNQLQDIKKKK,ecoli,ATCC 25922,3.737749999,0.57261025,development,1,DBAASP
DBAASPS_23339,KKKKKLKKILKKLFQFINQLDNQLQDIKKKKK,ecoli,ATCC 25922,11.99129999,1.078866268,development,4,DBAASP
DBAASPS_23370,KKGGII,ecoli,ATCC 25922,13.21856001,1.121184147,development,1,DBAASP
DBAASPS_23371,KVVPIIYCNRRTRVCRRF,ecoli,ATCC 25922,0.1368516,-0.863750121,development,2,DBAASP
DBAASPS_23372,AVRVTRICNLRTRRCVYIIRRI,ecoli,ATCC 25922,10.92571999,1.038450066,development,3,DBAASP
DBAASPS_23373,AARVTIIRIRNKRTGKVTIIVIRRK,ecoli,ATCC 25922,23.48560001,1.37080166,development,3,DBAASP
DBAASPS_23379,VKKVKKVCWTKSIPPKPC,ecoli,ATCC 25922,132.84608,2.123348744,development,4,DBAASP
DBAASPS_23380,VKKVKKVVKKVKKVCWTKSIPPKPC,ecoli,ATCC 25922,184.9491101,2.267052246,development,5,DBAASP
DBAASPS_23381,VKKVKKVVKKVKKVVKKVKKVCWTKSIPPKPC,ecoli,ATCC 25922,237.0521502,2.374843899,development,5,DBAASP
DBAASPS_23382,VRRVRRVCWTKSIPPKPC,ecoli,ATCC 25922,139.7606401,2.145384881,development,4,DBAASP
DBAASPS_23383,VRRVRRVVRRVRRVCWTKSIPPKPC,ecoli,ATCC 25922,198.77824,2.298368841,development,5,DBAASP
DBAASPS_23384,VRRVRRVVRRVRRVVRRVRRVCWTKSIPPKPC,ecoli,ATCC 25922,32.22448,1.508185918,development,3,DBAASP
DBAASPS_23385,IKKIKKICWTKSIPPKPC,ecoli,ATCC 25922,135.5398401,2.132066969,development,3,DBAASP
DBAASPS_23386,IKKIKKIIKKIKKICWTKSIPPKPC,ecoli,ATCC 25922,23.79207997,1.376432411,development,1,DBAASP
DBAASPS_23387,IKKIKKIIKKIKKIIKKIKKICWTKSIPPKPC,ecoli,ATCC 25922,7.660419992,0.884252581,development,1,DBAASP
DBAASPS_23392,IRRIRRICWTKSIPPKPC,ecoli,ATCC 25922,71.22719997,1.852645872,development,5,DBAASP
DBAASPS_23393,IRRIRRIIRRIRRICWTKSIPPKPC,ecoli,ATCC 25922,25.52072002,1.406892923,development,3,DBAASP
DBAASPS_23394,IRRIRRIIRRIRRIIRRIRRICWTKSIPPKPC,ecoli,ATCC 25922,16.61732099,1.220561009,development,5,DBAASP
DBAASPS_23395,IKKIKKIIKKIKKIIKKIKKIRCKAAFC,ecoli,ATCC 25922,3.367630002,0.52732437,development,5,DBAASP
DBAASPS_23396,IKKIKKIIKKIKKIIKKIKKICTKSIPPIC,ecoli,ATCC 25922,3.53085,0.547879268,development,4,DBAASP
DBAASPS_23397,IKKIKKIIKKIKKIIKKIKKI,ecoli,ATCC 25922,5.173239703,0.713762602,development,5,DBAASP
DBAASPS_23398,CTKSIPPIC,ecoli,ATCC 25922,61.58400004,1.789467894,development,3,DBAASP
DBAASPS_23399,RCKAAFC,ecoli,ATCC 25922,51.13791995,1.708743059,development,3,DBAASP
DBAASPS_23400,VPIIYCNRRTKKCKRF,ecoli,ATCC 25922,8.110360001,0.909040132,development,1,DBAASP
DBAASPS_23401,VPIIYSNRRTKKSKRF,ecoli,ATCC 25922,31.92720002,1.504160833,development,2,DBAASP
DBAASPS_23402,FLKGLMGVIASLF,ecoli,ATCC 25922,69.78999995,1.843793198,development,5,DBAASP
DBAASPS_23403,FLKGLMGVIASLFK,ecoli,ATCC 25922,38.12450003,1.581204157,development,1,DBAASP
DBAASPS_23404,FLKKLMGVIASLF,ecoli,ATCC 25922,73.39650007,1.865675351,development,4,DBAASP
DBAASPS_23428,IRIRPGRIRI,ecoli,ATCC 25922,159.8207999,2.2036333,development,4,DBAASP
DBAASPS_23429,RIRIRPGRIRIR,ecoli,ATCC 25922,24.97568101,1.397517339,development,1,DBAASP
DBAASPS_23430,IRIRIRPGRIRIRI,ecoli,ATCC 25922,28.5968,1.456317438,development,1,DBAASP
DBAASPS_23431,KWKWKPGKWKWK,ecoli,ATCC 25922,27.05856002,1.432304681,development,2,DBAASP
DBAASPS_23432,FRFRPGRFRF,ecoli,ATCC 25922,88.61951992,1.947529393,development,5,DBAASP
DBAASPS_23433,RFRFRPGRFRFR,ecoli,ATCC 25922,13.57647999,1.132787184,development,2,DBAASP
DBAASPS_23434,FRFRFRPGRFRFRF,ecoli,ATCC 25922,7.965680004,0.901222856,development,5,DBAASP
DBAASPS_23476,FLFSLIKKAIGGLISAFK,ecoli,ATCC 25922,65.52537906,1.816409542,development,1,DBAASP
DBAASPS_23477,FLFSLRKAGGLISAFK,ecoli,ATCC 25922,72.92881401,1.862899151,development,5,DBAASP
DBAASPS_23478,FLFSLIRKAIGGLWSAFK,ecoli,ATCC 25922,15.57549928,1.192441977,development,1,DBAASP
DBAASPS_23563,RRWFKIRMAAKLA,ecoli,ATCC 25922,9.714257672,0.987409619,development,4,DBAASP
DBAASPS_23564,AIPKRLRRFYLRALARRL,ecoli,ATCC 25922,3.524513083,0.547099127,development,3,DBAASP
DBAASPS_23565,KWRKVRAKFWRKWLAGLINT,ecoli,ATCC 25922,1.563648559,0.194139149,development,3,DBAASP
DBAASPS_23566,KWKKWVRAIKKLV,ecoli,ATCC 25922,2.376478831,0.37593395,development,1,DBAASP
DBAASPS_23567,VKRFRRWWKPWRKILHLV,ecoli,ATCC 25922,6.386957878,0.805294052,development,4,DBAASP
DBAASPS_23568,SKLWKKIVKALKAALKTL,ecoli,ATCC 25922,3.922294672,0.593540218,development,2,DBAASP
DBAASPS_23569,RVLWIKRWIKRFFRP,ecoli,ATCC 25922,3.806586245,0.580535674,development,2,DBAASP
DBAASPS_23570,IRFYWRRVQVWRGIWRRLVR,ecoli,ATCC 25922,11.41887119,1.057623174,development,5,DBAASP
DBAASPS_23571,RKKWWAYLLAKIAKKVK,ecoli,ATCC 25922,15.0185598,1.176628288,development,1,DBAASP
DBAASPS_23572,LWRFKRWWWWKKIL,ecoli,ATCC 25922,7.502461579,0.87520378,development,3,DBAASP
DBAASPS_23573,GIKKFAKLLKYIAGKL,ecoli,ATCC 25922,8.932076562,0.950952437,development,2,DBAASP
DBAASPS_23574,RRWGKLIKKIAKKFGG,ecoli,ATCC 25922,4.240964655,0.627464653,development,5,DBAASP
DBAASPS_23575,YKWVANVAKKLIKLLKVLK,ecoli,ATCC 25922,14.18499274,1.151829118,development,4,DBAASP
DBAASPS_23576,AKKFKIWGAIKRLLA,ecoli,ATCC 25922,4.589221959,0.661739063,development,2,DBAASP
DBAASPS_23577,KKFLKLIKGIKR,ecoli,ATCC 25922,173.9202059,2.240350041,development,2,DBAASP
DBAASPS_23578,KWKWPPRWPPWRPVWKVI,ecoli,ATCC 25922,13.09872061,1.117228879,development,5,DBAASP
DBAASPS_23579,LFKVIFGIVKKKKLLPKFF,ecoli,ATCC 25922,6.974725532,0.843527122,development,1,DBAASP
DBAASPS_23580,AVWRWLWKGSLAKGIIKFLK,ecoli,ATCC 25922,3.331966421,0.522700616,development,5,DBAASP
DBAASPS_23581,FIKKLLKLLGKLARLAHAL,ecoli,ATCC 25922,29.81208536,1.474392356,development,5,DBAASP
DBAASPS_23582,IFKLLKKIIKKIVFKIAKAL,ecoli,ATCC 25922,27.16292678,1.433976563,development,1,DBAASP
DBAASPS_23583,RWPFKWKRPRILKLICFRAL,ecoli,ATCC 25922,24.35019991,1.386502531,development,4,DBAASP
DBAASPS_23584,RWKVIRRRWLRL,ecoli,ATCC 25922,36.82045942,1.566089203,development,1,DBAASP
DBAASPS_23585,KWKWWKRRKFCLLYIVFC,ecoli,ATCC 25922,102.2305476,2.009580687,development,3,DBAASP
DBAASPS_23627,VRRVVRVPRRPVRVVRRV,ecoli,ATCC 25922,18.03063999,1.256011142,development,1,DBAASP
DBAASPS_23628,IRRIIRIPRRPIRIIRRI,ecoli,ATCC 25922,4.732140003,0.675057585,development,1,DBAASP
DBAASPS_23629,FRRFFRFPRRPFRFFRRF,ecoli,ATCC 25922,10.55292,1.023372646,development,3,DBAASP
DBAASPS_23630,LRRLLRLPRRPLRLLRRL,ecoli,ATCC 25922,2.36607,0.374027589,development,1,DBAASP
DBAASPS_23631,IIRIIRRGGRRIIRII,ecoli,ATCC 25922,15.78840099,1.198338148,development,1,DBAASP
DBAASPS_23632,IIRIIRRPGRRIIRII,ecoli,ATCC 25922,8.054480993,0.906037561,development,4,DBAASP
DBAASPS_23633,FFRFFRRGGRRFFRFF,ecoli,ATCC 25922,17.96568001,1.25444366,development,2,DBAASP
DBAASPS_23634,FFRFFRRPGRRFFRFF,ecoli,ATCC 25922,18.28623998,1.262124415,development,1,DBAASP
DBAASPS_23635,LLRLLRRGGRRLLRLL,ecoli,ATCC 25922,3.947100196,0.596278151,development,3,DBAASP
DBAASPS_23636,LLRLLRRPGRRLLRLL,ecoli,ATCC 25922,4.027240299,0.605007544,development,4,DBAASP
DBAASPS_23637,GLRLLRRLLRRLLRLP,ecoli,ATCC 25922,4.027240299,0.605007544,development,1,DBAASP
DBAASPS_23670,KWKLFKKIQIAK,ecoli,ATCC 25922,15.67640471,1.195246467,development,4,DBAASP
DBAASPS_23703,VNFKLLSHSLLVTLRSHL,ecoli,ATCC 25922,6.016844906,0.779368817,development,3,DBAASP
DBAASPS_23705,RLLLFLRRCGR,ecoli,ATCC 25922,45.6240095,1.659193449,development,5,DBAASP
DBAASPS_23706,PKILIFAKKC,ecoli,ATCC 25922,220.5894998,2.343584836,development,4,DBAASP
DBAASPS_23707,RLCRTIAGIRL,ecoli,ATCC 25922,201.3227565,2.303892868,development,5,DBAASP
DBAASPS_23708,KFVKFVKFVVK,ecoli,ATCC 25922,187.0289738,2.271908891,development,3,DBAASP
DBAASPS_23709,DRSLRRCRCW,ecoli,ATCC 25922,189.5478741,2.277718918,development,2,DBAASP
DBAASPS_23710,FRPPIRRPPIRPPFYPPFRPPIRPPIFPPIRPPFRPP,ecoli,ATCC 25922,7.438948601,0.871511558,development,5,DBAASP
DBAASPS_23725,RLLRLLRLLL,ecoli,ATCC 25922,1.56409638,0.194263511,development,1,DBAASP
DBAASPS_23726,RVLRVLRVLL,ecoli,ATCC 25922,12.938565,1.111886112,development,5,DBAASP
DBAASPS_23727,RVVRVVRVVV,ecoli,ATCC 25922,54.21404139,1.734111783,development,1,DBAASP
DBAASPS_23728,RLLRLLLRLLR,ecoli,ATCC 25922,0.696921866,-0.156815909,development,2,DBAASP
DBAASPS_23729,RIIRIIIRIIR,ecoli,ATCC 25922,22.30149971,1.348334069,development,4,DBAASP
DBAASPS_23730,RILRILIRLIR,ecoli,ATCC 25922,11.15074987,1.047304074,development,1,DBAASP
DBAASPS_23731,RALRALARALR,ecoli,ATCC 25922,101.0612473,2.004584654,development,1,DBAASP
DBAASPS_23732,RAARAAARAAR,ecoli,ATCC 25922,897.9960017,2.953274403,development,3,DBAASP
DBAASPS_23733,RRLLRLLLRLLR,ecoli,ATCC 25922,1.25701684,0.099341096,development,3,DBAASP
DBAASPS_23735,RLLRLLRLLLRLLRLLR,ecoli,ATCC 25922,7.273078767,0.861718291,development,3,DBAASP
DBAASPS_23736,RLLRLLRLLLL,ecoli,ATCC 25922,2.873866752,0.458466628,development,1,DBAASP
DBAASPR_23739,RLRDLIRRGRQKIGRRINRLGRRIQDILKNLQPGKVS,ecoli,ATCC 25922,13.91681301,1.143539792,development,4,DBAASP
DBAASPR_23787,LIVAASLVYDFYTWIAKKVALLRIAKKVLYLARNA,ecoli,ATCC 25922,3.999969999,0.602056734,development,2,DBAASP
DBAASPS_23821,INLKWLAALAKKIL,ecoli,ATCC 25922,10.03105,1.001346395,development,5,DBAASP
DBAASPS_23822,INLKALWALAKKIL,ecoli,ATCC 25922,5.015524994,0.700316399,development,3,DBAASP
DBAASPS_23823,INLKALAWLAKKIL,ecoli,ATCC 25922,10.03105,1.001346395,development,2,DBAASP
DBAASPS_23824,INLKALAALWKKIL,ecoli,ATCC 25922,5.015524994,0.700316399,development,1,DBAASP
DBAASPS_23825,INLKALWWLAKKIL,ecoli,ATCC 25922,9.355730584,0.971077707,development,1,DBAASP
DBAASPS_23826,INLKALWALWKKIL,ecoli,ATCC 25922,1.169466323,0.06798772,development,5,DBAASP
DBAASPS_23827,INLKALAWLWKKIL,ecoli,ATCC 25922,4.677865299,0.670047712,development,2,DBAASP
DBAASPS_23828,INLKALWWLWKKIL,ecoli,ATCC 25922,4.382802321,0.641751883,development,1,DBAASP
DBAASPS_23829,INLKWLWWLWKKIL,ecoli,ATCC 25922,131.9281216,2.120337379,development,5,DBAASP
DBAASPS_23830,INLKKLWALAKKIL,ecoli,ATCC 25922,2.421098402,0.384012441,development,4,DBAASP
DBAASPS_23831,INLKALWALALKIL,ecoli,ATCC 25922,10.12637283,1.005453913,development,5,DBAASP
DBAASPS_23832,INLKALWKLAKAIL,ecoli,ATCC 25922,5.015524994,0.700316399,development,2,DBAASP
DBAASPS_23833,INLKKLWALWKKIL,ecoli,ATCC 25922,18.10695128,1.257845333,development,4,DBAASP
DBAASPS_23834,INLKALWALWLKIL,ecoli,ATCC 25922,2.359649413,0.372847482,development,5,DBAASP
DBAASPS_23835,INLKALWKLWKAIL,ecoli,ATCC 25922,37.4229224,1.573137699,development,1,DBAASP
DBAASPS_23842,PMAKLLPRIKKKILAAAFK,ecoli,ATCC 25922,17.14279998,1.234081758,development,4,DBAASP
DBAASPS_23843,PMARNKPKILKRILAKIFK,ecoli,ATCC 25922,9.083959996,0.958275213,development,4,DBAASP
DBAASPS_23859,FLVKLIL,ecoli,ATCC 25922,295.8103157,2.471013315,development,1,DBAASP
DBAASPS_23860,FLVKLILKILRR,ecoli,ATCC 25922,20.66793367,1.315297059,development,4,DBAASP
DBAASPS_23861,FLVKLIKKILRR,ecoli,ATCC 25922,20.46471227,1.311005643,development,5,DBAASP
DBAASPS_23862,FLVKKIKKILRR,ecoli,ATCC 25922,162.1235878,2.209846206,development,2,DBAASP
DBAASPS_23876,GLRKRLRKFFNKIKF,ecoli,ATCC 25922,8.199082418,0.913765252,development,4,DBAASP
DBAASPS_23877,GLRKRLRKFKKFGK,ecoli,ATCC 25922,72.63548454,1.861148838,development,2,DBAASP
DBAASPS_23878,GLRKFLRKFKKFGK,ecoli,ATCC 25922,18.25220135,1.261315251,development,1,DBAASP
DBAASPS_23879,GLRKFLRKFKKFWK,ecoli,ATCC 25922,8.499902733,0.929413956,development,4,DBAASP
DBAASPS_23880,GLRKWLRKFKKFWK,ecoli,ATCC 25922,8.327213354,0.920499692,development,3,DBAASP
DBAASPS_23881,GLRKWLRKFKKFW,ecoli,ATCC 25922,8.922412467,0.950482296,development,2,DBAASP
DBAASPS_23933,KNRLNFLKKISQRYQKFALPQYLKTVYQHQKAMKPWIQPKTKVIPYVRYL,ecoli,ATCC 25922,7.792050006,0.891651731,development,3,DBAASP
DBAASPS_23986,KRIVRRIKIFLR,ecoli,ATCC 25922,6.257586231,0.796406843,development,5,DBAASP
DBAASPS_24149,ARWVRRVLKKKMV,ecoli,ATCC 25922,214.0403099,2.330495571,development,3,DBAASP
DBAASPS_24150,ARWVRRVLKKVMK,ecoli,ATCC 25922,26.75504002,1.427405605,development,1,DBAASP
DBAASPS_24164,ILGRIWKGIKDIL,ecoli,ATCC 25922,9.537188007,0.979420344,development,5,DBAASP
DBAASPS_24166,ILGRIFKGIKDIL,ecoli,ATCC 25922,18.586374,1.269194672,development,2,DBAASP
DBAASPS_24167,ILGRIVKGIKDIL,ecoli,ATCC 25922,35.97149999,1.555958548,development,3,DBAASP
DBAASPS_24168,ILGKIWKGIKDIL,ecoli,ATCC 25922,37.47350002,1.573724258,development,2,DBAASP
DBAASPS_24169,AKKWWKLLWKLWKKAK,ecoli,ATCC 25922,3.735311045,0.572326772,development,5,DBAASP
DBAASPS_24170,AWQAIARLIKGRGRKKYGRIIIIG,ecoli,ATCC 25922,2.921448871,0.46559829,development,3,DBAASP
DBAASPS_24199,WRIRRRWPRLPRPRWRPLPFPRPGPRP,ecoli,ATCC 25922,3.556369999,0.551006938,development,2,DBAASP
DBAASPS_24200,WRIRRRWPRLPRPRWRPRFPPP,ecoli,ATCC 25922,1.517865099,0.181233175,development,4,DBAASP
DBAASPS_24201,WRIRRRWPRLPRPRWRPRFPPPFPIPR,ecoli,ATCC 25922,7.293000007,0.862906214,development,5,DBAASP
DBAASPS_24202,WRIRRRWPRLPRPRWRPWFPPR,ecoli,ATCC 25922,12.49932001,1.096886387,development,3,DBAASP
DBAASPS_24203,WRIRRRWPRLPRPRWRPWFPPRFPIPR,ecoli,ATCC 25922,7.471199993,0.873390362,development,4,DBAASP
dbaasp_6166,GIMDTIKGAAKDLAGQLLDKLKCKITKC,ecoli,ATCC 25922,74.98942093,1.875,heldout_test,-1,DBAASP
dbaasp_9883,GVVVRVARVVVRWVRR,ecoli,ATCC 25922,3.999447498,0.602,heldout_test,-1,DBAASP
dbaasp_12703,IKPIIKPIIKPIIKPIIKPIIKPIIKPI,ecoli,ATCC 25922,7.99834255,0.903,heldout_test,-1,DBAASP
dbAMP_25337,IWGLIAHGVGHVGRLIHGLIRG,ecoli,ATCC 25922,3.84591782,0.585,heldout_test,-1,dbAMP
dbaasp_2974,FLPAIVGAAGQFLPKIFCAISKKC,ecoli,ATCC 25922,54.95408739,1.74,heldout_test,-1,DBAASP
dbaasp_2206,FLSHIAGFLSNLF,ecoli,ATCC 25922,161.0645635,2.207,heldout_test,-1,DBAASP
dbAMP_15872,FRIRVRVAKKFGKAFVGEIM,ecoli,ATCC 25922,3.427677865,0.535,heldout_test,-1,dbAMP
dbaasp_19945,WRQWRQWRQWRQWRQWRQ,ecoli,ATCC 25922,15.99558029,1.204,heldout_test,-1,DBAASP
dbaasp_16350,IDWKKVDWKKVSKKTSKVMLKASKFL,ecoli,ATCC 25922,3.19889511,0.505,heldout_test,-1,DBAASP
DRAMP03880,RRIIIRWRRI,ecoli,ATCC 25922,5.636376558,0.751,heldout_test,-1,DRAMP
dbaasp_15069,KRIVKRIKAFLR,ecoli,ATCC 25922,1.25025903,0.097,heldout_test,-1,DBAASP
dbaasp_19850,FLPIVAKLESGLL,ecoli,ATCC 25922,127.9381304,2.107,heldout_test,-1,DBAASP
dbaasp_17220,GFCWYACAKRNGLRVCYRRCN,ecoli,ATCC 25922,0.049545019,-1.305,heldout_test,-1,DBAASP
dbaasp_17351,KLAKKLA,ecoli,ATCC 25922,100,2,heldout_test,-1,DBAASP
dbaasp_2194,GLLDTFKNLALNAAKSAGVSVLNSLSCKLSKTC,ecoli,ATCC 25922,12.5025903,1.097,heldout_test,-1,DBAASP
dbaasp_17306,KKGWAKKLAFAFGKK,ecoli,ATCC 25922,7.294575103,0.863,heldout_test,-1,DBAASP
dbaasp_3735,VVKCSYRQGSPDSR,ecoli,ATCC 25922,127.9381304,2.107,heldout_test,-1,DBAASP
dbaasp_5714,GWASSIGSILGKFAKGGAQAFLQPK,ecoli,ATCC 25922,31.9889511,1.505,heldout_test,-1,DBAASP
dbaasp_18790,GWWRRTVRRVRNAVRRV,ecoli,ATCC 25922,7.261059574,0.861,heldout_test,-1,DBAASP
DRAMP03040,FDVMGIIKKIAGAL,ecoli,ATCC 25922,29.99162519,1.477,heldout_test,-1,DRAMP
dbaasp_18397,KRIGWRWRRWPRLRCK,ecoli,ATCC 25922,3.580964371,0.554,heldout_test,-1,DBAASP
dbaasp_17673,GLWKRWKKFW,ecoli,ATCC 25922,7.99834255,0.903,heldout_test,-1,DBAASP
dbaasp_14023,IHHIHHHIHHIHHHIHHIHHH,ecoli,ATCC 25922,1,0,heldout_test,-1,DBAASP
dbaasp_3727,GFMNTAKNVAKNVAVTLLDNLKCKITGGC,ecoli,ATCC 25922,2.958012467,0.471,heldout_test,-1,DBAASP
dbaasp_13786,KVEIVAINDPFIDL,ecoli,ATCC 25922,1049.542429,3.021,heldout_test,-1,DBAASP
dbaasp_19947,WRNWRNWRNWRNWRN,ecoli,ATCC 25922,7.99834255,0.903,heldout_test,-1,DBAASP
dbaasp_11894,LNALKKVFQKIHEAIKKI,ecoli,ATCC 25922,1.99986187,0.301,heldout_test,-1,DBAASP
dbaasp_4579,QLKVDLWGTRSGI,ecoli,ATCC 25922,100,2,heldout_test,-1,DBAASP
dbaasp_16090,WWWWLRKI,ecoli,ATCC 25922,12.5025903,1.097,heldout_test,-1,DBAASP
dbaasp_839,ILGPVLSMVGSALGGLIKKI,ecoli,ATCC 25922,10.25651926,1.011,heldout_test,-1,DBAASP
dbaasp_19613,RFRFRRRRFRFRFR,ecoli,ATCC 25922,7.99834255,0.903,heldout_test,-1,DBAASP
dbAMP_24656,GIGKFLHSAKKFGKAFAGEIMNS,ecoli,ATCC 25922,0.950604794,-0.022,heldout_test,-1,dbAMP
dbaasp_16585,DILIIVGGKRRKKRRR,ecoli,ATCC 25922,3.999447498,0.602,heldout_test,-1,DBAASP
dbaasp_17871,WRRWWWRRW,ecoli,ATCC 25922,3.999447498,0.602,heldout_test,-1,DBAASP
dbaasp_8427,FLPAVLRVAAKVGPAVFCAITQKC,ecoli,ATCC 25922,1.006931669,0.003,heldout_test,-1,DBAASP
dbaasp_2820,KLWKKWKKWLK,ecoli,ATCC 25922,1.288249552,0.11,heldout_test,-1,DBAASP
dbaasp_11886,WLNALKKVFQGIHEAIKLIWNWVQ,ecoli,ATCC 25922,15.99558029,1.204,heldout_test,-1,DBAASP
dbaasp_14313,SLWSSIKDMAAAAGRAALNAVNGIVNP,ecoli,ATCC 25922,47.53352259,1.677,heldout_test,-1,DBAASP
dbAMP_17490,GLRKRPRKFRNKIKEKLKKIGQKIQGLLPKLAPRTDY,ecoli,ATCC 25922,0.909913273,-0.041,heldout_test,-1,dbAMP
dbaasp_8975,VAKGLIKGVKAKGELPAKGVFKGLKESIGKRAVLKG,ecoli,ATCC 25922,8.749837752,0.942,heldout_test,-1,DBAASP
dbaasp_17603,RQIKIRRMKWR,ecoli,ATCC 25922,8.053784412,0.906,heldout_test,-1,DBAASP
dbaasp_5446,GFGTILKALAKIAGKVVKKLATKPGATYMLKENLK,ecoli,ATCC 25922,0.313328572,-0.504,heldout_test,-1,DBAASP
dbaasp_842,ILGPVLGLVGNALGGLIKKI,ecoli,ATCC 25922,10.37528416,1.016,heldout_test,-1,DBAASP
dbaasp_17290,RRGWARRLFFAYGRR,ecoli,ATCC 25922,7.294575103,0.863,heldout_test,-1,DBAASP
dbAMP_16161,KKWRWWLKALAKKLL,ecoli,ATCC 25922,2.051162179,0.312,heldout_test,-1,dbAMP
dbaasp_16088,IWWWWLRK,ecoli,ATCC 25922,12.5025903,1.097,heldout_test,-1,DBAASP
dbaasp_7130,RVKRFWPLVPVAINTVAAGINLYKAIRRK,ecoli,ATCC 25922,0.707945784,-0.15,heldout_test,-1,DBAASP
dbAMP_19471,LHLKKRRWKYRVPP,ecoli,ATCC 25922,13.45860354,1.129,heldout_test,-1,dbAMP
dbaasp_360,GIGKFLHSAKKFGKAFVGEIMNS,ecoli,ATCC 25922,5.10505,0.708,heldout_test,-1,DBAASP
dbaasp_14268,VRRFPAAWPFLRR,ecoli,ATCC 25922,63.97348355,1.806,heldout_test,-1,DBAASP
dbAMP_24814,GLLWHLLHHLLH,ecoli,ATCC 25922,10.88930093,1.037,heldout_test,-1,dbAMP
dbaasp_12709,LKPLLKPLLKPLLKPLLKPLLKPLLKPLLKPL,ecoli,ATCC 25922,1,0,heldout_test,-1,DBAASP
dbaasp_806,GIGAVLKVLTTGLPALISWIKRKRQQ,ecoli,ATCC 25922,1.99986187,0.301,heldout_test,-1,DBAASP
dbaasp_17056,LKKLLKLLKKLLKAAG,ecoli,ATCC 25922,10,1,heldout_test,-1,DBAASP
dbaasp_1563,INWKGIAAMKKLL,ecoli,ATCC 25922,10.20939484,1.009,heldout_test,-1,DBAASP
dbaasp_5861,LVQRGRFGRFLRKIR,ecoli,ATCC 25922,15.99558029,1.204,heldout_test,-1,DBAASP
dbaasp_17071,FKRIVQRIKDFAR,ecoli,ATCC 25922,10,1,heldout_test,-1,DBAASP
dbaasp_11363,DNTDSVVKIQSWFRMATARKSYL,ecoli,ATCC 25922,1.185768748,0.074,heldout_test,-1,DBAASP
dbaasp_13889,KWCFRVCYRGICYRRCRG,ecoli,ATCC 25922,1,0,heldout_test,-1,DBAASP
dbaasp_11542,GSGSGSGSLKKIFKKPMVIGVTIPF,ecoli,ATCC 25922,0.794328235,-0.1,heldout_test,-1,DBAASP
dbaasp_19605,WRWRRRRFRWRW,ecoli,ATCC 25922,7.99834255,0.903,heldout_test,-1,DBAASP
dbaasp_18649,LLRWWWRLL,ecoli,ATCC 25922,5.997910763,0.778,heldout_test,-1,DBAASP
dbaasp_12757,GKKYRRFRWKFKGK,ecoli,ATCC 25922,8.570378452,0.933,heldout_test,-1,DBAASP
dbaasp_2858,KWLLKWL,ecoli,ATCC 25922,41.3047502,1.616,heldout_test,-1,DBAASP
dbaasp_6705,GLADYWRTAFRANFANLGPGIRCKSARC,ecoli,ATCC 25922,1.99986187,0.301,heldout_test,-1,DBAASP
dbaasp_16769,LNLKALLAVAKKAL,ecoli,ATCC 25922,7.99834255,0.903,heldout_test,-1,DBAASP
DRAMP04095,GFGSLFKFLAKKVAKTVAKQAAKQGAKYVANKHMQ,ecoli,ATCC 25922,0.30974193,-0.509,heldout_test,-1,DRAMP
dbAMP_19483,LRLKHRRWKYRVPP,ecoli,ATCC 25922,9.52796164,0.979,heldout_test,-1,dbAMP
dbaasp_6936,GLNALKKVFQGIHEAFKLINNHVQ,ecoli,ATCC 25922,19.9986187,1.301,heldout_test,-1,DBAASP
dbaasp_18386,LRWGRWLRKIRRWRPK,ecoli,ATCC 25922,7.99834255,0.903,heldout_test,-1,DBAASP
dbaasp_2162,ILGKIWKGIKSLF,ecoli,ATCC 25922,3.597493352,0.556,heldout_test,-1,DBAASP
dbaasp_8515,IRPRPPRLPRPRPRPLPYPRP,ecoli,ATCC 25922,7.99834255,0.903,heldout_test,-1,DBAASP
dbaasp_5823,RRIRPRPPRLPRPRPRP,ecoli,ATCC 25922,0.889201118,-0.051,heldout_test,-1,DBAASP
dbaasp_16895,KIAKRIWKILRRRLFRRV,ecoli,ATCC 25922,13.06170888,1.116,heldout_test,-1,DBAASP
dbaasp_20056,IWWRRRWWI,ecoli,ATCC 25922,7.99834255,0.903,heldout_test,-1,DBAASP
dbaasp_19672,GYCFTACYRRNGVRICYRRCN,ecoli,ATCC 25922,0.062950618,-1.201,heldout_test,-1,DBAASP
dbaasp_8777,VKWRWKWKWRWKWKWKV,ecoli,ATCC 25922,38.72576449,1.588,heldout_test,-1,DBAASP
dbaasp_16145,RKLDLKLDLKLDL,ecoli,ATCC 25922,29.51209227,1.47,heldout_test,-1,DBAASP
dbAMP_25439,PHVALKPGKLKFIIPSPKRPVKLLSGGNTLHLVSTTKT,ecoli,ATCC 25922,3.854783577,0.586,heldout_test,-1,dbAMP
dbaasp_2168,FLPLIAGLAANFLPKIFCAITKKC,ecoli,ATCC 25922,26.00159563,1.415,heldout_test,-1,DBAASP
DRAMP03645,LVQRGRFGRFLRKIRRFRPKVTITIQGSARFG,ecoli,ATCC 25922,1,0,heldout_test,-1,DRAMP
dbaasp_11959,LLLLRRRR,ecoli,ATCC 25922,118.8502227,2.075,heldout_test,-1,DBAASP
dbaasp_2505,IPHAVKAISDLI,ecoli,ATCC 25922,199.986187,2.301,heldout_test,-1,DBAASP
dbaasp_5049,KILRGVSKKIMRTFLRR,ecoli,ATCC 25922,15.34616983,1.186,heldout_test,-1,DBAASP
dbaasp_12837,INWLKIKKKVAGML,ecoli,ATCC 25922,19.09853259,1.281,heldout_test,-1,DBAASP
dbaasp_14005,LRRLRRRWWRRRLRRL,ecoli,ATCC 25922,6.698846094,0.826,heldout_test,-1,DBAASP
dbaasp_18130,KWKSKLKTFKSLKKTVLHTLKKAISS,ecoli,ATCC 25922,0.331894458,-0.479,heldout_test,-1,DBAASP
dbaasp_13507,WCRRYRVLVRGVLVRYRRCW,ecoli,ATCC 25922,1.99986187,0.301,heldout_test,-1,DBAASP
dbaasp_2127,LNLKGLFKKVASLLT,ecoli,ATCC 25922,29.99162519,1.477,heldout_test,-1,DBAASP
dbaasp_12443,CSLYGSYLLHPGKISYSLHCSR,ecoli,ATCC 25922,7.99834255,0.903,heldout_test,-1,DBAASP
dbaasp_8294,GVFDIIKGAGKQLIAHAMGKIAEKVGLNKDGN,ecoli,ATCC 25922,61.09420249,1.786,heldout_test,-1,DBAASP
dbaasp_4164,ILGPVLGLVSNALGGLL,ecoli,ATCC 25922,62.95061829,1.799,heldout_test,-1,DBAASP
dbAMP_19497,LRLKKRTWKYRVPP,ecoli,ATCC 25922,13.70881766,1.137,heldout_test,-1,dbAMP
dbaasp_19254,RRIRRPRLPRPRVP,ecoli,ATCC 25922,31.9889511,1.505,heldout_test,-1,DBAASP
dbaasp_3651,EMLKKKKEVKMERKT,ecoli,ATCC 25922,105.9253725,2.025,heldout_test,-1,DBAASP
dbaasp_3539,GILSTFKGLAKGVAKDLAGNLLDKFKCKITGC,ecoli,ATCC 25922,6.99841996,0.845,heldout_test,-1,DBAASP
dbaasp_5651,GCRFCCNCCPNMSGCGVCCRF,ecoli,ATCC 25922,21.97859873,1.342,heldout_test,-1,DBAASP
dbaasp_19471,FIKRIARLLKKIF,ecoli,ATCC 25922,3.069021988,0.487,heldout_test,-1,DBAASP
dbaasp_3560,GLLLDTLKGAAKDIAGIALEKLKCKITGCKP,ecoli,ATCC 25922,19.0107828,1.279,heldout_test,-1,DBAASP
dbaasp_19601,ILGPALRIGGRIAGRIAGKLIGDAINRHRERNRQRRG,ecoli,ATCC 25922,1.698243652,0.23,heldout_test,-1,DBAASP
dbAMP_24998,CWTKSIPPKPC,ecoli,ATCC 25922,3.999447498,0.602,heldout_test,-1,dbAMP
dbaasp_14272,GLKRIFKSGLGKLVKGISAHVAS,ecoli,ATCC 25922,62.51726928,1.796,heldout_test,-1,DBAASP
dbaasp_14200,GMASKAGAIAGKIAKVALKAL,ecoli,ATCC 25922,0.030760968,-1.512,heldout_test,-1,DBAASP
dbaasp_10633,WWWRRRIW,ecoli,ATCC 25922,25.00345362,1.398,heldout_test,-1,DBAASP
dbaasp_17684,WRLWRL,ecoli,ATCC 25922,127.9381304,2.107,heldout_test,-1,DBAASP
dbaasp_19574,KVVKKVVKVVKKVVK,ecoli,ATCC 25922,50.0034535,1.699,heldout_test,-1,DBAASP
dbaasp_15147,WKWKWENGKWKWKW,ecoli,ATCC 25922,1.99986187,0.301,heldout_test,-1,DBAASP
dbaasp_1857,GIFALIKTAAKFVGKNLLKQAGKAGLEHLACKANNQC,ecoli,ATCC 25922,3.243396173,0.511,heldout_test,-1,DBAASP
dbaasp_5933,GVLDILKGAAKDLAGHVATKVI,ecoli,ATCC 25922,3.597493352,0.556,heldout_test,-1,DBAASP
dbaasp_10590,RRGLFKKLRRKIKKGFKKIFKRLPPVGVGVSIPLAGRR,ecoli,ATCC 25922,2.13796209,0.33,heldout_test,-1,DBAASP
dbaasp_11785,GLRKRLRKFRNKIKEDLKKIGQKIQGLLPKLAPRTDY,ecoli,ATCC 25922,0.90782053,-0.042,heldout_test,-1,DBAASP
dbAMP_19517,LRLKKRRWKYRVPW,ecoli,ATCC 25922,3.147748314,0.498,heldout_test,-1,dbAMP
dbaasp_9490,GSKKPVPIIYCNRRTGKCQRM,ecoli,ATCC 25922,0.413999675,-0.383,heldout_test,-1,DBAASP
dbaasp_14631,RWRRIVVIRVRR,ecoli,ATCC 25922,1.99986187,0.301,heldout_test,-1,DBAASP
dbaasp_3107,FLGGLFKLVPSVICAVTKKC,ecoli,ATCC 25922,12.5025903,1.097,heldout_test,-1,DBAASP
dbaasp_11173,GKEFKRIVGRIYRLCCR,ecoli,ATCC 25922,3.999447498,0.602,heldout_test,-1,DBAASP
dbaasp_10042,KWKLFKKIRGGRLCYCRRRFCVCV,ecoli,ATCC 25922,10.66596121,1.028,heldout_test,-1,DBAASP
dbaasp_8291,GVFDIIKGAGKQLIAHAMGKIAEKV,ecoli,ATCC 25922,77.62471166,1.89,heldout_test,-1,DBAASP
dbaasp_14643,FPRRWQWRRPF,ecoli,ATCC 25922,3.999447498,0.602,heldout_test,-1,DBAASP
DRAMP01410,GILSGILGVGKMLVCGLSGLC,ecoli,ATCC 25922,2.999162519,0.477,heldout_test,-1,DRAMP
dbaasp_14265,VRRFPAWWPFLRR,ecoli,ATCC 25922,31.9889511,1.505,heldout_test,-1,DBAASP
dbaasp_11521,FLSLIPHIATGIAALAKHL,ecoli,ATCC 25922,50.0034535,1.699,heldout_test,-1,DBAASP
dbaasp_10630,RWWLRRIW,ecoli,ATCC 25922,25.00345362,1.398,heldout_test,-1,DBAASP
dbaasp_14258,RWRWWWRWRF,ecoli,ATCC 25922,3.999447498,0.602,heldout_test,-1,DBAASP
dbaasp_5477,GILNTIKSIASKLKRKAK,ecoli,ATCC 25922,1.559552503,0.193,heldout_test,-1,DBAASP
dbaasp_7830,GWGDTFLKTMAKIAKVGPKLLHS,ecoli,ATCC 25922,1,0,heldout_test,-1,DBAASP
dbaasp_5138,VRRFPYYYPFLRR,ecoli,ATCC 25922,15.99558029,1.204,heldout_test,-1,DBAASP
dbaasp_15880,RYRRKKKMKKALQYIKL,ecoli,ATCC 25922,100,2,heldout_test,-1,DBAASP
dbaasp_369,GCRRWKKFRWRYRGKFWFWCG,ecoli,ATCC 25922,44.25883724,1.646,heldout_test,-1,DBAASP
dbaasp_13998,LRRLRRRWRRRLRRL,ecoli,ATCC 25922,7.277798045,0.862,heldout_test,-1,DBAASP
dbaasp_16482,GIKKWLHSAKKPPKKFVKKIMNS,ecoli,ATCC 25922,79.9834255,1.903,heldout_test,-1,DBAASP
dbaasp_16176,FVKSFWKKLGRIL,ecoli,ATCC 25922,1.90107828,0.279,heldout_test,-1,DBAASP
dbaasp_13449,IRPAKLRWFKKIK,ecoli,ATCC 25922,7.498942093,0.875,heldout_test,-1,DBAASP
DRAMP02965,GRFRRLRKKTRKRLKKIGKVLKWIPPIVGSIPLGC,ecoli,ATCC 25922,1,0,heldout_test,-1,DRAMP
dbaasp_10702,FLGGLIKPVPAMICAVRKKC,ecoli,ATCC 25922,117.4897555,2.07,heldout_test,-1,DBAASP
dbaasp_14024,IHHIHHHIHHIHHHIHHIHHHIHHIHHH,ecoli,ATCC 25922,1,0,heldout_test,-1,DBAASP
dbaasp_8034,FLPGLIKAAVGIGSTIFCKISRKC,ecoli,ATCC 25922,100,2,heldout_test,-1,DBAASP
dbAMP_02560,GFGCPLNQGACHNHCRSIRRRGGYCSGIIKQTCTCYRN,ecoli,ATCC 25922,0.125025903,-0.903,heldout_test,-1,dbAMP
dbaasp_10607,KCRRLCYRQRCVTYCRGR,ecoli,ATCC 25922,0.500034535,-0.301,heldout_test,-1,DBAASP
dbaasp_8109,RRRRWWWW,ecoli,ATCC 25922,11.69499391,1.068,heldout_test,-1,DBAASP
dbaasp_9882,GVVVRVPRVVVRWVRR,ecoli,ATCC 25922,3.999447498,0.602,heldout_test,-1,DBAASP
dbaasp_3644,LNLKGIFKKVASLLT,ecoli,ATCC 25922,5.997910763,0.778,heldout_test,-1,DBAASP
dbaasp_6769,LRKLRKRLLLRKLRKRLL,ecoli,ATCC 25922,5.093308711,0.707,heldout_test,-1,DBAASP
dbaasp_3728,GLFTLIKGAYKLDAPTVACN,ecoli,ATCC 25922,19.36421964,1.287,heldout_test,-1,DBAASP
dbaasp_1361,FKCRRWQWRMKKLGAPSITCVRRAF,ecoli,ATCC 25922,1.99986187,0.301,heldout_test,-1,DBAASP
dbaasp_14700,KILKRLAAKIKKIL,ecoli,ATCC 25922,3.999447498,0.602,heldout_test,-1,DBAASP
dbAMP_22625,LIRGLFKSFWQVF,ecoli,ATCC 25922,11.99499303,1.079,heldout_test,-1,dbAMP
dbAMP_17504,GLRKRLRKFRNKIKEKLPKIGQKIQGLLPKLAPRTDY,ecoli,ATCC 25922,0.912010839,-0.04,heldout_test,-1,dbAMP
dbaasp_833,ILGPVISTIGGVLGGLLKNL,ecoli,ATCC 25922,4.698941086,0.672,heldout_test,-1,DBAASP
dbaasp_14616,GLSRLFTALK,ecoli,ATCC 25922,29.44421634,1.469,heldout_test,-1,DBAASP
dbaasp_9872,WGRAFSAGVHRLANGGNG,ecoli,ATCC 25922,70.14552984,1.846,heldout_test,-1,DBAASP
dbaasp_7735,GLNTLKKVIQGLHEVIKLVNNHA,ecoli,ATCC 25922,5.997910763,0.778,heldout_test,-1,DBAASP
dbaasp_8769,LLSNVAGLLKQFAK,ecoli,ATCC 25922,5.395106225,0.732,heldout_test,-1,DBAASP
dbAMP_25031,LKLFKKILKVL,ecoli,ATCC 25922,3.01995172,0.48,heldout_test,-1,dbAMP
dbaasp_5409,TKPTLLGLPLGAGPAAGPGKR,ecoli,ATCC 25922,15.99558029,1.204,heldout_test,-1,DBAASP
dbaasp_14972,IRIRPIRIRP,ecoli,ATCC 25922,63.97348355,1.806,heldout_test,-1,DBAASP
dbaasp_11743,KWCFRVCYRGICYARCR,ecoli,ATCC 25922,0.057676646,-1.239,heldout_test,-1,DBAASP
dbaasp_4696,GTRCGETCFVLPCWSAKFGCYCQKGFCYRN,ecoli,ATCC 25922,3.396252726,0.531,heldout_test,-1,DBAASP
dbaasp_16984,RKRWWRWWKWWKR,ecoli,ATCC 25922,7.51622894,0.876,heldout_test,-1,DBAASP
DRAMP01650,ALWKNMLKGIGKLAGQAALGAVKTLVGAE,ecoli,ATCC 25922,2.600159563,0.415,heldout_test,-1,DRAMP
dbaasp_17868,IRRWWWRRI,ecoli,ATCC 25922,7.99834255,0.903,heldout_test,-1,DBAASP
dbaasp_1546,GLWSTIKNVGKEAAIAAGKAALGAL,ecoli,ATCC 25922,6.60693448,0.82,heldout_test,-1,DBAASP
dbaasp_2866,LLKWLLKWLLK,ecoli,ATCC 25922,55.71857489,1.746,heldout_test,-1,DBAASP
dbaasp_20080,VRWRRRWRV,ecoli,ATCC 25922,7.99834255,0.903,heldout_test,-1,DBAASP
dbaasp_16777,LNLKKLLKVAKKIL,ecoli,ATCC 25922,7.99834255,0.903,heldout_test,-1,DBAASP
dbaasp_15052,KRIVQRIADFLR,ecoli,ATCC 25922,39.99447498,1.602,heldout_test,-1,DBAASP
dbaasp_1816,GLLDTIKGVAKTVAASMLDKLKCKISGC,ecoli,ATCC 25922,1.99986187,0.301,heldout_test,-1,DBAASP
dbAMP_19013,KWIVWRWRFKR,ecoli,ATCC 25922,2.432204009,0.386,heldout_test,-1,dbAMP
dbaasp_16993,LKKLLKLLKKLLKL,ecoli,ATCC 25922,10,1,heldout_test,-1,DBAASP
dbaasp_12839,INWKKIKKKVAGML,ecoli,ATCC 25922,9.749896377,0.989,heldout_test,-1,DBAASP
dbaasp_9329,GRRPRPRPRPWWWWW,ecoli,ATCC 25922,5.00034535,0.699,heldout_test,-1,DBAASP
dbaasp_8772,VKRFKKFFRKFKKSV,ecoli,ATCC 25922,19.18668741,1.283,heldout_test,-1,DBAASP
dbaasp_18740,FKAFRWAWRWKKLAAPS,ecoli,ATCC 25922,7.498942093,0.875,heldout_test,-1,DBAASP
dbaasp_19470,FIKRIAKLLRKIF,ecoli,ATCC 25922,6.137620052,0.788,heldout_test,-1,DBAASP
dbaasp_16983,RRRRWRWWRWWRR,ecoli,ATCC 25922,29.37649652,1.468,heldout_test,-1,DBAASP
dbaasp_13126,KKKKWWWWI,ecoli,ATCC 25922,5.834451043,0.766,heldout_test,-1,DBAASP
dbaasp_17248,FLKILKKLL,ecoli,ATCC 25922,14.5881426,1.164,heldout_test,-1,DBAASP
dbaasp_19888,LKKLCRILKKLCRA,ecoli,ATCC 25922,9.594006315,0.982,heldout_test,-1,DBAASP
dbaasp_12228,LLGAALSALSSVIPSVISWFQK,ecoli,ATCC 25922,63.97348355,1.806,heldout_test,-1,DBAASP
dbaasp_11751,RWCFRVCYRGICYRRCR,ecoli,ATCC 25922,0.054827696,-1.261,heldout_test,-1,DBAASP
dbaasp_13073,AARIILRLRFR,ecoli,ATCC 25922,3.999447498,0.602,heldout_test,-1,DBAASP
dbaasp_4286,IPCGESCVWIPCITAIAGCSCKNKVCYT,ecoli,ATCC 25922,6.397348355,0.806,heldout_test,-1,DBAASP
dbaasp_8288,GVFDIIKDAGKQLVAHAMGKIAEKV,ecoli,ATCC 25922,305.4921113,2.485,heldout_test,-1,DBAASP
dbAMP_19504,LRLKKRRWYYRVPP,ecoli,ATCC 25922,6.531305526,0.815,heldout_test,-1,dbAMP
dbaasp_9328,GRRPRPRPRPWWWW,ecoli,ATCC 25922,5.00034535,0.699,heldout_test,-1,DBAASP
dbaasp_13012,KLLGKWKGLLK,ecoli,ATCC 25922,7.99834255,0.903,heldout_test,-1,DBAASP
dbaasp_19512,KKRVKKFFRKPRVIGVTFPF,ecoli,ATCC 25922,6.194410751,0.792,heldout_test,-1,DBAASP
dbaasp_1815,GLFSILRGAAKFASKGLGKDLTKLGVDLVACKISKQC,ecoli,ATCC 25922,1,0,heldout_test,-1,DBAASP
dbaasp_6005,FLPILGKLLSGFL,ecoli,ATCC 25922,159.9558029,2.204,heldout_test,-1,DBAASP
dbaasp_18162,GIGKFLHSGGKNLKALAALAKKIL,ecoli,ATCC 25922,39.99447498,1.602,heldout_test,-1,DBAASP
dbaasp_12524,YGRKKRRQRRRSISLL,ecoli,ATCC 25922,10.28016298,1.012,heldout_test,-1,DBAASP
dbaasp_16764,LNLKAALAVAKKIL,ecoli,ATCC 25922,7.99834255,0.903,heldout_test,-1,DBAASP
dbaasp_7486,GFCWYVCVYRNGVRVCYRRCN,ecoli,ATCC 25922,0.096161228,-1.017,heldout_test,-1,DBAASP
dbaasp_9437,RKWVAWRNR,ecoli,ATCC 25922,99.77000638,1.999,heldout_test,-1,DBAASP
dbaasp_14642,KWRRWQWRRWK,ecoli,ATCC 25922,3.999447498,0.602,heldout_test,-1,DBAASP
dbaasp_18182,KKLAKEILKAL,ecoli,ATCC 25922,2500.345362,3.398,heldout_test,-1,DBAASP
dbaasp_3343,INLKALAALAKKIL,ecoli,ATCC 25922,25.00345362,1.398,heldout_test,-1,DBAASP
dbaasp_15846,RRWQWWWQWRR,ecoli,ATCC 25922,3.999447498,0.602,heldout_test,-1,DBAASP
dbaasp_15847,RRWTWWWTWRR,ecoli,ATCC 25922,1,0,heldout_test,-1,DBAASP
dbaasp_7102,ILGTILPLLKGL,ecoli,ATCC 25922,255.8585887,2.408,heldout_test,-1,DBAASP
dbaasp_8378,IVLNPWDQVK,ecoli,ATCC 25922,1383.566379,3.141,heldout_test,-1,DBAASP
dbAMP_16164,KKWRKLLKKLKKLL,ecoli,ATCC 25922,1.106623784,0.044,heldout_test,-1,dbAMP
dbaasp_6925,GLNALKKVFQGIHKAIKLINNHVQ,ecoli,ATCC 25922,19.9986187,1.301,heldout_test,-1,DBAASP
dbaasp_18218,PFKLSLKL,ecoli,ATCC 25922,31.9889511,1.505,heldout_test,-1,DBAASP
dbaasp_17358,KLGKKLGKLGKKLGKLGKKLG,ecoli,ATCC 25922,3.999447498,0.602,heldout_test,-1,DBAASP
dbaasp_12594,LLRRLRRLL,ecoli,ATCC 25922,15.99558029,1.204,heldout_test,-1,DBAASP
dbaasp_3151,KLLKFIKTLL,ecoli,ATCC 25922,2.500345362,0.398,heldout_test,-1,DBAASP
dbaasp_3822,GLGSLVGNALRIGAKLL,ecoli,ATCC 25922,50.0034535,1.699,heldout_test,-1,DBAASP
dbaasp_9379,CKKLLKLCKKLLKLAG,ecoli,ATCC 25922,10,1,heldout_test,-1,DBAASP
dbAMP_19463,LRLKKRRWKLRVPP,ecoli,ATCC 25922,3.388441561,0.53,heldout_test,-1,dbAMP
dbaasp_8775,VKRWKKWRWKWKKWV,ecoli,ATCC 25922,4.246195639,0.628,heldout_test,-1,DBAASP
dbaasp_6926,GLNALKKVFQGIHEAIKLINKHVQ,ecoli,ATCC 25922,19.9986187,1.301,heldout_test,-1,DBAASP
dbaasp_15886,KKMKKALQYIKL,ecoli,ATCC 25922,100,2,heldout_test,-1,DBAASP
dbaasp_1578,SIITMTKEAKLPQLWKQIACRLYNTC,ecoli,ATCC 25922,19.7696964,1.296,heldout_test,-1,DBAASP
dbaasp_11933,GLNALKKVFQGIHEAIKKINNHVQ,ecoli,ATCC 25922,3.999447498,0.602,heldout_test,-1,DBAASP
dbaasp_20037,WNWTKRF,ecoli,ATCC 25922,1.963360277,0.293,heldout_test,-1,DBAASP
dbaasp_5021,HFLGTLVKLAKKIL,ecoli,ATCC 25922,7.99834255,0.903,heldout_test,-1,DBAASP
dbaasp_19553,ASVVKWLTKWVAKLLK,ecoli,ATCC 25922,3.999447498,0.602,heldout_test,-1,DBAASP
dbaasp_1470,FLPLLLAGLPKLLCLFFKKC,ecoli,ATCC 25922,14.99684836,1.176,heldout_test,-1,DBAASP
dbaasp_2173,GLLDTIKNTAKNLAVGLLDKIKCKMTGC,ecoli,ATCC 25922,2.999162519,0.477,heldout_test,-1,DBAASP
dbaasp_350,CVKVQVKVGSGVKVQVKVC,ecoli,ATCC 25922,0.01,-2,heldout_test,-1,DBAASP
dbaasp_10213,GILMDTFKGAAKNVAGFLLDKLKCKISGGC,ecoli,ATCC 25922,74.98942093,1.875,heldout_test,-1,DBAASP
dbaasp_17044,GGHIRRIIRKIIHIIKKGGC,ecoli,ATCC 25922,1.300169578,0.114,heldout_test,-1,DBAASP
dbaasp_14971,IRPIRP,ecoli,ATCC 25922,127.9381304,2.107,heldout_test,-1,DBAASP
dbaasp_11237,GKLGPLLKIAAKVGSNLL,ecoli,ATCC 25922,12.5025903,1.097,heldout_test,-1,DBAASP
dbaasp_8509,RRIRPRPPRLPRPRPC,ecoli,ATCC 25922,1,0,heldout_test,-1,DBAASP
dbaasp_8160,LKKLKGRVSRSFLFFVKLRPAKRTLKKRIL,ecoli,ATCC 25922,55.33501092,1.743,heldout_test,-1,DBAASP
dbaasp_12455,WWRRRW,ecoli,ATCC 25922,24.32204009,1.386,heldout_test,-1,DBAASP
dbaasp_1592,FLSGILKLAFKIPSVLCAVLKNC,ecoli,ATCC 25922,10.16248693,1.007,heldout_test,-1,DBAASP
dbaasp_7265,GVVDILKGAAKDIAGHLLSKVMNKL,ecoli,ATCC 25922,12.5025903,1.097,heldout_test,-1,DBAASP
dbaasp_14731,GWWRRTAAKVRK,ecoli,ATCC 25922,12.5025903,1.097,heldout_test,-1,DBAASP
dbAMP_25311,KARRAVRWI,ecoli,ATCC 25922,1.054386896,0.023,heldout_test,-1,dbAMP
dbaasp_7670,GWLDVAKKIGKAAFNVAKNFI,ecoli,ATCC 25922,3.999447498,0.602,heldout_test,-1,DBAASP
dbaasp_18226,PWKLSLKL,ecoli,ATCC 25922,15.99558029,1.204,heldout_test,-1,DBAASP
dbaasp_9630,LRWLRWG,ecoli,ATCC 25922,127.9381304,2.107,heldout_test,-1,DBAASP
dbaasp_20058,FWWRRRWWF,ecoli,ATCC 25922,7.99834255,0.903,heldout_test,-1,DBAASP
dbaasp_16910,GLKKVIKLLRPLL,ecoli,ATCC 25922,63.97348355,1.806,heldout_test,-1,DBAASP
dbaasp_6932,GLKALKKVFKGIHKAIKLINKHVK,ecoli,ATCC 25922,5.00034535,0.699,heldout_test,-1,DBAASP
dbaasp_15105,RKGSQMGKKCECP,ecoli,ATCC 25922,12.58925412,1.1,heldout_test,-1,DBAASP
dbaasp_1566,FLPIPRPILLGLL,ecoli,ATCC 25922,20.79696687,1.318,heldout_test,-1,DBAASP
dbaasp_4933,GLFNVFKGALKTAGKHVAGSLLNQLKCKVSGGC,ecoli,ATCC 25922,1.99986187,0.301,heldout_test,-1,DBAASP
dbaasp_5593,RLYRRLYRRLYRRLYRRLYRRLYRRLYRRLYR,ecoli,ATCC 25922,28.37919028,1.453,heldout_test,-1,DBAASP
dbaasp_9113,FLKGIVGMLGKLW,ecoli,ATCC 25922,2.999162519,0.477,heldout_test,-1,DBAASP
dbaasp_13042,KLLRHRLLVTLA,ecoli,ATCC 25922,2.208004733,0.344,heldout_test,-1,DBAASP
dbaasp_9730,FPISTLLKWWKG,ecoli,ATCC 25922,17.13957308,1.234,heldout_test,-1,DBAASP
dbAMP_17518,GLRKRLRKFRNKIKEKLKKIGQKIQGPLPKLAPRTDY,ecoli,ATCC 25922,0.909913273,-0.041,heldout_test,-1,dbAMP
dbaasp_4210,FLPIIAGMAAKVICAITKKC,ecoli,ATCC 25922,50.0034535,1.699,heldout_test,-1,DBAASP
dbaasp_18161,GIGKFLHSGSGSGSKLIKKALAALAKLNI,ecoli,ATCC 25922,10.99005839,1.041,heldout_test,-1,DBAASP
dbaasp_19843,FEPIVAKLLSGLL,ecoli,ATCC 25922,127.9381304,2.107,heldout_test,-1,DBAASP
dbaasp_20134,WLKKWLKKLL,ecoli,ATCC 25922,1.496235656,0.175,heldout_test,-1,DBAASP
dbaasp_7277,GVVDIAKGAAKDIAGHLASKVMNKL,ecoli,ATCC 25922,100,2,heldout_test,-1,DBAASP
dbaasp_9754,KIAKVALKALKIAKGALKAL,ecoli,ATCC 25922,0.749894209,-0.125,heldout_test,-1,DBAASP
dbaasp_4700,RRWQWRMKK,ecoli,ATCC 25922,188.7991349,2.276,heldout_test,-1,DBAASP
dbAMP_19462,LRLKKRRWKVRVPP,ecoli,ATCC 25922,27.54228703,1.44,heldout_test,-1,dbAMP
DRAMP01775,FLSGIVGMLGKLFGK,ecoli,ATCC 25922,10,1,heldout_test,-1,DRAMP
dbaasp_8018,AGYLLGKINLKPLAALAKKIL,ecoli,ATCC 25922,7.311390835,0.864,heldout_test,-1,DBAASP
dbaasp_17221,GFCWNVCVRRNGVRVCHRRCN,ecoli,ATCC 25922,0.099311605,-1.003,heldout_test,-1,DBAASP
dbaasp_3726,GFMATAKNVAKNMDVTLLDNLKCKITKAC,ecoli,ATCC 25922,2.624218543,0.419,heldout_test,-1,DBAASP
dbaasp_11734,KWCFAVCYRGICYRRCR,ecoli,ATCC 25922,0.057676646,-1.239,heldout_test,-1,DBAASP
dbaasp_17668,KWQWKWQWK,ecoli,ATCC 25922,35.97493352,1.556,heldout_test,-1,DBAASP
dbaasp_13913,RFRRLRWKTRWRLKKIWWPFLRR,ecoli,ATCC 25922,2.01372425,0.304,heldout_test,-1,DBAASP
dbaasp_12118,IHKFWRGGRWFKHI,ecoli,ATCC 25922,7.99834255,0.903,heldout_test,-1,DBAASP
dbaasp_8982,KRFWPVVIRTVVAGYNLYRAIKKK,ecoli,ATCC 25922,6.486344335,0.812,heldout_test,-1,DBAASP
dbaasp_7631,KLAKLAKKLAKLAK,ecoli,ATCC 25922,5.997910763,0.778,heldout_test,-1,DBAASP
dbaasp_10099,RWQWRWQWR,ecoli,ATCC 25922,26.91534804,1.43,heldout_test,-1,DBAASP
dbaasp_17434,GKKGGKGGKGKGK,ecoli,ATCC 25922,13.70881766,1.137,heldout_test,-1,DBAASP
dbaasp_1614,GLLDSVKEGLKKVAGQLLDTLKCKISGCTPA,ecoli,ATCC 25922,1.986094917,0.298,heldout_test,-1,DBAASP
dbaasp_16038,GGLRRLGRKILRAVKKYG,ecoli,ATCC 25922,6.251726928,0.796,heldout_test,-1,DBAASP
dbaasp_19292,GFLDTLKNIGKTVGGIALNVLT,ecoli,ATCC 25922,14.25607594,1.154,heldout_test,-1,DBAASP
dbAMP_19520,LRLKKRRWKYRVPV,ecoli,ATCC 25922,6.652731562,0.823,heldout_test,-1,dbAMP
dbaasp_19204,SWLSKTAKKLENSAKKRIAEGIAIAIQGGPR,ecoli,ATCC 25922,0.250034536,-0.602,heldout_test,-1,DBAASP
dbaasp_15848,RRWGWWWGWRR,ecoli,ATCC 25922,3.999447498,0.602,heldout_test,-1,DBAASP
dbaasp_18389,CPKRWGRWLRKIRRWRC,ecoli,ATCC 25922,13.67728826,1.136,heldout_test,-1,DBAASP
dbaasp_15885,KKMKKALQYIKLLK,ecoli,ATCC 25922,50.0034535,1.699,heldout_test,-1,DBAASP
dbaasp_19461,FIKAIARLLSKIF,ecoli,ATCC 25922,26.6072506,1.425,heldout_test,-1,DBAASP
dbaasp_14039,VIHGLFDVIKKVASVIGGL,ecoli,ATCC 25922,33.0369541,1.519,heldout_test,-1,DBAASP
dbaasp_9488,FFFLRRIF,ecoli,ATCC 25922,25.00345362,1.398,heldout_test,-1,DBAASP
dbaasp_15004,YYQVSEERRRDLASLARLYALAR,ecoli,ATCC 25922,251.7676928,2.401,heldout_test,-1,DBAASP
dbAMP_04157,GTKRGKLCRISRLAL,ecoli,ATCC 25922,149.9684836,2.176,heldout_test,-1,dbAMP
dbaasp_20185,CGRRWGWWRCRL,ecoli,ATCC 25922,4.94310687,0.694,heldout_test,-1,DBAASP
dbaasp_14659,FLQHIIGALGKLF,ecoli,ATCC 25922,12.5025903,1.097,heldout_test,-1,DBAASP
dbaasp_15843,RRWCWWWCWRR,ecoli,ATCC 25922,63.97348355,1.806,heldout_test,-1,DBAASP
dbaasp_11262,FFYNVIKIYGNMAGRISK,ecoli,ATCC 25922,127.9381304,2.107,heldout_test,-1,DBAASP
dbaasp_16765,LNLKALAAVAKKIL,ecoli,ATCC 25922,7.99834255,0.903,heldout_test,-1,DBAASP
dbaasp_11737,KWCFRVCARGICYRRCR,ecoli,ATCC 25922,0.027797133,-1.556,heldout_test,-1,DBAASP
dbaasp_1176,QKKIRVALSA,ecoli,ATCC 25922,14.62177174,1.165,heldout_test,-1,DBAASP
dbAMP_25438,LGGDNYGTFSGSNGNNFQHGSN,ecoli,ATCC 25922,112.2018454,2.05,heldout_test,-1,dbAMP
dbaasp_7012,KFFRKLAKSVKKAAKEFFKKPRVIGVSIPF,ecoli,ATCC 25922,1.150800389,0.061,heldout_test,-1,DBAASP
dbaasp_14710,AILRKATRRLVQLIVSG,ecoli,ATCC 25922,25.00345362,1.398,heldout_test,-1,DBAASP
dbaasp_5609,FLPIIGKLLSGLL,ecoli,ATCC 25922,1.832314422,0.263,heldout_test,-1,DBAASP
dbaasp_8076,FRCRRRFCRF,ecoli,ATCC 25922,3.999447498,0.602,heldout_test,-1,DBAASP
dbaasp_3745,FFSTSCRSGC,ecoli,ATCC 25922,92.89663868,1.968,heldout_test,-1,DBAASP
dbaasp_8816,FKRLKKLAKKIWNWK,ecoli,ATCC 25922,3.999447498,0.602,heldout_test,-1,DBAASP
dbaasp_20274,GGHILPWKWPWWPWRRGGC,ecoli,ATCC 25922,31.9889511,1.505,heldout_test,-1,DBAASP
dbaasp_11758,AWCARVCYRGICYRRCR,ecoli,ATCC 25922,0.944060876,-0.025,heldout_test,-1,DBAASP
dbaasp_11468,LNLKALLAVAKKIL,ecoli,ATCC 25922,3.999447498,0.602,heldout_test,-1,DBAASP
dbaasp_3658,IIPFVAGVAAEMMEHVYCAASKKC,ecoli,ATCC 25922,4.355118737,0.639,heldout_test,-1,DBAASP
dbaasp_17119,KRLFKKLLKYLRKF,ecoli,ATCC 25922,0.537031796,-0.27,heldout_test,-1,DBAASP
dbAMP_15849,AKKFGKAFVGEIM,ecoli,ATCC 25922,22.75097431,1.357,heldout_test,-1,dbAMP
dbaasp_8609,LIQRGRFGRFLGRIRRFRPRINFDIRARGSIRLG,ecoli,ATCC 25922,4.56036916,0.659,heldout_test,-1,DBAASP
dbaasp_10490,VLLRALARKITLGIKKYG,ecoli,ATCC 25922,50.0034535,1.699,heldout_test,-1,DBAASP
dbaasp_13955,GIIAGIAIKIKK,ecoli,ATCC 25922,63.97348355,1.806,heldout_test,-1,DBAASP
dbaasp_18648,RLRWWWRLR,ecoli,ATCC 25922,3.999447498,0.602,heldout_test,-1,DBAASP
dbaasp_12844,FKKLKKLFSKLKNWW,ecoli,ATCC 25922,1.599558029,0.204,heldout_test,-1,DBAASP
dbaasp_11085,KRFKKFFRKLKKSVKKRKKEFKKKPRVIKVSIPF,ecoli,ATCC 25922,1.866379691,0.271,heldout_test,-1,DBAASP
dbaasp_3461,WLKKLLKKLLK,ecoli,ATCC 25922,2.870780582,0.458,heldout_test,-1,DBAASP
dbaasp_9635,LKFLKFG,ecoli,ATCC 25922,127.9381304,2.107,heldout_test,-1,DBAASP
dbaasp_1600,AKAGGIGGHVIGQIVGVRIRGLGGNV,ecoli,ATCC 25922,20.51162179,1.312,heldout_test,-1,DBAASP
dbaasp_12110,GLLDFLKAAGKGLVSNLLEK,ecoli,ATCC 25922,14.99684836,1.176,heldout_test,-1,DBAASP
dbaasp_20144,KLLKWLKKWL,ecoli,ATCC 25922,1.496235656,0.175,heldout_test,-1,DBAASP
dbaasp_1567,FLIIRRPIVLGLL,ecoli,ATCC 25922,19.95262315,1.3,heldout_test,-1,DBAASP
dbaasp_5354,MAIVGTIIKIIKAIIDIFAK,ecoli,ATCC 25922,127.9381304,2.107,heldout_test,-1,DBAASP
dbaasp_7562,KLKKLLKKLLKL,ecoli,ATCC 25922,86.29785478,1.936,heldout_test,-1,DBAASP
dbaasp_17427,GRRGSGLGRSSSRGQRGSGSGR,ecoli,ATCC 25922,1.853531623,0.268,heldout_test,-1,DBAASP
dbaasp_12577,RFRPPIRRPPIRPPFYP,ecoli,ATCC 25922,15.99558029,1.204,heldout_test,-1,DBAASP
dbaasp_4836,ILPWKWPWWPWKK,ecoli,ATCC 25922,15.99558029,1.204,heldout_test,-1,DBAASP
dbaasp_4337,LVKRFKKFFRKLKKSVKK,ecoli,ATCC 25922,6.982324041,0.844,heldout_test,-1,DBAASP
dbaasp_15067,KRIVARIKAFLR,ecoli,ATCC 25922,1.25025903,0.097,heldout_test,-1,DBAASP
dbaasp_19464,FIKRIARLLSKIF,ecoli,ATCC 25922,6.295061829,0.799,heldout_test,-1,DBAASP
dbaasp_3723,GFMDTAKNVAKNMAGNLLDNLKCKITKAC,ecoli,ATCC 25922,1.614358557,0.208,heldout_test,-1,DBAASP
dbaasp_17074,FKRNVQRIKDFLR,ecoli,ATCC 25922,19.9986187,1.301,heldout_test,-1,DBAASP
dbaasp_3401,GLMDVFKGAAKNLLASALDKIRCKVTKC,ecoli,ATCC 25922,13.00169578,1.114,heldout_test,-1,DBAASP
dbaasp_1814,FLPFIAGMAANFLPKIFCAISKKC,ecoli,ATCC 25922,19.0107828,1.279,heldout_test,-1,DBAASP
dbaasp_19353,AHPKVKRKLKRMQRKKDGKQKRH,ecoli,ATCC 25922,4.365158322,0.64,heldout_test,-1,DBAASP
dbaasp_8626,GMLKRIKTLM,ecoli,ATCC 25922,199.986187,2.301,heldout_test,-1,DBAASP
dbaasp_475,KKAAAFAAAAAFAAWAAFAAAKKKK,ecoli,ATCC 25922,31.9889511,1.505,heldout_test,-1,DBAASP
dbAMP_24871,IKKIWSKIKKWWK,ecoli,ATCC 25922,29.99162519,1.477,heldout_test,-1,dbAMP
dbaasp_6923,GLKALKKVFQGIHEAIKLINNHVQ,ecoli,ATCC 25922,10,1,heldout_test,-1,DBAASP
dbaasp_17456,SHHRHFRSHQCRR,ecoli,ATCC 25922,18.53531623,1.268,heldout_test,-1,DBAASP
dbaasp_20012,AGLFKKLARAIKKGFKA,ecoli,ATCC 25922,5.12861384,0.71,heldout_test,-1,DBAASP
dbaasp_10532,GGTIFDCGESCFLGTCYTKGCSCGEWKLCYGTN,ecoli,ATCC 25922,159.9558029,2.204,heldout_test,-1,DBAASP
dbaasp_5618,GIGKLFLHAAKKFAKAFVAEKMNS,ecoli,ATCC 25922,0.301300602,-0.521,heldout_test,-1,DBAASP
dbAMP_25428,IWQWIVGGLGFLAGDAWSHSDQISSGIKKRKKKGYGY,ecoli,ATCC 25922,19.9986187,1.301,heldout_test,-1,dbAMP
dbaasp_19671,GYCFTACYARNGVRICYRRCN,ecoli,ATCC 25922,0.125025903,-0.903,heldout_test,-1,DBAASP
dbaasp_477,KKKKKKAAAFAAAAAFAAWAAFAAA,ecoli,ATCC 25922,15.99558029,1.204,heldout_test,-1,DBAASP
dbaasp_570,SWLSKTAKKLENSAKKRISEGIAIAIQGGPR,ecoli,ATCC 25922,0.500034535,-0.301,heldout_test,-1,DBAASP
dbAMP_02291,FPVTWGWWKWWKG,ecoli,ATCC 25922,17.45822153,1.242,heldout_test,-1,dbAMP
dbaasp_6753,RWWRYWR,ecoli,ATCC 25922,8.394599865,0.924,heldout_test,-1,DBAASP
dbaasp_1863,FLPIVGKLLSGLSGLS,ecoli,ATCC 25922,3.16227766,0.5,heldout_test,-1,DBAASP
dbaasp_17693,WRWWRWWRW,ecoli,ATCC 25922,7.99834255,0.903,heldout_test,-1,DBAASP
dbaasp_3713,GIFLKVLGVGKKVLCGVSGLC,ecoli,ATCC 25922,5.211947111,0.717,heldout_test,-1,DBAASP
dbaasp_4652,FFGWLIKGAIHAGKAIHGLIHRRRH,ecoli,ATCC 25922,2.992264637,0.476,heldout_test,-1,DBAASP
dbaasp_19889,KKFKETADKLIESAKQQLESLAKEMK,ecoli,ATCC 25922,399.0249024,2.601,heldout_test,-1,DBAASP
dbaasp_17932,GILDILNKVSNLF,ecoli,ATCC 25922,62.51726928,1.796,heldout_test,-1,DBAASP
dbaasp_18732,GILGKLWEGVKSII,ecoli,ATCC 25922,12.5025903,1.097,heldout_test,-1,DBAASP
dbaasp_20010,AGLFKKLARAIKKGFKK,ecoli,ATCC 25922,4.97737085,0.697,heldout_test,-1,DBAASP
dbaasp_10609,GCRRWCYKQRCVTYCRGR,ecoli,ATCC 25922,1.99986187,0.301,heldout_test,-1,DBAASP
dbaasp_15071,KRIVARIKAALR,ecoli,ATCC 25922,2.500345362,0.398,heldout_test,-1,DBAASP
dbaasp_16781,GNLKKLLAVAKKIL,ecoli,ATCC 25922,3.999447498,0.602,heldout_test,-1,DBAASP
dbaasp_3145,GLLKRIKFLL,ecoli,ATCC 25922,6.760829754,0.83,heldout_test,-1,DBAASP
dbaasp_7680,VQWRIRVAVIRK,ecoli,ATCC 25922,10.61695557,1.026,heldout_test,-1,DBAASP
dbaasp_15074,KRIVQRKKDKKR,ecoli,ATCC 25922,19.9986187,1.301,heldout_test,-1,DBAASP
dbaasp_16330,RWRFKWWKK,ecoli,ATCC 25922,26.73006409,1.427,heldout_test,-1,DBAASP
dbAMP_20710,WKKIWKPGIKKWIKGGGKK,ecoli,ATCC 25922,63.97348355,1.806,heldout_test,-1,dbAMP
dbaasp_16359,KRIVQRIKDFLRAGPRRLVRI,ecoli,ATCC 25922,3.111716337,0.493,heldout_test,-1,DBAASP
dbaasp_20059,WWWRRRWWW,ecoli,ATCC 25922,15.99558029,1.204,heldout_test,-1,DBAASP
dbaasp_16804,GLFDIVKKVVGALK,ecoli,ATCC 25922,21.97859873,1.342,heldout_test,-1,DBAASP
dbaasp_5843,FWGALAKGALKLIGPGSLFSSFSKKD,ecoli,ATCC 25922,12.5025903,1.097,heldout_test,-1,DBAASP
dbaasp_17301,RRGWARRLAFAFGRR,ecoli,ATCC 25922,12.5025903,1.097,heldout_test,-1,DBAASP
dbAMP_19458,LRLKKRRLKYRVPP,ecoli,ATCC 25922,13.83566379,1.141,heldout_test,-1,dbAMP
dbaasp_8433,VIPFVASVAAEMMQHVYCAASKRC,ecoli,ATCC 25922,1.927524913,0.285,heldout_test,-1,DBAASP
dbaasp_11066,WRKLWRGGLKRWLK,ecoli,ATCC 25922,1.99986187,0.301,heldout_test,-1,DBAASP
dbAMP_00448,APKGVQGPNG,ecoli,ATCC 25922,19.9986187,1.301,heldout_test,-1,dbAMP
dbaasp_6750,YRWARWWRR,ecoli,ATCC 25922,5.284452518,0.723,heldout_test,-1,DBAASP
dbaasp_7583,NGVQPKYKWWKWWKKWWW,ecoli,ATCC 25922,4.226686143,0.626,heldout_test,-1,DBAASP
dbaasp_14781,KRLFRKILKYL,ecoli,ATCC 25922,11.64126029,1.066,heldout_test,-1,DBAASP
dbaasp_11744,KWCFRVCYRGICYRACR,ecoli,ATCC 25922,0.115345326,-0.938,heldout_test,-1,DBAASP
dbAMP_19472,LTLKKRRWKYRVPP,ecoli,ATCC 25922,13.70881766,1.137,heldout_test,-1,dbAMP
dbaasp_5011,FALLGDFFRKSKEKIGKEFKRIVQRIKDFFRKLVPRTES,ecoli,ATCC 25922,1.054386896,0.023,heldout_test,-1,DBAASP
dbaasp_17682,WRIWRIWRIWRI,ecoli,ATCC 25922,7.99834255,0.903,heldout_test,-1,DBAASP
dbaasp_19356,FWGAAAKMLGKALPGLISMFQKN,ecoli,ATCC 25922,25.82260191,1.412,heldout_test,-1,DBAASP
dbaasp_4328,VKRFKKFFRKLKKSV,ecoli,ATCC 25922,2.079696687,0.318,heldout_test,-1,DBAASP
dbaasp_4584,KWLRRVWRWWR,ecoli,ATCC 25922,14.99684836,1.176,heldout_test,-1,DBAASP
dbaasp_20146,LKKWLKWLLK,ecoli,ATCC 25922,1.496235656,0.175,heldout_test,-1,DBAASP
dbAMP_21497,LLKLLKKLLKKLLKL,ecoli,ATCC 25922,10.99005839,1.041,heldout_test,-1,dbAMP
dbaasp_14344,KIRWWR,ecoli,ATCC 25922,16.82674061,1.226,heldout_test,-1,DBAASP
dbaasp_1866,FFPIVGKLLS,ecoli,ATCC 25922,27.22701308,1.435,heldout_test,-1,DBAASP
dbaasp_19474,FIKRIAKLLKKIF,ecoli,ATCC 25922,6.251726928,0.796,heldout_test,-1,DBAASP
dbaasp_16782,LNLKKLAAVAKKIL,ecoli,ATCC 25922,7.99834255,0.903,heldout_test,-1,DBAASP
dbaasp_2325,KLKLLKLLKLLKLLK,ecoli,ATCC 25922,2.999162519,0.477,heldout_test,-1,DBAASP
dbaasp_17021,WRWYCR,ecoli,ATCC 25922,16.98243652,1.23,heldout_test,-1,DBAASP
dbaasp_2023,KILRGVSKKIMRTFLRRILTGKK,ecoli,ATCC 25922,1.468926278,0.167,heldout_test,-1,DBAASP
dbaasp_352,CFKFKFKFGSGFKFKFKFC,ecoli,ATCC 25922,0.517606832,-0.286,heldout_test,-1,DBAASP
dbaasp_2044,GLWSTIKQKGKEAAIAAAKAAGQAALGAL,ecoli,ATCC 25922,1,0,heldout_test,-1,DBAASP
dbaasp_19468,FIRRIARLLRRIF,ecoli,ATCC 25922,5.834451043,0.766,heldout_test,-1,DBAASP
dbaasp_3709,GVFTLIKGATQLIGKTLGKELGKTGLEIMACKITKQC,ecoli,ATCC 25922,4.073802778,0.61,heldout_test,-1,DBAASP
dbaasp_17429,HGSRSGQSSRGERHGSSSGSSSH,ecoli,ATCC 25922,13.96368361,1.145,heldout_test,-1,DBAASP
dbaasp_4165,ILGPVLGLVSNTLDDVLGIL,ecoli,ATCC 25922,49.88844875,1.698,heldout_test,-1,DBAASP
dbaasp_11753,KWCSRVCYRGICYRRCR,ecoli,ATCC 25922,0.228034207,-0.642,heldout_test,-1,DBAASP
dbaasp_1431,KRRHWFPLSFQEFLEQLRRFRDQLPFP,ecoli,ATCC 25922,3.935500755,0.595,heldout_test,-1,DBAASP
dbaasp_19073,FWQVIKKVKKIVQWF,ecoli,ATCC 25922,1.99986187,0.301,heldout_test,-1,DBAASP
dbaasp_18728,GILGKLWEGVKSIA,ecoli,ATCC 25922,25.00345362,1.398,heldout_test,-1,DBAASP
dbaasp_4625,FVQWFSRFLGRIL,ecoli,ATCC 25922,11.99499303,1.079,heldout_test,-1,DBAASP
dbaasp_13682,WRVRWKTRWRVK,ecoli,ATCC 25922,3.999447498,0.602,heldout_test,-1,DBAASP
dbaasp_13890,RWCFRVCYRGICYRKCRG,ecoli,ATCC 25922,1,0,heldout_test,-1,DBAASP
dbaasp_13070,AARIILRYRFR,ecoli,ATCC 25922,7.99834255,0.903,heldout_test,-1,DBAASP
dbaasp_944,FLKWLFKWLKK,ecoli,ATCC 25922,32.88516309,1.517,heldout_test,-1,DBAASP
dbaasp_10355,FAKGIAGMAGKLF,ecoli,ATCC 25922,199.986187,2.301,heldout_test,-1,DBAASP
dbaasp_6667,KALWKTLLKKVLKA,ecoli,ATCC 25922,1.399587323,0.146,heldout_test,-1,DBAASP
dbaasp_19579,IIIKKIKKKIKKIII,ecoli,ATCC 25922,12.5025903,1.097,heldout_test,-1,DBAASP
dbaasp_17694,WRWWRWWRWWRW,ecoli,ATCC 25922,15.99558029,1.204,heldout_test,-1,DBAASP
dbaasp_11397,YKAWRWAWRWK,ecoli,ATCC 25922,4.634469197,0.666,heldout_test,-1,DBAASP
dbaasp_12511,GQLNKFIKKAQRKFHEKFAK,ecoli,ATCC 25922,127.9381304,2.107,heldout_test,-1,DBAASP
dbaasp_17082,FKRIVQRIKDGLR,ecoli,ATCC 25922,19.9986187,1.301,heldout_test,-1,DBAASP
dbaasp_3195,ALWKNMLKGIGKLAGQAALGAVKTLVGAES,ecoli,ATCC 25922,1.300169578,0.114,heldout_test,-1,DBAASP
dbaasp_11259,GSLHGFMYRYLKNMVLNLF,ecoli,ATCC 25922,31.9889511,1.505,heldout_test,-1,DBAASP
dbaasp_17068,FKRIAQRIKDFLR,ecoli,ATCC 25922,5.00034535,0.699,heldout_test,-1,DBAASP
dbaasp_4151,GIGGKILGGLKTALKGAAKELASTYLH,ecoli,ATCC 25922,7.09577768,0.851,heldout_test,-1,DBAASP
dbaasp_773,RVKRVWPLVIRTVIA,ecoli,ATCC 25922,6.902398038,0.839,heldout_test,-1,DBAASP
dbaasp_10924,GKPRPYSPKPTSHPRPIRV,ecoli,ATCC 25922,3.250872974,0.512,heldout_test,-1,DBAASP
dbaasp_15797,RRQQRWHDKSFKKAHLGTAVKA,ecoli,ATCC 25922,19.9986187,1.301,heldout_test,-1,DBAASP
dbaasp_17857,WRWWWRW,ecoli,ATCC 25922,7.99834255,0.903,heldout_test,-1,DBAASP
dbaasp_19935,WRTWRT,ecoli,ATCC 25922,63.97348355,1.806,heldout_test,-1,DBAASP
dbaasp_14734,GWWRRTVAKVAK,ecoli,ATCC 25922,12.5025903,1.097,heldout_test,-1,DBAASP
dbaasp_564,GKPRPYSPRPTSHPRPIRV,ecoli,ATCC 25922,0.749894209,-0.125,heldout_test,-1,DBAASP
dbAMP_01758,FIFHIIKGLFHAGKMIHGLVTRRRH,ecoli,ATCC 25922,1.482518085,0.171,heldout_test,-1,dbAMP
dbaasp_11171,GKEFKRIVWLSKTAKKL,ecoli,ATCC 25922,31.9889511,1.505,heldout_test,-1,DBAASP
dbaasp_19706,RVCIRVCYRGVCYRRCW,ecoli,ATCC 25922,0.250034536,-0.602,heldout_test,-1,DBAASP
dbaasp_19859,FLPKVKKLLEKLL,ecoli,ATCC 25922,7.99834255,0.903,heldout_test,-1,DBAASP
dbAMP_25314,KARRAVRAI,ecoli,ATCC 25922,5.482769649,0.739,heldout_test,-1,dbAMP
dbaasp_13855,GLLKRIKTLL,ecoli,ATCC 25922,2.857590543,0.456,heldout_test,-1,DBAASP
dbaasp_17423,GRHGSGLGHSSSHGQHGSGSGR,ecoli,ATCC 25922,15.3815464,1.187,heldout_test,-1,DBAASP
dbaasp_1608,FIGGLRRLFATVVGTVVGAINKLGGG,ecoli,ATCC 25922,4.897788194,0.69,heldout_test,-1,DBAASP
dbaasp_10635,WWWLRRIR,ecoli,ATCC 25922,25.00345362,1.398,heldout_test,-1,DBAASP
dbaasp_4565,WWSYVRRWRSR,ecoli,ATCC 25922,15.99558029,1.204,heldout_test,-1,DBAASP
dbaasp_12587,KKWRKWLAKK,ecoli,ATCC 25922,4.613175746,0.664,heldout_test,-1,DBAASP
dbaasp_16805,GLFDIVKKVVGALG,ecoli,ATCC 25922,23.01441817,1.362,heldout_test,-1,DBAASP
dbaasp_19705,RVCFRVCRNGVCYRRCW,ecoli,ATCC 25922,0.250034536,-0.602,heldout_test,-1,DBAASP
dbaasp_1860,FFPIVGKLLFGLSGLL,ecoli,ATCC 25922,0.734513868,-0.134,heldout_test,-1,DBAASP
dbaasp_17467,SHHRCRRSHRC,ecoli,ATCC 25922,22.5943577,1.354,heldout_test,-1,DBAASP
dbaasp_17854,IRWWWRI,ecoli,ATCC 25922,15.99558029,1.204,heldout_test,-1,DBAASP
dbaasp_7674,GWLDVAKKKGKAAFNVAKNFI,ecoli,ATCC 25922,7.99834255,0.903,heldout_test,-1,DBAASP
dbaasp_2196,GLFTLIKGAAKLIGKTVAKEAGKTGLELMACKITNQC,ecoli,ATCC 25922,2.679168325,0.428,heldout_test,-1,DBAASP
dbaasp_14711,RILAKATRRLVKLIVSG,ecoli,ATCC 25922,25.00345362,1.398,heldout_test,-1,DBAASP
dbaasp_12418,FFKLIPKLVKKLIKAFK,ecoli,ATCC 25922,1.199499303,0.079,heldout_test,-1,DBAASP
dbaasp_19465,FIKAIARLLRKIF,ecoli,ATCC 25922,12.73503081,1.105,heldout_test,-1,DBAASP
dbaasp_9909,FYTHVFRLKKWMQKVIDRFGG,ecoli,ATCC 25922,7.99834255,0.903,heldout_test,-1,DBAASP
dbaasp_10289,FRRFFKWPRRPFKFF,ecoli,ATCC 25922,4.797334486,0.681,heldout_test,-1,DBAASP
dbaasp_8866,LILGKLWKGVKSIF,ecoli,ATCC 25922,63.09573445,1.8,heldout_test,-1,DBAASP
dbaasp_20018,KRRKFWKKVLKKAKKIA,ecoli,ATCC 25922,4.385306978,0.642,heldout_test,-1,DBAASP
dbAMP_22058,RWLKKRRWKYYVPP,ecoli,ATCC 25922,4.083193863,0.611,heldout_test,-1,dbAMP
dbaasp_1597,AKAGGIPPHVIPQIVPVRIRPLCGNV,ecoli,ATCC 25922,18.62087137,1.27,heldout_test,-1,DBAASP
dbaasp_3732,GLFSKFAGKGIVNFLIEGVE,ecoli,ATCC 25922,14.48771854,1.161,heldout_test,-1,DBAASP
dbaasp_4736,GFFKKAWRKVKHAGRRVLDTAKGVGRHYVNNWLNRYR,ecoli,ATCC 25922,1.790605854,0.253,heldout_test,-1,DBAASP
dbaasp_10291,LLGMIPVAITAISALSKL,ecoli,ATCC 25922,100,2,heldout_test,-1,DBAASP
dbaasp_5247,RRIRPRPPRLPRPRPRPL,ecoli,ATCC 25922,1.99986187,0.301,heldout_test,-1,DBAASP
dbaasp_9626,WRWKWRWK,ecoli,ATCC 25922,11.88502227,1.075,heldout_test,-1,DBAASP
dbaasp_12603,RRFRFFFRFRR,ecoli,ATCC 25922,1.99986187,0.301,heldout_test,-1,DBAASP
dbaasp_5829,PRPRPRPLPFPRPG,ecoli,ATCC 25922,500.034535,2.699,heldout_test,-1,DBAASP
dbaasp_6929,GLKALKKVFKGIHKAIKLINNHVQ,ecoli,ATCC 25922,5.00034535,0.699,heldout_test,-1,DBAASP
dbaasp_3674,GLLDTFKNLALNAAESAGVSVLNSLSCKLSKTC,ecoli,ATCC 25922,5.970352866,0.776,heldout_test,-1,DBAASP
dbaasp_5390,KRFKKFFKKLKNSVKKRAKKFFKKPRVIGVSIPF,ecoli,ATCC 25922,0.060394863,-1.219,heldout_test,-1,DBAASP
dbaasp_17865,VWRWWWRWV,ecoli,ATCC 25922,3.999447498,0.602,heldout_test,-1,DBAASP
dbaasp_5586,RLYRRLYRRLYRRLYR,ecoli,ATCC 25922,0.699841996,-0.155,heldout_test,-1,DBAASP
dbaasp_1887,GLWNTIKEAGKKFAINVLDKIRCGIAGGCKT,ecoli,ATCC 25922,149.9684836,2.176,heldout_test,-1,DBAASP
dbaasp_18132,KWKSFLKTFKSAKKTVLHTLKKAISS,ecoli,ATCC 25922,0.334965439,-0.475,heldout_test,-1,DBAASP
dbaasp_628,GRFKRFRKKFKKLFKKLS,ecoli,ATCC 25922,1.99986187,0.301,heldout_test,-1,DBAASP
dbaasp_19255,RRIRPRPPRLPRPRPRPLPFPR,ecoli,ATCC 25922,0.500034535,-0.301,heldout_test,-1,DBAASP
dbAMP_24867,RAGLQFLVGRVHRLLRK,ecoli,ATCC 25922,25.00345362,1.398,heldout_test,-1,dbAMP
dbaasp_17656,GLLKRLKTLA,ecoli,ATCC 25922,255.8585887,2.408,heldout_test,-1,DBAASP
dbaasp_5246,PRPPRLPRPRPRPLPFPRP,ecoli,ATCC 25922,63.97348355,1.806,heldout_test,-1,DBAASP
dbaasp_20044,WWRRRWW,ecoli,ATCC 25922,31.9889511,1.505,heldout_test,-1,DBAASP
dbaasp_18658,FIIGGLFSAGKAIHRLIRRRRR,ecoli,ATCC 25922,98.62794856,1.994,heldout_test,-1,DBAASP
dbaasp_11912,PRFRWRIRI,ecoli,ATCC 25922,2.500345362,0.398,heldout_test,-1,DBAASP
dbaasp_14033,LWKAAAKAAAKLL,ecoli,ATCC 25922,1,0,heldout_test,-1,DBAASP
dbaasp_7273,GVVDILKGALKDIAGHLASKVMNKL,ecoli,ATCC 25922,12.5025903,1.097,heldout_test,-1,DBAASP
dbaasp_19256,IAKAILPLALKALKNLIK,ecoli,ATCC 25922,1.99986187,0.301,heldout_test,-1,DBAASP
dbaasp_18788,GWWRRTVDKVRNAGRKV,ecoli,ATCC 25922,123.8796587,2.093,heldout_test,-1,DBAASP
dbaasp_3103,FLSSIGKILGNLL,ecoli,ATCC 25922,39.99447498,1.602,heldout_test,-1,DBAASP
dbaasp_4339,VKRFKKFFRKLKKS,ecoli,ATCC 25922,70.30723199,1.847,heldout_test,-1,DBAASP
dbaasp_3767,GLGSLLGKAFKIGLKTVGKMMGGAPREQ,ecoli,ATCC 25922,5.00034535,0.699,heldout_test,-1,DBAASP
dbaasp_16204,LRCDYGRFFASKSLYDPLKKRR,ecoli,ATCC 25922,739.6052751,2.869,heldout_test,-1,DBAASP
dbaasp_14267,VRRFPWWAPFLRR,ecoli,ATCC 25922,7.99834255,0.903,heldout_test,-1,DBAASP
dbaasp_3673,GLLDTFKNMAINAAHGAGVSVLNALSCKLKKTC,ecoli,ATCC 25922,1.866379691,0.271,heldout_test,-1,DBAASP
dbaasp_9526,RVKRVWPLVIRTVIAGYNLYRAIKKK,ecoli,ATCC 25922,0.009594006,-2.018,heldout_test,-1,DBAASP
dbaasp_2199,GVLGTVKNLLIGAGKSAAQSVLKTLSCKLSNDC,ecoli,ATCC 25922,5.997910763,0.778,heldout_test,-1,DBAASP
dbaasp_14704,GKLLVKKIVSLVRSA,ecoli,ATCC 25922,25.00345362,1.398,heldout_test,-1,DBAASP
dbaasp_13685,WRLRWRTRWRLR,ecoli,ATCC 25922,3.999447498,0.602,heldout_test,-1,DBAASP
dbAMP_19510,LRLKKRRWKYYVPP,ecoli,ATCC 25922,3.288516309,0.517,heldout_test,-1,dbAMP
dbaasp_9764,RWKRWWRWI,ecoli,ATCC 25922,4.265795188,0.63,heldout_test,-1,DBAASP
dbaasp_18380,CRWGRWLRKIRRWRPK,ecoli,ATCC 25922,3.580964371,0.554,heldout_test,-1,DBAASP
dbAMP_15981,KLLKWWKKLL,ecoli,ATCC 25922,7.99834255,0.903,heldout_test,-1,dbAMP
dbaasp_1802,FLPMLAGLAASMVPKFVCLITKKC,ecoli,ATCC 25922,15.99558029,1.204,heldout_test,-1,DBAASP
dbaasp_14343,KIKRWWR,ecoli,ATCC 25922,7.396052751,0.869,heldout_test,-1,DBAASP
dbaasp_4358,GVVDILKGAAKDIAGHLASKVMNKL,ecoli,ATCC 25922,100,2,heldout_test,-1,DBAASP
dbaasp_14661,GGFKCRRWQWRMKKLGAPSITCVRRAFLPETGG,ecoli,ATCC 25922,3.999447498,0.602,heldout_test,-1,DBAASP
dbaasp_17352,KLAKKLAKLAKKLA,ecoli,ATCC 25922,5.997910763,0.778,heldout_test,-1,DBAASP
dbaasp_3741,IPWKLPATFRPVERPFSKPFCRKD,ecoli,ATCC 25922,34.51437393,1.538,heldout_test,-1,DBAASP
dbaasp_15888,RWKKIGKVWKWI,ecoli,ATCC 25922,7.99834255,0.903,heldout_test,-1,DBAASP
dbaasp_5050,KKIMRTFLRR,ecoli,ATCC 25922,192.3091729,2.284,heldout_test,-1,DBAASP
dbaasp_16892,GLFDIVKKVAG,ecoli,ATCC 25922,221.309471,2.345,heldout_test,-1,DBAASP
dbaasp_5860,LVQRGRFGRFLRKI,ecoli,ATCC 25922,15.99558029,1.204,heldout_test,-1,DBAASP
dbaasp_18820,RWIHIPGRWIHI,ecoli,ATCC 25922,1.499684836,0.176,heldout_test,-1,DBAASP
dbaasp_3257,KKLLKWLLKLL,ecoli,ATCC 25922,4.570881896,0.66,heldout_test,-1,DBAASP
dbaasp_3717,GILSGVLGMGKKIVCGLSGLC,ecoli,ATCC 25922,2.21309471,0.345,heldout_test,-1,DBAASP
dbaasp_9873,WGRAFSAGVHRLARGGRG,ecoli,ATCC 25922,66.98846094,1.826,heldout_test,-1,DBAASP
dbaasp_11798,GLRKRLRKFRNKIKEKLKKIGQKDQGLLPKLAPRTDY,ecoli,ATCC 25922,14.48771854,1.161,heldout_test,-1,DBAASP
dbAMP_18744,CILCKKILKYL,ecoli,ATCC 25922,3.999447498,0.602,heldout_test,-1,dbAMP
dbaasp_8242,GMASKAGAIAGKIAKVAWKAL,ecoli,ATCC 25922,12.5025903,1.097,heldout_test,-1,DBAASP
dbaasp_13673,RRLRKKTWKRLW,ecoli,ATCC 25922,15.99558029,1.204,heldout_test,-1,DBAASP
dbaasp_17222,GFCWYVCVKRNGVRSCYRRCN,ecoli,ATCC 25922,0.048977882,-1.31,heldout_test,-1,DBAASP
dbaasp_4667,FLPLIGRVLAGIL,ecoli,ATCC 25922,39.99447498,1.602,heldout_test,-1,DBAASP
dbaasp_265,KWKSFLKTFKSAKKTVLHTALKAISS,ecoli,ATCC 25922,0.341192912,-0.467,heldout_test,-1,DBAASP
dbaasp_7677,VCWRIRVAVIRA,ecoli,ATCC 25922,44.97798549,1.653,heldout_test,-1,DBAASP
dbaasp_19599,LNPLIKAGIFILKHRRPIGRGIEITGRGIKKFFSK,ecoli,ATCC 25922,0.500034535,-0.301,heldout_test,-1,DBAASP
dbaasp_6935,GLNALKKVFQGFHEAIKLINNHVQ,ecoli,ATCC 25922,79.9834255,1.903,heldout_test,-1,DBAASP
dbaasp_17685,WRLWRLWRL,ecoli,ATCC 25922,15.99558029,1.204,heldout_test,-1,DBAASP
dbaasp_20232,VFHLLGKIIHHVGNFVYGFSHVF,ecoli,ATCC 25922,6.039486294,0.781,heldout_test,-1,DBAASP
dbaasp_7587,NGVQPKYRWWRWWRRWWWW,ecoli,ATCC 25922,31.33285724,1.496,heldout_test,-1,DBAASP
dbaasp_6384,INLKAIAALAKKLF,ecoli,ATCC 25922,10.69054879,1.029,heldout_test,-1,DBAASP
dbaasp_19463,FIGAIARLLRKIF,ecoli,ATCC 25922,13.33521432,1.125,heldout_test,-1,DBAASP
dbaasp_5245,RRIRPRPPRLPRPRPRPLPFPRP,ecoli,ATCC 25922,0.500034535,-0.301,heldout_test,-1,DBAASP
dbaasp_17599,RQIRRWWQR,ecoli,ATCC 25922,18.28100216,1.262,heldout_test,-1,DBAASP
dbaasp_1440,KWKSFLKTFKSALKTVLHTALKAISS,ecoli,ATCC 25922,3.999447498,0.602,heldout_test,-1,DBAASP
dbaasp_16333,RRIRFPFPPFPWQWPPAGFPTFHIPRIPRKQ,ecoli,ATCC 25922,15.99558029,1.204,heldout_test,-1,DBAASP
dbaasp_14884,GLFDIIKAIAESF,ecoli,ATCC 25922,90.99132726,1.959,heldout_test,-1,DBAASP
dbaasp_1645,FGLPMLSILPKALCILLKRKC,ecoli,ATCC 25922,11.99499303,1.079,heldout_test,-1,DBAASP
dbaasp_3888,NALSSPRNKCDRASSCFG,ecoli,ATCC 25922,26.36331386,1.421,heldout_test,-1,DBAASP
dbaasp_15064,KRIVQRIKDKLR,ecoli,ATCC 25922,5.00034535,0.699,heldout_test,-1,DBAASP
dbaasp_5317,RIIDLLWRVRRPQKPKFVTVWVR,ecoli,ATCC 25922,3.999447498,0.602,heldout_test,-1,DBAASP
dbaasp_12119,IHKFWRRWFKHI,ecoli,ATCC 25922,15.99558029,1.204,heldout_test,-1,DBAASP
dbaasp_18653,RVVRWWWRVVR,ecoli,ATCC 25922,7.99834255,0.903,heldout_test,-1,DBAASP
dbaasp_20022,LAKKLKEYLEKLV,ecoli,ATCC 25922,82.22426499,1.915,heldout_test,-1,DBAASP
dbaasp_17250,FLKFLKKLL,ecoli,ATCC 25922,14.12537545,1.15,heldout_test,-1,DBAASP
dbAMP_00571,ASITHVKNRGKYIYMHLKFRKTNVLI,ecoli,ATCC 25922,25.00345362,1.398,heldout_test,-1,dbAMP
dbaasp_8773,VKRWKKWWRKLKKSV,ecoli,ATCC 25922,9.204495718,0.964,heldout_test,-1,DBAASP
dbaasp_17355,KLAKLAKKLAKLAKKLAKLAK,ecoli,ATCC 25922,3.999447498,0.602,heldout_test,-1,DBAASP
dbaasp_8450,WRWRWR,ecoli,ATCC 25922,7.294575103,0.863,heldout_test,-1,DBAASP
dbaasp_11884,WLNALKKVFQGIHEAIKLINNHVQ,ecoli,ATCC 25922,15.99558029,1.204,heldout_test,-1,DBAASP
dbaasp_14878,GAFDIIKKIAESF,ecoli,ATCC 25922,180.3017741,2.256,heldout_test,-1,DBAASP
dbaasp_13760,GLFDVIRRVASVIGGL,ecoli,ATCC 25922,19.36421964,1.287,heldout_test,-1,DBAASP
dbaasp_14721,WWRRTVAKVRNAGRK,ecoli,ATCC 25922,6.295061829,0.799,heldout_test,-1,DBAASP
dbaasp_19197,SWLSKTWKKLENSGKKRIAEGIAIALKGGAR,ecoli,ATCC 25922,0.500034535,-0.301,heldout_test,-1,DBAASP
dbaasp_256,LKLLKKLLKKLLKLL,ecoli,ATCC 25922,13.00169578,1.114,heldout_test,-1,DBAASP
dbaasp_2156,AIGSILGALAKGLPTLISWIKNR,ecoli,ATCC 25922,12.5025903,1.097,heldout_test,-1,DBAASP
dbaasp_19556,ASVVKWLWKWVWKLLK,ecoli,ATCC 25922,15.99558029,1.204,heldout_test,-1,DBAASP
dbAMP_25151,DIFGAIWPLALGALKNLIK,ecoli,ATCC 25922,63.97348355,1.806,heldout_test,-1,dbAMP
dbaasp_8252,GMASKAGAIAGKIAKVAWKALGGS,ecoli,ATCC 25922,12.5025903,1.097,heldout_test,-1,DBAASP
dbaasp_12911,AVKKLLRWWSRWWKK,ecoli,ATCC 25922,97.49896377,1.989,heldout_test,-1,DBAASP
dbAMP_24870,IKKILSKIKKWWK,ecoli,ATCC 25922,29.99162519,1.477,heldout_test,-1,dbAMP
dbaasp_15050,KRIVQAIKDFLR,ecoli,ATCC 25922,39.99447498,1.602,heldout_test,-1,DBAASP
dbaasp_4554,LRRLWLRANRLLRRLWLRANRL,ecoli,ATCC 25922,3.999447498,0.602,heldout_test,-1,DBAASP
dbaasp_11302,FPVTWRWWRWWRG,ecoli,ATCC 25922,7.99834255,0.903,heldout_test,-1,DBAASP
dbaasp_3150,GLLKVIKVLL,ecoli,ATCC 25922,26.00159563,1.415,heldout_test,-1,DBAASP
dbaasp_12758,GKKYRRFRWKFKGKLFLFG,ecoli,ATCC 25922,3.273406949,0.515,heldout_test,-1,DBAASP
dbaasp_12760,GRRYKKFRWKFKGLFLFLG,ecoli,ATCC 25922,26.36331386,1.421,heldout_test,-1,DBAASP
dbaasp_19940,WRSWRSWRSWRS,ecoli,ATCC 25922,7.99834255,0.903,heldout_test,-1,DBAASP
dbAMP_16052,GIMSSLMKKLAKHIAK,ecoli,ATCC 25922,19.27524913,1.285,heldout_test,-1,dbAMP
dbaasp_1892,FLPMLAGLAANFLPKIVCKITKKC,ecoli,ATCC 25922,74.98942093,1.875,heldout_test,-1,DBAASP
dbaasp_3465,KLLKWLKKLLK,ecoli,ATCC 25922,1.435489433,0.157,heldout_test,-1,DBAASP
dbaasp_13825,GLLSAAKAAGKLL,ecoli,ATCC 25922,25.00345362,1.398,heldout_test,-1,DBAASP
dbaasp_946,FAKWAFKWLKK,ecoli,ATCC 25922,8.7096359,0.94,heldout_test,-1,DBAASP
dbAMP_03967,GRADYNFGYGLGRGTRKFFNGIGRWVRKTF,ecoli,ATCC 25922,1.99986187,0.301,heldout_test,-1,dbAMP
dbaasp_2170,GLFSILKGVGKIALKGLAKNMGKMGLDLVSCKISKEC,ecoli,ATCC 25922,1,0,heldout_test,-1,DBAASP
dbAMP_27346,RSMRLSFRARGYGFR,ecoli,ATCC 25922,4.345102242,0.638,heldout_test,-1,dbAMP
dbaasp_13960,GIIAGIIIKIKA,ecoli,ATCC 25922,127.9381304,2.107,heldout_test,-1,DBAASP
dbaasp_11264,ANRLLEAYKMLLKFLGNLR,ecoli,ATCC 25922,3.999447498,0.602,heldout_test,-1,DBAASP
dbaasp_15149,WKWKWENGKWKWQW,ecoli,ATCC 25922,31.9889511,1.505,heldout_test,-1,DBAASP
dbaasp_8371,RPKHPIKHQGLPQEVLNENLLRFFVAPFPEVFGK,ecoli,ATCC 25922,31.55004623,1.499,heldout_test,-1,DBAASP
dbaasp_19703,RVCIRVCRNGVCYRRCW,ecoli,ATCC 25922,0.500034535,-0.301,heldout_test,-1,DBAASP
dbaasp_20019,KRRKFWKKVLKKLKKIL,ecoli,ATCC 25922,2.10862815,0.324,heldout_test,-1,DBAASP
dbAMP_27542,KTLLKKVLKAAA,ecoli,ATCC 25922,63.97348355,1.806,heldout_test,-1,dbAMP
dbaasp_13840,GLSLLLSLLLGKL,ecoli,ATCC 25922,25.00345362,1.398,heldout_test,-1,DBAASP
dbAMP_25154,MGAIIKAGAKIIGKGLLGGAAGGATYGGLKKIFG,ecoli,ATCC 25922,3.999447498,0.602,heldout_test,-1,dbAMP
dbaasp_5286,GFISTVKNLATNVAGTVIDTIKCKVTGGC,ecoli,ATCC 25922,109.9005839,2.041,heldout_test,-1,DBAASP
dbaasp_17815,GKKWGGWKAK,ecoli,ATCC 25922,221.819642,2.346,heldout_test,-1,DBAASP
dbaasp_8799,KQIKIWFQNKKMKWKK,ecoli,ATCC 25922,50.0034535,1.699,heldout_test,-1,DBAASP
dbaasp_11236,GIKDLLKGAAKALVKTVLK,ecoli,ATCC 25922,1.698243652,0.23,heldout_test,-1,DBAASP
dbaasp_19641,KFAKFAKKFAKFAKGGQFFGLM,ecoli,ATCC 25922,3.228494122,0.509,heldout_test,-1,DBAASP
dbaasp_10788,PRVIETKVHGREVTGLARNVSEENVDRLAKRWIK,ecoli,ATCC 25922,38.10658234,1.581,heldout_test,-1,DBAASP
dbaasp_16896,KIAKRIWKILRRRLFRR,ecoli,ATCC 25922,6.823386941,0.834,heldout_test,-1,DBAASP
dbaasp_18376,RWRPKRWGRWLRKIR,ecoli,ATCC 25922,3.749730022,0.574,heldout_test,-1,DBAASP
dbaasp_17251,FLKPLKKLL,ecoli,ATCC 25922,118.3041556,2.073,heldout_test,-1,DBAASP
dbaasp_19354,FLGALLKIGAKLLPSVVGLFKKKQQ,ecoli,ATCC 25922,5.902010802,0.771,heldout_test,-1,DBAASP
dbaasp_12241,KRSKRKRRIHQRVRIS,ecoli,ATCC 25922,23.98832919,1.38,heldout_test,-1,DBAASP
dbaasp_3148,GLLKRIKKLL,ecoli,ATCC 25922,8.590135215,0.934,heldout_test,-1,DBAASP
dbaasp_20081,ARWRRRWRA,ecoli,ATCC 25922,31.9889511,1.505,heldout_test,-1,DBAASP
dbaasp_5248,RRIRPRPPRLPRPRPR,ecoli,ATCC 25922,0.500034535,-0.301,heldout_test,-1,DBAASP
dbaasp_13812,GLASLLSLLGKLL,ecoli,ATCC 25922,25.00345362,1.398,heldout_test,-1,DBAASP
dbaasp_4664,FLPLIGRALSGIL,ecoli,ATCC 25922,39.99447498,1.602,heldout_test,-1,DBAASP
dbaasp_4855,WFRKQLKW,ecoli,ATCC 25922,0.853100114,-0.069,heldout_test,-1,DBAASP
dbaasp_17013,KLLKLLKKPLKLLK,ecoli,ATCC 25922,79.9834255,1.903,heldout_test,-1,DBAASP
dbaasp_4158,SIGAKILGGVKTFFKGALKELAFTYLQ,ecoli,ATCC 25922,34.67368505,1.54,heldout_test,-1,DBAASP
dbaasp_14273,GLKEIFKAGLGSLVKGIAAHVAS,ecoli,ATCC 25922,15.2054753,1.182,heldout_test,-1,DBAASP
dbaasp_8074,IRCRRRFCRI,ecoli,ATCC 25922,7.99834255,0.903,heldout_test,-1,DBAASP
dbaasp_482,KKKKKKAAFAAWAAFAA,ecoli,ATCC 25922,7.99834255,0.903,heldout_test,-1,DBAASP
dbaasp_14198,RWRWWWRWRI,ecoli,ATCC 25922,15.99558029,1.204,heldout_test,-1,DBAASP
dbaasp_16905,RWWWAA,ecoli,ATCC 25922,63.97348355,1.806,heldout_test,-1,DBAASP
dbaasp_9327,GRRPRPRPRPWWW,ecoli,ATCC 25922,10,1,heldout_test,-1,DBAASP
dbaasp_18375,RKIRRWRPKRWGRWL,ecoli,ATCC 25922,7.498942093,0.875,heldout_test,-1,DBAASP
dbaasp_19551,ASVVKKLWKGVWKLLK,ecoli,ATCC 25922,1,0,heldout_test,-1,DBAASP
dbaasp_2857,KWLKKWL,ecoli,ATCC 25922,81.28305162,1.91,heldout_test,-1,DBAASP
dbaasp_18824,RWLKLNGRWLKL,ecoli,ATCC 25922,10,1,heldout_test,-1,DBAASP
dbaasp_4195,GFMDTAKNVAKNVAVTLIDKLRCKVTGGC,ecoli,ATCC 25922,13.00169578,1.114,heldout_test,-1,DBAASP
dbAMP_17006,GRKLWRKWLKRWLP,ecoli,ATCC 25922,3.999447498,0.602,heldout_test,-1,dbAMP
dbaasp_18223,PFRLRLRL,ecoli,ATCC 25922,7.99834255,0.903,heldout_test,-1,DBAASP
dbaasp_12620,AKKVFKRLPKLPSKIWNWK,ecoli,ATCC 25922,1.99986187,0.301,heldout_test,-1,DBAASP
dbaasp_1593,FRSGILKLASKIGSVLCAVLKNC,ecoli,ATCC 25922,20.79696687,1.318,heldout_test,-1,DBAASP
dbaasp_17612,RQIWWWWQR,ecoli,ATCC 25922,4.385306978,0.642,heldout_test,-1,DBAASP
dbaasp_4215,FLPVIAGVAANFLPKLFCAISKKC,ecoli,ATCC 25922,50.0034535,1.699,heldout_test,-1,DBAASP
dbaasp_12591,FKKLKKLFSKLWNWK,ecoli,ATCC 25922,1.599558029,0.204,heldout_test,-1,DBAASP
dbaasp_9370,LKKLLKLLKKLLKLAG,ecoli,ATCC 25922,5.00034535,0.699,heldout_test,-1,DBAASP
dbaasp_19521,AKVVKKLTKGVAGLLK,ecoli,ATCC 25922,63.97348355,1.806,heldout_test,-1,DBAASP
dbaasp_16528,RRWQWRMKKLGA,ecoli,ATCC 25922,6.251726928,0.796,heldout_test,-1,DBAASP
dbaasp_14262,VRRFPYYWPFLRR,ecoli,ATCC 25922,31.9889511,1.505,heldout_test,-1,DBAASP
dbaasp_3736,VVKFSYRKGSPAPQKN,ecoli,ATCC 25922,111.9437883,2.049,heldout_test,-1,DBAASP
dbaasp_10245,FIHHIIGALGHLF,ecoli,ATCC 25922,13.21295634,1.121,heldout_test,-1,DBAASP
dbaasp_15609,GWLRDFGKRIERTGQNIRDATIQTIGIAQEAANVAATLK,ecoli,ATCC 25922,7.498942093,0.875,heldout_test,-1,DBAASP
dbaasp_3152,KLLKRIKKLL,ecoli,ATCC 25922,29.99162519,1.477,heldout_test,-1,DBAASP
dbaasp_14235,RWRWWWRWRA,ecoli,ATCC 25922,1.99986187,0.301,heldout_test,-1,DBAASP
dbAMP_19514,LRLKKRRWKYRVPR,ecoli,ATCC 25922,3.19889511,0.505,heldout_test,-1,dbAMP
dbaasp_14036,GGHKWKLFKKIGAVLKVL,ecoli,ATCC 25922,1.99986187,0.301,heldout_test,-1,DBAASP
dbaasp_16770,LNLKALLAVAKKIA,ecoli,ATCC 25922,7.99834255,0.903,heldout_test,-1,DBAASP
dbaasp_13736,KDRPKKPGLCPAAKKAAAAKA,ecoli,ATCC 25922,14.85935642,1.172,heldout_test,-1,DBAASP
dbaasp_18814,RWFKFPGRWFKF,ecoli,ATCC 25922,2.301441817,0.362,heldout_test,-1,DBAASP
dbaasp_18159,INLKAIAALGKKLL,ecoli,ATCC 25922,177.0108958,2.248,heldout_test,-1,DBAASP
dbaasp_4209,FFPIIAGMAAKLIPSLFCKITKKC,ecoli,ATCC 25922,13.00169578,1.114,heldout_test,-1,DBAASP
dbaasp_11385,RGGRLCYCRRRFCVCVGR,ecoli,ATCC 25922,0.660693448,-0.18,heldout_test,-1,DBAASP
dbaasp_1046,FWQRNIRIRR,ecoli,ATCC 25922,87.70008211,1.943,heldout_test,-1,DBAASP
dbaasp_9902,WRNGRWWRNGRW,ecoli,ATCC 25922,1.99986187,0.301,heldout_test,-1,DBAASP
dbaasp_1562,GLHKVMREVLGYERNSYKKFFLR,ecoli,ATCC 25922,10.51961874,1.022,heldout_test,-1,DBAASP
dbaasp_17111,GLFKIIKKIAKSF,ecoli,ATCC 25922,16.943378,1.229,heldout_test,-1,DBAASP
dbaasp_12232,KWKLFKKIHKVGQNIRKGIIKAGPAVAVVGQAAQIAK,ecoli,ATCC 25922,1.782378767,0.251,heldout_test,-1,DBAASP
dbAMP_16721,GCRRLCYKQRCVTYCRGPPR,ecoli,ATCC 25922,3.999447498,0.602,heldout_test,-1,dbAMP
dbaasp_3686,SFLDTLKNLAISAAKGAGQSVLSTLSCKLSKTC,ecoli,ATCC 25922,3.926449354,0.594,heldout_test,-1,DBAASP
dbaasp_1971,SILDKIKNVALGVARGAGTGILKALLCKLDKSC,ecoli,ATCC 25922,29.99162519,1.477,heldout_test,-1,DBAASP
dbaasp_3254,KLLKWLLK,ecoli,ATCC 25922,97.7237221,1.99,heldout_test,-1,DBAASP
dbaasp_11757,KWCFVCYRGICYRRCG,ecoli,ATCC 25922,4.008667176,0.603,heldout_test,-1,DBAASP
dbaasp_7116,FPVTWRTKWWKG,ecoli,ATCC 25922,15.48816619,1.19,heldout_test,-1,DBAASP
dbaasp_1891,FLSTLLNVASKVVPTLFCKITKKC,ecoli,ATCC 25922,149.9684836,2.176,heldout_test,-1,DBAASP
dbaasp_13646,KWVKKWVKKWVK,ecoli,ATCC 25922,1,0,heldout_test,-1,DBAASP
dbaasp_17389,WNWSKSF,ecoli,ATCC 25922,2.13796209,0.33,heldout_test,-1,DBAASP
dbaasp_15838,VVVAAAKKK,ecoli,ATCC 25922,35.72728382,1.553,heldout_test,-1,DBAASP
DRAMP01411,GILSGLLGVGKMLVCGLSGLC,ecoli,ATCC 25922,2.999162519,0.477,heldout_test,-1,DRAMP
dbAMP_24775,ALLKLAPRLLAGIF,ecoli,ATCC 25922,29.99162519,1.477,heldout_test,-1,dbAMP
dbaasp_13815,GLLSLLSALGKLL,ecoli,ATCC 25922,25.00345362,1.398,heldout_test,-1,DBAASP
dbAMP_27557,NKKAGLFVVQFPKKY,ecoli,ATCC 25922,3.999447498,0.602,heldout_test,-1,dbAMP
dbAMP_11617,TWLKKRRWKKAKPP,ecoli,ATCC 25922,35.48133892,1.55,heldout_test,-1,dbAMP
dbaasp_17298,RRGWARALAFAFGR,ecoli,ATCC 25922,6.60693448,0.82,heldout_test,-1,DBAASP
dbaasp_14263,VRRFPWYYPFLRR,ecoli,ATCC 25922,15.99558029,1.204,heldout_test,-1,DBAASP
dbaasp_13944,GIKRGIKRGIKR,ecoli,ATCC 25922,127.9381304,2.107,heldout_test,-1,DBAASP
dbaasp_14880,GLFAIIKKIAESF,ecoli,ATCC 25922,5.636376558,0.751,heldout_test,-1,DBAASP
dbaasp_17009,KLLKLLKKLPKLLK,ecoli,ATCC 25922,39.99447498,1.602,heldout_test,-1,DBAASP
dbaasp_15042,AKRIVQRIKDFLRGAKRIVQRIKDFLRG,ecoli,ATCC 25922,0.625172693,-0.204,heldout_test,-1,DBAASP
dbaasp_7485,GFCWNVCVYRNGVRVCHRRCN,ecoli,ATCC 25922,0.79250133,-0.101,heldout_test,-1,DBAASP
dbaasp_5826,PPRLPRPRPRPLPFPRPG,ecoli,ATCC 25922,39.81071706,1.6,heldout_test,-1,DBAASP
dbaasp_11749,KWAFRVAYRGIAYRRAR,ecoli,ATCC 25922,3.76703799,0.576,heldout_test,-1,DBAASP
dbaasp_17000,LKKLLKLLKKLPKL,ecoli,ATCC 25922,5.00034535,0.699,heldout_test,-1,DBAASP
dbaasp_13830,GLSSLGKLL,ecoli,ATCC 25922,25.00345362,1.398,heldout_test,-1,DBAASP
dbaasp_19637,KFAKFAKKFAKFAKGGPKPQQFFGLM,ecoli,ATCC 25922,2.728977783,0.436,heldout_test,-1,DBAASP
dbaasp_13457,IRRRIRLIVRRQI,ecoli,ATCC 25922,0.901571138,-0.045,heldout_test,-1,DBAASP
dbaasp_16481,GIKKWLHSPKKFPKKFVKKIMNS,ecoli,ATCC 25922,10,1,heldout_test,-1,DBAASP
dbaasp_16431,LKKLACRLKKLACR,ecoli,ATCC 25922,15.99558029,1.204,heldout_test,-1,DBAASP
dbAMP_25353,RIPCQYEDATEDTICQQHCLPKGYSYGICVSYRCSCV,ecoli,ATCC 25922,23.60478233,1.373,heldout_test,-1,dbAMP
dbaasp_3155,GVWSTVLGGLKKFAKGGLEAIVNPK,ecoli,ATCC 25922,3.999447498,0.602,heldout_test,-1,DBAASP
dbaasp_11523,FFSMIPKIATGIASLVKNL,ecoli,ATCC 25922,100,2,heldout_test,-1,DBAASP
dbaasp_16990,WRWWKWWK,ecoli,ATCC 25922,2.978516429,0.474,heldout_test,-1,DBAASP
dbaasp_13878,WLSKTAKKL,ecoli,ATCC 25922,127.9381304,2.107,heldout_test,-1,DBAASP
dbaasp_7270,GVVDILKGAAKDAAGHLASKVMNKL,ecoli,ATCC 25922,100,2,heldout_test,-1,DBAASP
dbaasp_5819,PIPRPLPFPRPGPRPIPRPLPFPRPGPRPIPRP,ecoli,ATCC 25922,1.158777356,0.064,heldout_test,-1,DBAASP
dbaasp_19552,ASVVKKWTKGWAKLLK,ecoli,ATCC 25922,3.999447498,0.602,heldout_test,-1,DBAASP
dbaasp_10212,FLPAIIGMAAKVLPAFLCKITKKC,ecoli,ATCC 25922,37.49730022,1.574,heldout_test,-1,DBAASP
dbaasp_16811,KLLKLLKKLVGALG,ecoli,ATCC 25922,2.999162519,0.477,heldout_test,-1,DBAASP
dbaasp_9005,FFHHIFRGIVHVGKTAHRLVTG,ecoli,ATCC 25922,1.233104833,0.091,heldout_test,-1,DBAASP
dbaasp_3676,GVLATVKNLLIGTGDGAAQSVLKTLSCKLSNDC,ecoli,ATCC 25922,3.419794425,0.534,heldout_test,-1,DBAASP
dbAMP_25443,SAVWRRWRRFWLRKRRKR,ecoli,ATCC 25922,63.97348355,1.806,heldout_test,-1,dbAMP
dbAMP_25367,RRRFWWFRRR,ecoli,ATCC 25922,100,2,heldout_test,-1,dbAMP
dbaasp_4357,GVVDILKGAAKDLAGHLATKVMNKL,ecoli,ATCC 25922,50.0034535,1.699,heldout_test,-1,DBAASP
dbaasp_19603,RIRIRRRFIRIR,ecoli,ATCC 25922,7.99834255,0.903,heldout_test,-1,DBAASP
dbaasp_13350,FLSAITSILGKFF,ecoli,ATCC 25922,50.0034535,1.699,heldout_test,-1,DBAASP
dbaasp_13929,KKLRLKIAFK,ecoli,ATCC 25922,15.99558029,1.204,heldout_test,-1,DBAASP
dbaasp_1019,SMLSVLKNLGKVGLGLVACKINKQC,ecoli,ATCC 25922,1.499684836,0.176,heldout_test,-1,DBAASP
dbAMP_25331,KWKSFLKTFKSAEKTVLHTALKAISS,ecoli,ATCC 25922,1.227439231,0.089,heldout_test,-1,dbAMP
dbaasp_777,RVKRVWPLVIRTVIALYNLYRAIKKK,ecoli,ATCC 25922,7.798301105,0.892,heldout_test,-1,DBAASP
dbaasp_9880,GVVVRVGRVVVRWVRR,ecoli,ATCC 25922,1.99986187,0.301,heldout_test,-1,DBAASP
dbAMP_25140,GLPALISSIKRKRQQ,ecoli,ATCC 25922,29.78516429,1.474,heldout_test,-1,dbAMP
dbaasp_3940,GKLNLFLSRLEILKLFVGAL,ecoli,ATCC 25922,7.177942913,0.856,heldout_test,-1,DBAASP
dbaasp_1639,GLLRASSVWGRKYYVDLAGCAKA,ecoli,ATCC 25922,12.16186001,1.085,heldout_test,-1,DBAASP
dbaasp_19851,FLPIVAKLLEGLL,ecoli,ATCC 25922,127.9381304,2.107,heldout_test,-1,DBAASP
dbaasp_11025,WKKIRVRLSA,ecoli,ATCC 25922,25.00345362,1.398,heldout_test,-1,DBAASP
dbaasp_18128,KWKSFLKTFKSAKKTVLHTAKKAISS,ecoli,ATCC 25922,1.358313447,0.133,heldout_test,-1,DBAASP
dbaasp_3751,CVDIGFSPTGKRPPFCPYPG,ecoli,ATCC 25922,47.20630413,1.674,heldout_test,-1,DBAASP
dbaasp_3251,LLKWLKK,ecoli,ATCC 25922,219.7859873,2.342,heldout_test,-1,DBAASP
dbaasp_9911,GKYGFYTHVFRLKKWMQKVIDRFGG,ecoli,ATCC 25922,7.99834255,0.903,heldout_test,-1,DBAASP
dbaasp_1179,QRKIRVRLSA,ecoli,ATCC 25922,1.655769963,0.219,heldout_test,-1,DBAASP
dbaasp_20252,WIKKIWKKIK,ecoli,ATCC 25922,7.99834255,0.903,heldout_test,-1,DBAASP
dbaasp_17022,GGHGWRWYCR,ecoli,ATCC 25922,2.999162519,0.477,heldout_test,-1,DBAASP
dbaasp_14330,KKIRWR,ecoli,ATCC 25922,8.994975815,0.954,heldout_test,-1,DBAASP
dbaasp_7266,GVVDILKGAAKDIAGHASKVMNKL,ecoli,ATCC 25922,100,2,heldout_test,-1,DBAASP
dbaasp_12945,WIKAAAKAAAKIW,ecoli,ATCC 25922,7.99834255,0.903,heldout_test,-1,DBAASP
dbaasp_6808,GLKGLLGKALKGIGKHIGKAQGC,ecoli,ATCC 25922,3.999447498,0.602,heldout_test,-1,DBAASP
dbaasp_12523,SISLLYGRKKRRQRRR,ecoli,ATCC 25922,10.42317429,1.018,heldout_test,-1,DBAASP
dbaasp_1598,AKAWGIGGHVIGQIVGVRIRGLCGNV,ecoli,ATCC 25922,9.571940713,0.981,heldout_test,-1,DBAASP
dbaasp_18610,SRWRWKSSKKGSG,ecoli,ATCC 25922,56.49369748,1.752,heldout_test,-1,DBAASP
dbAMP_25445,CKYLLKWR,ecoli,ATCC 25922,14.32187899,1.156,heldout_test,-1,dbAMP
dbaasp_8079,WRWRCRRRFCRWRW,ecoli,ATCC 25922,3.999447498,0.602,heldout_test,-1,DBAASP
dbaasp_10064,KKSCHTGLKKSAGWVIPIGTLVKNGIIVR,ecoli,ATCC 25922,32.21068791,1.508,heldout_test,-1,DBAASP
dbaasp_19517,ASVVNKLTKGVAKLLK,ecoli,ATCC 25922,15.99558029,1.204,heldout_test,-1,DBAASP
dbaasp_7114,FPVTWKWWKWWKG,ecoli,ATCC 25922,5.296634439,0.724,heldout_test,-1,DBAASP
dbaasp_7765,RFRRLRKKIRKRLKKI,ecoli,ATCC 25922,127.9381304,2.107,heldout_test,-1,DBAASP
dbaasp_3657,ILPFVAGVAAEMMKHVYCAASKKC,ecoli,ATCC 25922,5.956621435,0.775,heldout_test,-1,DBAASP
dbaasp_16486,GIKKWPHKPKKFGKKFVKKIMNS,ecoli,ATCC 25922,10,1,heldout_test,-1,DBAASP
dbaasp_18230,PWRLSLRL,ecoli,ATCC 25922,7.99834255,0.903,heldout_test,-1,DBAASP
dbaasp_14649,IDWKKLLDPAKQIL,ecoli,ATCC 25922,255.8585887,2.408,heldout_test,-1,DBAASP
dbaasp_13688,WRTRWRTRWRTR,ecoli,ATCC 25922,3.999447498,0.602,heldout_test,-1,DBAASP
dbaasp_11702,KWCARVCYRGICYRRCR,ecoli,ATCC 25922,0.057543994,-1.24,heldout_test,-1,DBAASP
dbAMP_24623,EWKLPDLIINHITLTRRNCFKYRCG,ecoli,ATCC 25922,5.00034535,0.699,heldout_test,-1,dbAMP
dbaasp_12607,RRWRWWWRWRR,ecoli,ATCC 25922,1.99986187,0.301,heldout_test,-1,DBAASP
dbaasp_3260,LLKLLKWLLKLLK,ecoli,ATCC 25922,124.7383514,2.096,heldout_test,-1,DBAASP
dbaasp_5683,GLLLDTVKGAAKNVAGILLNKLKCKMTGDC,ecoli,ATCC 25922,4.073802778,0.61,heldout_test,-1,DBAASP
dbaasp_4726,NGVQPKY,ecoli,ATCC 25922,254.0972706,2.405,heldout_test,-1,DBAASP
dbaasp_9771,RWKKWWRWL,ecoli,ATCC 25922,4.345102242,0.638,heldout_test,-1,DBAASP
dbaasp_11184,RRIRFRPPYLPRPGRRPRFPPPFPIPRIPRIP,ecoli,ATCC 25922,0.500034535,-0.301,heldout_test,-1,DBAASP
dbaasp_14628,RRFRIVVIRWLR,ecoli,ATCC 25922,1.99986187,0.301,heldout_test,-1,DBAASP
dbAMP_25281,FFFFFFFF,ecoli,ATCC 25922,19.0107828,1.279,heldout_test,-1,dbAMP
dbAMP_10494,RIKRFWPVVIRTVVAGYNL,ecoli,ATCC 25922,2.999162519,0.477,heldout_test,-1,dbAMP
dbaasp_5830,PRPRPLPFPRPG,ecoli,ATCC 25922,500.034535,2.699,heldout_test,-1,DBAASP
dbaasp_14654,FKCRRWQRNMRKVRGPPVSCIKRDS,ecoli,ATCC 25922,3.999447498,0.602,heldout_test,-1,DBAASP
dbAMP_25197,FSFLSRIF,ecoli,ATCC 25922,15.99558029,1.204,heldout_test,-1,dbAMP
dbaasp_19098,WIQPKTKVIPYVRYL,ecoli,ATCC 25922,15.99558029,1.204,heldout_test,-1,DBAASP
dbaasp_7821,SVKKFWGGVKAIFKGARKGLK,ecoli,ATCC 25922,1.99986187,0.301,heldout_test,-1,DBAASP
dbaasp_13446,GIKIRKLFKKLLR,ecoli,ATCC 25922,1.958844674,0.292,heldout_test,-1,DBAASP
dbaasp_6895,DDALKKLLKKLLKKL,ecoli,ATCC 25922,50.0034535,1.699,heldout_test,-1,DBAASP
dbaasp_17436,GRRGGRGGRGR,ecoli,ATCC 25922,7.128530301,0.853,heldout_test,-1,DBAASP
dbaasp_7275,GVVDILKAAAKDIAGHLASKVMNKL,ecoli,ATCC 25922,25.00345362,1.398,heldout_test,-1,DBAASP
dbaasp_3144,GLLKRIKILL,ecoli,ATCC 25922,7.834296428,0.894,heldout_test,-1,DBAASP
dbaasp_2129,FDVMGIIKKIASAL,ecoli,ATCC 25922,29.99162519,1.477,heldout_test,-1,DBAASP
dbaasp_2175,GIMDSVKNAAKNLAGQLLDTIKCKITAC,ecoli,ATCC 25922,25.00345362,1.398,heldout_test,-1,DBAASP
dbaasp_18987,SILSLFKMGAKALGKTLIKQAGKAGAEYVACKATNQC,ecoli,ATCC 25922,10,1,heldout_test,-1,DBAASP
dbaasp_14019,IHHIHHH,ecoli,ATCC 25922,63.97348355,1.806,heldout_test,-1,DBAASP
dbaasp_12507,KGKKGVIIAILLFAIIYKKK,ecoli,ATCC 25922,127.9381304,2.107,heldout_test,-1,DBAASP
dbaasp_3250,LKKWLKK,ecoli,ATCC 25922,216.2718524,2.335,heldout_test,-1,DBAASP
dbaasp_16631,FFPIIARLAAKVIPSLVCAVTKKC,ecoli,ATCC 25922,1.99986187,0.301,heldout_test,-1,DBAASP
dbaasp_16797,GLFKLLKKLLKLLK,ecoli,ATCC 25922,19.9986187,1.301,heldout_test,-1,DBAASP
dbaasp_19370,VDQTVFKDIWWRMKQWKQRVKKRAAKYNV,ecoli,ATCC 25922,3.357376142,0.526,heldout_test,-1,DBAASP
dbaasp_4701,APRKNLKW,ecoli,ATCC 25922,32.21068791,1.508,heldout_test,-1,DBAASP
DRAMP03871,YQWQRRMRKL,ecoli,ATCC 25922,308.318795,2.489,heldout_test,-1,DRAMP
dbaasp_3750,DAAVEPELYHWGKVWLPN,ecoli,ATCC 25922,94.84184633,1.977,heldout_test,-1,DBAASP
dbaasp_11228,KIAKGALKALKIAKVALKAL,ecoli,ATCC 25922,0.250034536,-0.602,heldout_test,-1,DBAASP
dbaasp_15625,ATCDLLSFLNVKDAACAAHCLAKGYRGGYCDGRKVCNCRK,ecoli,ATCC 25922,29.92264637,1.476,heldout_test,-1,DBAASP
dbaasp_18818,RWFRFPGRWFRF,ecoli,ATCC 25922,1.499684836,0.176,heldout_test,-1,DBAASP
dbaasp_15068,KRIVKRIKKFLR,ecoli,ATCC 25922,1.25025903,0.097,heldout_test,-1,DBAASP
dbaasp_4217,FLPIIAGAAAKVVEKIFCAISKKC,ecoli,ATCC 25922,100,2,heldout_test,-1,DBAASP
dbaasp_5448,GKGALKKFLAKKVAKTVAKQAAKQGAKYVVNKQME,ecoli,ATCC 25922,10,1,heldout_test,-1,DBAASP
dbaasp_7258,GVVDILKGAAKDIAGHLASKVMNKA,ecoli,ATCC 25922,100,2,heldout_test,-1,DBAASP
dbaasp_19704,KWCIRVCRNGVCYRRCR,ecoli,ATCC 25922,0.500034535,-0.301,heldout_test,-1,DBAASP
dbAMP_01734,FFWHHIGHALDAAKRVHGMLSG,ecoli,ATCC 25922,3.16227766,0.5,heldout_test,-1,dbAMP
dbaasp_10247,FLQHIIGALSHFF,ecoli,ATCC 25922,12.70574105,1.104,heldout_test,-1,DBAASP
dbaasp_16406,WIKIWKKIIKKWKK,ecoli,ATCC 25922,7.99834255,0.903,heldout_test,-1,DBAASP
dbAMP_25320,GLFGKLIKKKGRKAISYAVKKARGKH,ecoli,ATCC 25922,11.16863248,1.048,heldout_test,-1,dbAMP
dbaasp_19937,WRTWRTWRTWRT,ecoli,ATCC 25922,3.999447498,0.602,heldout_test,-1,DBAASP
dbaasp_17665,GIRWKFWKFT,ecoli,ATCC 25922,31.9889511,1.505,heldout_test,-1,DBAASP
dbAMP_25302,RWWRRWWRWWRRWWRR,ecoli,ATCC 25922,7.99834255,0.903,heldout_test,-1,dbAMP
dbaasp_3396,GLMSLFKGVLKTAGKHIFKNVGGSLLDQAKCKITGEC,ecoli,ATCC 25922,5.997910763,0.778,heldout_test,-1,DBAASP
dbaasp_11114,PRPWPRP,ecoli,ATCC 25922,36.0578643,1.557,heldout_test,-1,DBAASP
dbaasp_5513,GIGKFLHKVGSFIKSWKGEIMNS,ecoli,ATCC 25922,5.00034535,0.699,heldout_test,-1,DBAASP
dbaasp_3099,LLKKLLKKLLKK,ecoli,ATCC 25922,345.1437393,2.538,heldout_test,-1,DBAASP
dbaasp_1890,FLSTLLNVASNVVPTLICKITKKC,ecoli,ATCC 25922,149.9684836,2.176,heldout_test,-1,DBAASP
dbaasp_7269,GVVDILKGAAKDILGHLASKVMNKL,ecoli,ATCC 25922,6.251726928,0.796,heldout_test,-1,DBAASP
dbaasp_757,GVIPCGESCVFIPCISTLLGCSCKNKVCYRN,ecoli,ATCC 25922,0.410204103,-0.387,heldout_test,-1,DBAASP
dbAMP_19117,RRIHIHIPGIHIHIRR,ecoli,ATCC 25922,31.9889511,1.505,heldout_test,-1,dbAMP
dbaasp_17428,GRRGSGLGRSSSR,ecoli,ATCC 25922,24.32204009,1.386,heldout_test,-1,DBAASP
dbaasp_5844,FWGLKGLKKFSKKL,ecoli,ATCC 25922,25.00345362,1.398,heldout_test,-1,DBAASP
dbaasp_10050,GLFDKWAWWRWRR,ecoli,ATCC 25922,33.88441561,1.53,heldout_test,-1,DBAASP
dbaasp_3722,VVKCSYRLGSPDSQCN,saure,ATCC 25923,20.23019179,1.306,development,2,DBAASP
dbaasp_193,YVLLKRKRLIFI,saure,ATCC 25923,199.986187,2.301,development,1,DBAASP
dbaasp_13689,WRFRWRFRWRFR,saure,ATCC 25923,1,0,development,4,DBAASP
dbaasp_17254,FLKWLKKLL,saure,ATCC 25923,3.419794425,0.534,development,3,DBAASP
dbaasp_17332,GLHKVMREVLGYERNSYK,saure,ATCC 25923,127.9381304,2.107,development,1,DBAASP
dbaasp_130,GLRKRLRKARNKIKEKLKKI,saure,ATCC 25923,7.99834255,0.903,development,1,DBAASP
dbaasp_12193,QKVFTNTWAVRIPGGPAVANSVARKHGFLNLQGIF,saure,ATCC 25923,100,2,development,3,DBAASP
dbaasp_17867,GRRWWWRRG,saure,ATCC 25923,7.99834255,0.903,development,2,DBAASP
dbAMP_08915,MPLSWFFPRTWGKR,saure,ATCC 25923,27.92543841,1.446,development,4,dbAMP
dbaasp_5715,GWLPTFGKILRKAMQLGPKLIQPI,saure,ATCC 25923,15.99558029,1.204,development,3,DBAASP
dbaasp_20041,IWRRRWI,saure,ATCC 25923,7.99834255,0.903,development,4,DBAASP
dbaasp_1216,LRQSQFVGSR,saure,ATCC 25923,42.46195639,1.628,development,2,DBAASP
dbaasp_14462,RFRPPIRRPPIRPPFYR,saure,ATCC 25923,63.97348355,1.806,development,5,DBAASP
dbaasp_11392,FKCRRWQWRMK,saure,ATCC 25923,31.11716337,1.493,development,3,DBAASP
dbaasp_5860,LVQRGRFGRFLRKI,saure,ATCC 25923,7.99834255,0.903,development,5,DBAASP
dbaasp_190,YVLWKRKRWIFI,saure,ATCC 25923,39.99447498,1.602,development,2,DBAASP
dbaasp_14885,GLFDIIKKAAESF,saure,ATCC 25923,360.578643,2.557,development,2,DBAASP
dbaasp_9847,KKCKFFCKVKKKIKSIGFQIPIVSIPFK,saure,ATCC 25923,61.23503917,1.787,development,2,DBAASP
dbaasp_7587,NGVQPKYRWWRWWRRWWWW,saure,ATCC 25923,31.33285724,1.496,development,1,DBAASP
dbAMP_16443,KFWKLLKKALRLWKKVL,saure,ATCC 25923,7.328245331,0.865,development,5,dbAMP
dbaasp_6755,RWWRWWR,saure,ATCC 25923,2.060629913,0.314,development,1,DBAASP
dbaasp_13463,KKLFKKILKYLA,saure,ATCC 25923,7.99834255,0.903,development,4,DBAASP
dbaasp_7111,VRLIVAVRIWRR,saure,ATCC 25923,168.6553025,2.227,development,4,DBAASP
dbaasp_16359,KRIVQRIKDFLRAGPRRLVRI,saure,ATCC 25923,3.111716337,0.493,development,1,DBAASP
dbaasp_16983,RRRRWRWWRWWRR,saure,ATCC 25923,29.37649652,1.468,development,2,DBAASP
dbaasp_7678,VQLRIRVCVIRR,saure,ATCC 25923,10.71519305,1.03,development,5,DBAASP
dbaasp_5695,FMGTALKIAANVLPAAFCKIFKKC,saure,ATCC 25923,3.097419299,0.491,development,5,DBAASP
dbaasp_4395,GLMDTVKNAAKNLAGQMLDKLKCKITGSC,saure,ATCC 25923,199.986187,2.301,development,1,DBAASP
dbaasp_5711,KLGFENFLVKALKTVMHVPTSPLL,saure,ATCC 25923,255.8585887,2.408,development,1,DBAASP
dbaasp_7048,RRWWKWWWR,saure,ATCC 25923,0.699841996,-0.155,development,1,DBAASP
dbaasp_1804,GILDSFKGVAKGVAKDLAGKLLDKLKCKITGC,saure,ATCC 25923,50.0034535,1.699,development,4,DBAASP
dbAMP_25409,WKWKPGKWKW,saure,ATCC 25923,127.9381304,2.107,development,4,dbAMP
dbaasp_11395,YKARRWAWRWK,saure,ATCC 25923,12.58925412,1.1,development,1,DBAASP
dbaasp_3769,GVGKFLHSAKKFGQALASEIMKS,saure,ATCC 25923,100,2,development,2,DBAASP
dbaasp_7115,FPVTWPTKWWKG,saure,ATCC 25923,125.025903,2.097,development,2,DBAASP
dbaasp_10137,GWLDVAKKIGKAAFNVAKNFL,saure,ATCC 25923,1.698243652,0.23,development,1,DBAASP
dbaasp_17933,GIFDVVKGVLKGVGKNVAGSLLEQLKCKLSGGC,saure,ATCC 25923,14.99684836,1.176,development,5,DBAASP
dbaasp_1556,RLRRIVVIRVRR,saure,ATCC 25923,5.081594426,0.706,development,4,DBAASP
dbaasp_19008,INLKAIAAFAKKLI,saure,ATCC 25923,33.419504,1.524,development,2,DBAASP
dbaasp_11362,EQEENVVKIQAFWKGYKQRKEYM,saure,ATCC 25923,28.1190083,1.449,development,2,DBAASP
dbaasp_4125,QRFSQPTFKLPQGRLTLSRKFR,saure,ATCC 25923,37.41105883,1.573,development,1,DBAASP
DRAMP01949,FLPAVLRVAAKIVPTVFCAISKKC,saure,ATCC 25923,2.999162519,0.477,development,5,DRAMP
dbaasp_3147,GLLKRIKWLL,saure,ATCC 25923,3.273406949,0.515,development,4,DBAASP
dbaasp_19096,FKQFYRRVRRYFQKF,saure,ATCC 25923,15.99558029,1.204,development,4,DBAASP
dbaasp_12579,RPPIRRPPIRPPFYPPFRPPIRP,saure,ATCC 25923,63.97348355,1.806,development,5,DBAASP
dbaasp_1452,KWKSFLKTFKGAVKTVLHTALKAISS,saure,ATCC 25923,2.786121169,0.445,development,2,DBAASP
dbaasp_17854,IRWWWRI,saure,ATCC 25923,7.99834255,0.903,development,5,DBAASP
dbaasp_4582,KSLVRRWRSRW,saure,ATCC 25923,29.99162519,1.477,development,5,DBAASP
dbaasp_13041,AARIILRDRFR,saure,ATCC 25923,127.9381304,2.107,development,3,DBAASP
dbaasp_18788,GWWRRTVDKVRNAGRKV,saure,ATCC 25923,123.8796587,2.093,development,3,DBAASP
dbaasp_10526,NLLNKALGTVNGLLGRS,saure,ATCC 25923,31.9889511,1.505,development,3,DBAASP
dbaasp_7110,VQRWLIVWRIRK,saure,ATCC 25923,78.34296428,1.894,development,4,DBAASP
dbaasp_12202,YYHFWHRGVTKRSLSPHRPRHSR,saure,ATCC 25923,3.999447498,0.602,development,5,DBAASP
dbaasp_6005,FLPILGKLLSGFL,saure,ATCC 25923,10,1,development,3,DBAASP
dbaasp_3482,IWSAIWSGIKGLL,saure,ATCC 25923,1,0,development,2,DBAASP
dbaasp_4365,ILGKLLKTAAKLLSNL,saure,ATCC 25923,3.999447498,0.602,development,3,DBAASP
dbaasp_15800,RKCVKVQLIKNGRQVTAF,saure,ATCC 25923,19.9986187,1.301,development,2,DBAASP
dbaasp_12608,RWWRRWRRWWR,saure,ATCC 25923,7.99834255,0.903,development,1,DBAASP
dbaasp_13072,AARIILRFRFR,saure,ATCC 25923,1.99986187,0.301,development,4,DBAASP
dbaasp_7070,RLWWKIWLK,saure,ATCC 25923,1.399587323,0.146,development,4,DBAASP
dbAMP_25311,KARRAVRWI,saure,ATCC 25923,1.054386896,0.023,development,1,dbAMP
dbaasp_3718,GILGNIVGMGKKIVCGLSGLC,saure,ATCC 25923,3.076096815,0.488,development,3,DBAASP
dbAMP_10340,RAGLQFPVGRLLRRLLRRLLR,saure,ATCC 25923,2.999162519,0.477,development,1,dbAMP
dbaasp_1889,FLPIVAGLAANFLPKIVCKITKKC,saure,ATCC 25923,8.994975815,0.954,development,2,DBAASP
dbaasp_8814,LAAKLTKAATKLTAALTKLAAALT,saure,ATCC 25923,115.0800389,2.061,development,4,DBAASP
dbaasp_4332,VKRFKKFFRKLKKSVKK,saure,ATCC 25923,0.918332596,-0.037,development,4,DBAASP
dbaasp_1453,KWKSFLKTFKKAVKTVLHTALKAISS,saure,ATCC 25923,10.86425624,1.036,development,1,DBAASP
dbaasp_4421,IKLSPKTKDNLKKVLKGAIKGAIAVAKMV,saure,ATCC 25923,1.599558029,0.204,development,5,DBAASP
dbAMP_22625,LIRGLFKSFWQVF,saure,ATCC 25923,11.99499303,1.079,development,1,dbAMP
dbaasp_8031,FLPLLVGAISSILPKIF,saure,ATCC 25923,12.5025903,1.097,development,2,DBAASP
dbaasp_7045,RWRRKWWWW,saure,ATCC 25923,0.699841996,-0.155,development,4,DBAASP
dbaasp_12841,LKLLGIVKKVLGAI,saure,ATCC 25923,2.999162519,0.477,development,2,DBAASP
dbAMP_02290,FPVTFRFFKFFKG,saure,ATCC 25923,12.73503081,1.105,development,1,dbAMP
dbaasp_16146,RRKLDLKLDLKLDL,saure,ATCC 25923,7.498942093,0.875,development,1,DBAASP
dbaasp_16778,LNLKALLAVAKKI,saure,ATCC 25923,63.97348355,1.806,development,3,DBAASP
dbaasp_10698,FLGGLIKIVPAMICAVRKKC,saure,ATCC 25923,58.34451043,1.766,development,1,DBAASP
dbAMP_24919,GMASLLAKVLPKVVKLIK,saure,ATCC 25923,7.99834255,0.903,development,3,dbAMP
dbAMP_16446,LLWKALRLWWKVL,saure,ATCC 25923,9.375620069,0.972,development,5,dbAMP
dbaasp_10708,FLGGLIKWPWWPWRR,saure,ATCC 25923,3.944573021,0.596,development,3,DBAASP
dbaasp_8433,VIPFVASVAAEMMQHVYCAASKRC,saure,ATCC 25923,3.854783577,0.586,development,1,DBAASP
dbaasp_12576,RFRPPIRRPPIRPPFYPPF,saure,ATCC 25923,63.97348355,1.806,development,3,DBAASP
dbaasp_19858,FLPIVKKLLEKLL,saure,ATCC 25923,3.999447498,0.602,development,3,DBAASP
dbAMP_15898,VWRKWRRFWKR,saure,ATCC 25923,1.99986187,0.301,development,2,dbAMP
dbaasp_270,KWKSFLKTFKSLKKTVLHTLLKAISS,saure,ATCC 25923,7.99834255,0.903,development,4,DBAASP
dbAMP_17002,WRKIWRPGIKRWIK,saure,ATCC 25923,15.99558029,1.204,development,1,dbAMP
dbaasp_18728,GILGKLWEGVKSIA,saure,ATCC 25923,12.5025903,1.097,development,5,DBAASP
dbaasp_10317,KWKRWWWFR,saure,ATCC 25923,21.92804935,1.341,development,4,DBAASP
dbaasp_13936,YIRKIRRFFKKRFKFRKK,saure,ATCC 25923,25.29297996,1.403,development,1,DBAASP
dbaasp_17325,GLAKVMREVLGYERNSYKKFFLR,saure,ATCC 25923,63.97348355,1.806,development,1,DBAASP
dbaasp_8434,SFLSTFKKLAIDAAKNAGQSVLHTLTCKLDNQC,saure,ATCC 25923,5.636376558,0.751,development,4,DBAASP
dbaasp_14878,GAFDIIKKIAESF,saure,ATCC 25923,360.578643,2.557,development,1,DBAASP
dbaasp_11188,RRIPFWPPNWPGPWLPPWSPPDFRIPRILRKR,saure,ATCC 25923,15.99558029,1.204,development,1,DBAASP
dbaasp_19640,KFAKFAKKFAKFAKGGQQFFGLM,saure,ATCC 25923,24.54708916,1.39,development,3,DBAASP
dbaasp_3686,SFLDTLKNLAISAAKGAGQSVLSTLSCKLSKTC,saure,ATCC 25923,3.926449354,0.594,development,5,DBAASP
dbaasp_4195,GFMDTAKNVAKNVAVTLIDKLRCKVTGGC,saure,ATCC 25923,19.9986187,1.301,development,2,DBAASP
dbaasp_8033,FLPGLIKVAVGVGSTILCKITKKC,saure,ATCC 25923,6.295061829,0.799,development,3,DBAASP
dbaasp_16580,DILIIVGGKERKKRRR,saure,ATCC 25923,63.97348355,1.806,development,2,DBAASP
dbaasp_9240,SGKRWWRRKK,saure,ATCC 25923,5.915616342,0.772,development,4,DBAASP
dbaasp_10223,CVVSSGWKWNYKIRCKLTGNC,saure,ATCC 25923,4.698941086,0.672,development,2,DBAASP
dbaasp_19863,FLPKVKKLLKELL,saure,ATCC 25923,31.9889511,1.505,development,1,DBAASP
dbaasp_18363,RLWDIVRRWVGWLGPLG,saure,ATCC 25923,30.54921113,1.485,development,1,DBAASP
dbaasp_82,LWKTLLKKVLKAAA,saure,ATCC 25923,2.999162519,0.477,development,3,DBAASP
dbAMP_25365,AFGCPFDQGTCHSHCRSIRRRGERCSGFAKRTCTCYQK,saure,ATCC 25923,7.99834255,0.903,development,5,dbAMP
dbAMP_04560,IDWKKLLDAAKQIL,saure,ATCC 25923,6.095368972,0.785,development,3,dbAMP
dbaasp_16589,DILIIVGGKRRR,saure,ATCC 25923,63.97348355,1.806,development,2,DBAASP
dbaasp_5926,GLFSVLGSVAKHLLPHVAPIIAEKL,saure,ATCC 25923,19.27524913,1.285,development,2,DBAASP
dbaasp_104,GLRKRLRKFRNKIKEKLKKI,saure,ATCC 25923,3.999447498,0.602,development,3,DBAASP
dbaasp_16588,DILIIVGGRRRRRR,saure,ATCC 25923,63.97348355,1.806,development,1,DBAASP
dbaasp_19637,KFAKFAKKFAKFAKGGPKPQQFFGLM,saure,ATCC 25923,43.65158322,1.64,development,4,DBAASP
dbaasp_7090,WKWRVRVTI,saure,ATCC 25923,2.697739432,0.431,development,1,DBAASP
dbaasp_5861,LVQRGRFGRFLRKIR,saure,ATCC 25923,7.99834255,0.903,development,1,DBAASP
dbAMP_19491,LRLKKQRWKYRVPP,saure,ATCC 25923,54.07543229,1.733,development,2,dbAMP
dbaasp_3564,FLPLIASVAANLVPKIFCKITKKC,saure,ATCC 25923,2.398832919,0.38,development,5,DBAASP
dbaasp_12759,GKKYRRFRWKFKGLFLFLG,saure,ATCC 25923,26.36331386,1.421,development,4,DBAASP
dbaasp_8957,RIKRFWPVVIRTVVAGYNLYRAIK,saure,ATCC 25923,2.421029047,0.384,development,2,DBAASP
dbaasp_12609,KKWRWWLKALAKK,saure,ATCC 25923,0.451855944,-0.345,development,4,DBAASP
dbaasp_4364,ILGKLLSTAAGLLSKL,saure,ATCC 25923,31.9889511,1.505,development,2,DBAASP
dbaasp_9755,FFGRLKSVWSAVKHGWKAAKSR,saure,ATCC 25923,2.999162519,0.477,development,4,DBAASP
dbAMP_15870,FRIRVRV,saure,ATCC 25923,269.7739432,2.431,development,5,dbAMP
dbaasp_1273,FLGGLIKIVPAMICAVTKKC,saure,ATCC 25923,3.828247433,0.583,development,5,DBAASP
dbaasp_14313,SLWSSIKDMAAAAGRAALNAVNGIVNP,saure,ATCC 25923,190.107828,2.279,development,1,DBAASP
dbaasp_16779,LNLKALLAVAKK,saure,ATCC 25923,127.9381304,2.107,development,5,DBAASP
dbAMP_25353,RIPCQYEDATEDTICQQHCLPKGYSYGICVSYRCSCV,saure,ATCC 25923,23.01441817,1.362,development,2,dbAMP
dbaasp_1990,GLFSVLGAVAKHVLPHVVPVIAEKL,saure,ATCC 25923,2.328091258,0.367,development,1,DBAASP
dbaasp_12868,PNRESQFYQKLLKKLSSKI,saure,ATCC 25923,111.6863248,2.048,development,4,DBAASP
dbaasp_4230,GLMDTVKNAAKNLAGQLLDRLKCKITGC,saure,ATCC 25923,39.99447498,1.602,development,4,DBAASP
dbaasp_13913,RFRRLRWKTRWRLKKIWWPFLRR,saure,ATCC 25923,8.035261222,0.905,development,3,DBAASP
dbaasp_9005,FFHHIFRGIVHVGKTAHRLVTG,saure,ATCC 25923,1.233104833,0.091,development,5,DBAASP
dbaasp_19285,GLLGKILGAGKKVLLGVSGLL,saure,ATCC 25923,15.99558029,1.204,development,4,DBAASP
dbaasp_17333,KVMREVLGYERNSYK,saure,ATCC 25923,127.9381304,2.107,development,5,DBAASP
dbaasp_4403,ITIPPIVKDTLKKFIKGAISSVM,saure,ATCC 25923,19.9986187,1.301,development,2,DBAASP
dbaasp_13576,VDKPPYLPRPRPPRRCYNR,saure,ATCC 25923,6.776415076,0.831,development,4,DBAASP
dbaasp_18158,INLKAVAALAKKLL,saure,ATCC 25923,88.30799004,1.946,development,2,DBAASP
dbaasp_4433,RVCSWIPLPICH,saure,ATCC 25923,250.0345362,2.398,development,3,DBAASP
dbaasp_10637,RKKTRKRLKKIGKVLKWI,saure,ATCC 25923,7.99834255,0.903,development,4,DBAASP
dbaasp_4740,KKAAHVGKHVGKAALTHYL,saure,ATCC 25923,19.9986187,1.301,development,2,DBAASP
dbaasp_9986,FFHHIFRGIVHVGKKIHRLVTG,saure,ATCC 25923,0.950604794,-0.022,development,5,DBAASP
dbaasp_17251,FLKPLKKLL,saure,ATCC 25923,118.3041556,2.073,development,4,DBAASP
dbaasp_10099,RWQWRWQWR,saure,ATCC 25923,50.35006088,1.702,development,2,DBAASP
dbaasp_15798,RKCVRVQLIKNGKKITAF,saure,ATCC 25923,7.19448978,0.857,development,2,DBAASP
dbaasp_13515,RFCVYAYVRVRGVLVRYRRCF,saure,ATCC 25923,1.99986187,0.301,development,5,DBAASP
dbaasp_11525,FFRNLWKGAKAAFRAGHAAWRA,saure,ATCC 25923,1.241652308,0.094,development,3,DBAASP
dbaasp_2335,HFLGTLVNLAKKIL,saure,ATCC 25923,7.99834255,0.903,development,4,DBAASP
dbaasp_3137,GLLKIIKTLL,saure,ATCC 25923,1.828100216,0.262,development,5,DBAASP
dbaasp_1893,GILDKLKEFGISAARGVAQSLLNTASCKLAKTC,saure,ATCC 25923,37.49730022,1.574,development,5,DBAASP
dbaasp_17692,WRWWRW,saure,ATCC 25923,7.99834255,0.903,development,5,DBAASP
dbaasp_3819,GMASKAGSVLGKVAKVALKAAL,saure,ATCC 25923,25.00345362,1.398,development,5,DBAASP
dbaasp_3747,LLPPWLRPRNG,saure,ATCC 25923,153.815464,2.187,development,5,DBAASP
dbaasp_19616,KWKWKRRRFKWKWK,saure,ATCC 25923,7.99834255,0.903,development,4,DBAASP
dbaasp_10707,FLGGLIKKWPWWPWRR,saure,ATCC 25923,3.706807218,0.569,development,5,DBAASP
dbaasp_3653,LPFVAGVAAEMMQHVYCAASKKC,saure,ATCC 25923,4.345102242,0.638,development,5,DBAASP
dbaasp_10647,GRFRRLRKKTRKRLKKIGKVLKKI,saure,ATCC 25923,63.97348355,1.806,development,2,DBAASP
dbaasp_8865,GILGKLWKGVKSIF,saure,ATCC 25923,8.184647881,0.913,development,5,DBAASP
dbaasp_11026,KWKIRVRLSA,saure,ATCC 25923,6.45654229,0.81,development,4,DBAASP
dbaasp_18821,RWLHLPGRWLHL,saure,ATCC 25923,35.97493352,1.556,development,1,DBAASP
dbAMP_19463,LRLKKRRWKLRVPP,saure,ATCC 25923,6.839116473,0.835,development,5,dbAMP
dbaasp_10651,KRRWPWWPWRLI,saure,ATCC 25923,4.539416167,0.657,development,1,DBAASP
dbaasp_13688,WRTRWRTRWRTR,saure,ATCC 25923,7.99834255,0.903,development,2,DBAASP
dbaasp_1731,VRLRIRVAVIRK,saure,ATCC 25923,4.111497211,0.614,development,1,DBAASP
dbaasp_3942,ILGPVLGLVSDTLDDVLGIL,saure,ATCC 25923,49.88844875,1.698,development,5,DBAASP
dbaasp_10075,KARQWQWKIRRTWPIFAIRR,saure,ATCC 25923,2.985382619,0.475,development,4,DBAASP
dbaasp_16148,RRRRKLDLKLDLKLDL,saure,ATCC 25923,4.395416154,0.643,development,3,DBAASP
dbaasp_779,GLFDIIKKIAESF,saure,ATCC 25923,7.99834255,0.903,development,1,DBAASP
dbaasp_13684,WRFRWKTRWRFK,saure,ATCC 25923,1.99986187,0.301,development,1,DBAASP
dbaasp_2126,LNLKGLIKKVASLLN,saure,ATCC 25923,59.97910763,1.778,development,5,DBAASP
dbaasp_3733,FLPKLFAKITKKNMAHIR,saure,ATCC 25923,0.748169501,-0.126,development,1,DBAASP
dbaasp_18789,GWWRRTVKKVRNAVRKV,saure,ATCC 25923,15.06607066,1.178,development,3,DBAASP
dbaasp_8609,LIQRGRFGRFLGRIRRFRPRINFDIRARGSIRLG,saure,ATCC 25923,2.280342072,0.358,development,4,DBAASP
dbaasp_8049,GFMDTAKNVFKNVAVTLLDKLKCKIAGGC,saure,ATCC 25923,50.0034535,1.699,development,4,DBAASP
dbaasp_9730,FPISTLLKWWKG,saure,ATCC 25923,85.70378452,1.933,development,1,DBAASP
dbaasp_19996,LRVRARLRL,saure,ATCC 25923,15.99558029,1.204,development,5,DBAASP
dbaasp_3749,VFLGNIVSMGKKI,saure,ATCC 25923,144.2115352,2.159,development,2,DBAASP
dbaasp_13028,AARIILRWRFR,saure,ATCC 25923,1.99986187,0.301,development,5,DBAASP
dbaasp_6921,AVLSALPKEEQIGKASTRGRKAARRKK,saure,ATCC 25923,102.3292992,2.01,development,5,DBAASP
dbaasp_10052,GLFDIWKWWRWRR,saure,ATCC 25923,8.279421637,0.918,development,1,DBAASP
dbaasp_10394,RRLTLRQLLGLGSRRRRRSR,saure,ATCC 25923,3.133285724,0.496,development,4,DBAASP
dbaasp_1736,KRWRIRVRVIRK,saure,ATCC 25923,1.819700859,0.26,development,3,DBAASP
dbAMP_20706,KIWKPGIKKW,saure,ATCC 25923,127.9381304,2.107,development,1,dbAMP
dbaasp_10325,IKKRWWWFR,saure,ATCC 25923,23.06747189,1.363,development,3,DBAASP
dbaasp_3479,GFWGKLWEGVKNAI,saure,ATCC 25923,14.99684836,1.176,development,2,DBAASP
dbAMP_25356,KIAKVALKALKIAKVALKAL,saure,ATCC 25923,199.986187,2.301,development,2,dbAMP
DRAMP03872,FQWQRNMRKV,saure,ATCC 25923,299.9162519,2.477,development,3,DRAMP
dbaasp_13671,RWLRKWTRKRLK,saure,ATCC 25923,31.9889511,1.505,development,4,DBAASP
dbaasp_4525,FLGALFKALSHLL,saure,ATCC 25923,1,0,development,5,DBAASP
dbaasp_10359,YKWKIRFKR,saure,ATCC 25923,4.10204103,0.613,development,2,DBAASP
dbaasp_8142,KFLKKAKKFGKA,saure,ATCC 25923,372.3917063,2.571,development,1,DBAASP
dbaasp_14093,FKARRWQWRMKKLGA,saure,ATCC 25923,102.0939484,2.009,development,1,DBAASP
dbaasp_17866,AWRWWWRWA,saure,ATCC 25923,3.999447498,0.602,development,5,DBAASP
dbaasp_10649,FSEAIKKIIDFLG,saure,ATCC 25923,174.9846689,2.243,development,3,DBAASP
dbaasp_20076,IRWRRRWRI,saure,ATCC 25923,1,0,development,2,DBAASP
dbaasp_16356,RRWWRW,saure,ATCC 25923,7.78036551,0.891,development,3,DBAASP
dbaasp_1554,RLARIVVIRWAR,saure,ATCC 25923,5.370317964,0.73,development,4,DBAASP
dbaasp_3730,ATNIPFKVHFRCKAAFC,saure,ATCC 25923,24.26610095,1.385,development,5,DBAASP
dbaasp_3681,GLIDTIKNMALNAAKSAGVSVLNTLSCKLSKTC,saure,ATCC 25923,6.151768727,0.789,development,2,DBAASP
dbaasp_1881,FLPFVGNLLKGLL,saure,ATCC 25923,8.994975815,0.954,development,1,DBAASP
dbaasp_16357,KRIVQRIKDFLRAGPIKDFLR,saure,ATCC 25923,0.783429643,-0.106,development,4,DBAASP
dbaasp_2194,GLLDTFKNLALNAAKSAGVSVLNSLSCKLSKTC,saure,ATCC 25923,19.09853259,1.281,development,3,DBAASP
dbAMP_11548,TRSSRAGLQFPVGRVHRLLRK,saure,ATCC 25923,2.483133105,0.395,development,1,dbAMP
dbaasp_10210,FLPLLAGLAAKWF,saure,ATCC 25923,18.79316817,1.274,development,5,DBAASP
dbaasp_4564,WKSYVRRWRSR,saure,ATCC 25923,31.9889511,1.505,development,1,DBAASP
dbAMP_25308,KREDFLDQIIRDFRNFIYQKYRRLRDEFRKLRDILSG,saure,ATCC 25923,2.728977783,0.436,development,1,dbAMP
dbaasp_3677,GVLGTVKDLLIGAGKSAAQSTLKTLSCKISNDC,saure,ATCC 25923,3.539973411,0.549,development,1,DBAASP
dbaasp_17686,WRLWRLWRLWRL,saure,ATCC 25923,3.999447498,0.602,development,5,DBAASP
dbaasp_18395,KRIGWRWRRWCPRLRK,saure,ATCC 25923,3.580964371,0.554,development,5,DBAASP
dbaasp_10391,KKRYKKKYKAYKPYKKKKKF,saure,ATCC 25923,25.00345362,1.398,development,3,DBAASP
dbaasp_13672,RRLRWKTRWRLK,saure,ATCC 25923,15.99558029,1.204,development,2,DBAASP
dbaasp_129,GLRKALRKFRNKIKEALKKI,saure,ATCC 25923,1.99986187,0.301,development,4,DBAASP
dbaasp_16328,RWRFKWAKK,saure,ATCC 25923,77.62471166,1.89,development,5,DBAASP
dbaasp_4387,GFSSIFRGVAKFASKGLGKDLAKLGVDLVASKISKQS,saure,ATCC 25923,25.00345362,1.398,development,4,DBAASP
dbaasp_11086,KRFKKFFRKLKKSVKKRKKEFKKKPRVIGVSIPF,saure,ATCC 25923,7.58577575,0.88,development,2,DBAASP
dbaasp_12455,WWRRRW,saure,ATCC 25923,9.727472238,0.988,development,3,DBAASP
dbaasp_10694,LLPWKWPWWKWRR,saure,ATCC 25923,16.25548756,1.211,development,4,DBAASP
dbaasp_1442,KWKSFLKTFKSAGKTVLHTALKAISS,saure,ATCC 25923,8.87156012,0.948,development,4,DBAASP
dbaasp_10247,FLQHIIGALSHFF,saure,ATCC 25923,12.70574105,1.104,development,1,DBAASP
dbaasp_17252,FLKSLKKLL,saure,ATCC 25923,119.3988104,2.077,development,1,DBAASP
dbaasp_16592,LIGIIDGVKERKKRRR,saure,ATCC 25923,63.97348355,1.806,development,1,DBAASP
dbaasp_13910,RFGRFLRKIRRFRPKVTITIQGSARFG,saure,ATCC 25923,1.016248693,0.007,development,4,DBAASP
dbaasp_2125,LKIAKGIIKSL,saure,ATCC 25923,85.70378452,1.933,development,5,DBAASP
dbaasp_20081,ARWRRRWRA,saure,ATCC 25923,3.999447498,0.602,development,2,DBAASP
dbaasp_10328,RIWKRWWFR,saure,ATCC 25923,45.18559444,1.655,development,3,DBAASP
dbaasp_12863,MNAINFTCTVHKKVAISV,saure,ATCC 25923,130.6170888,2.116,development,2,DBAASP
dbaasp_3691,SVMGTVKDLLIGAGKSAAQSVLKALSCKLSKDC,saure,ATCC 25923,3.176874071,0.502,development,3,DBAASP
dbaasp_8867,SILGKLWKGVKSIF,saure,ATCC 25923,4.008667176,0.603,development,4,DBAASP
dbaasp_3676,GVLATVKNLLIGTGDGAAQSVLKTLSCKLSNDC,saure,ATCC 25923,6.839116473,0.835,development,2,DBAASP
dbaasp_18393,KRIGWRCWRRWPRLRK,saure,ATCC 25923,1.790605854,0.253,development,1,DBAASP
dbaasp_20061,AWWRRRWWA,saure,ATCC 25923,7.99834255,0.903,development,1,DBAASP
dbaasp_4908,GFKDLLKGAAKALKKTVLF,saure,ATCC 25923,100,2,development,4,DBAASP
dbaasp_9241,RGKRWWRRKK,saure,ATCC 25923,5.956621435,0.775,development,2,DBAASP
dbAMP_19506,LRLKKRRWLYRVPP,saure,ATCC 25923,6.714288529,0.827,development,5,dbAMP
dbaasp_3782,GMASKAGSVLGKITKIALGAL,saure,ATCC 25923,100,2,development,1,DBAASP
dbaasp_16891,CRRKKC,saure,ATCC 25923,10.32761406,1.014,development,4,DBAASP
dbAMP_25340,FPVTWPTKWWEG,saure,ATCC 25923,131.8256739,2.12,development,3,dbAMP
dbaasp_16581,DILIIVGGGSGKERKKRRR,saure,ATCC 25923,63.97348355,1.806,development,3,DBAASP
dbaasp_16782,LNLKKLAAVAKKIL,saure,ATCC 25923,31.9889511,1.505,development,1,DBAASP
dbAMP_15849,AKKFGKAFVGEIM,saure,ATCC 25923,11.37627286,1.056,development,1,dbAMP
dbAMP_25415,WRPGRW,saure,ATCC 25923,127.9381304,2.107,development,4,dbAMP
dbaasp_18190,FLSALWGVAKSLF,saure,ATCC 25923,7.030723199,0.847,development,4,DBAASP
dbaasp_10527,NLLKSALKTVNKLLAAS,saure,ATCC 25923,127.9381304,2.107,development,1,DBAASP
dbaasp_13681,RWLRWWTRWRLK,saure,ATCC 25923,1.99986187,0.301,development,2,DBAASP
dbaasp_5696,GLRDKIKNVAIDVAKGAGTGVLKALLCQLDKSC,saure,ATCC 25923,199.986187,2.301,development,1,DBAASP
dbaasp_1087,RLCRIVWVIRVCR,saure,ATCC 25923,2.415460834,0.383,development,3,DBAASP
dbaasp_3783,GLGSLLGKAFKFGLKTVGKMMGGAPREQ,saure,ATCC 25923,5.997910763,0.778,development,4,DBAASP
dbaasp_7069,RRRIKIRWY,saure,ATCC 25923,2.398832919,0.38,development,1,DBAASP
dbaasp_17256,FLKVLKKLL,saure,ATCC 25923,29.51209227,1.47,development,4,DBAASP
dbaasp_2200,GILSSFKGVAKGVAKDLAGKLLETLKCKITGC,saure,ATCC 25923,7.99834255,0.903,development,1,DBAASP
dbaasp_18392,KRIGCWRWRRWPRLRK,saure,ATCC 25923,1.790605854,0.253,development,1,DBAASP
dbaasp_19371,AHPRIKKHLDLLMKKERHLAMKIAAP,saure,ATCC 25923,4.13047502,0.616,development,3,DBAASP
dbAMP_19473,LQLKKRRWKYRVPP,saure,ATCC 25923,13.52072563,1.131,development,4,dbAMP
dbaasp_1066,RRCPIVVIRVCR,saure,ATCC 25923,2.754228703,0.44,development,3,DBAASP
dbaasp_3649,VAIYGRDDRSDVCRQVQHNWLVCDTY,saure,ATCC 25923,64.5654229,1.81,development,2,DBAASP
dbaasp_4151,GIGGKILGGLKTALKGAAKELASTYLH,saure,ATCC 25923,3.548133892,0.55,development,1,DBAASP
dbaasp_14881,GLFDAIKKIAESF,saure,ATCC 25923,360.578643,2.557,development,4,DBAASP
dbaasp_4216,FLPIIAGAAAKVVQKIFCAISKKC,saure,ATCC 25923,2.999162519,0.477,development,2,DBAASP
dbaasp_13634,RWYRRWYRRWYR,saure,ATCC 25923,1.99986187,0.301,development,2,DBAASP
dbaasp_10343,AKKFFKKPRVIGVSIPF,saure,ATCC 25923,21.57744409,1.334,development,4,DBAASP
dbaasp_17236,FLKGLKKLL,saure,ATCC 25923,123.0268771,2.09,development,1,DBAASP
dbaasp_1553,RLARRVVIRVAR,saure,ATCC 25923,43.55118737,1.639,development,5,DBAASP
dbaasp_17331,YERNSYKKFFLR,saure,ATCC 25923,127.9381304,2.107,development,1,DBAASP
dbAMP_24944,LRRLRKWLRRLLKLL,saure,ATCC 25923,1.99986187,0.301,development,5,dbAMP
dbAMP_17035,NILLWG,saure,ATCC 25923,91.83325965,1.963,development,3,dbAMP
dbaasp_9467,FLSLIPHIVSGVASLAIHF,saure,ATCC 25923,199.986187,2.301,development,3,DBAASP
dbAMP_25404,GVVVRVGRVVVRWVRRRR,saure,ATCC 25923,127.9381304,2.107,development,3,dbAMP
dbaasp_4188,GLVTGLLKTAGKLLGDLFGSLSG,saure,ATCC 25923,12.5025903,1.097,development,5,DBAASP
dbAMP_24871,IKKIWSKIKKWWK,saure,ATCC 25923,29.99162519,1.477,development,5,dbAMP
dbaasp_11249,GKILKYLLYLLRKYANLIIR,saure,ATCC 25923,7.99834255,0.903,development,3,DBAASP
dbaasp_17859,ARWWWRA,saure,ATCC 25923,63.97348355,1.806,development,1,DBAASP
dbaasp_4167,ISGPVLGLVGNALGGLIKKI,saure,ATCC 25923,52.60172664,1.721,development,3,DBAASP
dbAMP_19459,LRLKKRRIKYRVPP,saure,ATCC 25923,13.83566379,1.141,development,4,dbAMP
dbaasp_18645,RIRWWWRIR,saure,ATCC 25923,7.99834255,0.903,development,3,DBAASP
dbaasp_14019,IHHIHHH,saure,ATCC 25923,63.97348355,1.806,development,5,DBAASP
dbaasp_19370,VDQTVFKDIWWRMKQWKQRVKKRAAKYNV,saure,ATCC 25923,3.357376142,0.526,development,4,DBAASP
dbaasp_18128,KWKSFLKTFKSAKKTVLHTAKKAISS,saure,ATCC 25923,84.9180475,1.929,development,5,DBAASP
dbAMP_19451,LRFKKRRWKYRVPP,saure,ATCC 25923,26.12161354,1.417,development,5,dbAMP
dbaasp_8038,FLPFVGKLLSGLL,saure,ATCC 25923,12.5025903,1.097,development,3,DBAASP
dbaasp_12620,AKKVFKRLPKLPSKIWNWK,saure,ATCC 25923,7.99834255,0.903,development,3,DBAASP
dbaasp_1082,RRRCPIVVIRVCRR,saure,ATCC 25923,36.30780548,1.56,development,1,DBAASP
dbaasp_7151,FLPLIGRVLSGILGWKRKRFG,saure,ATCC 25923,0.500034535,-0.301,development,1,DBAASP
dbaasp_3585,FLPMLAGLAASMVPKLVCLITKKC,saure,ATCC 25923,5.997910763,0.778,development,3,DBAASP
dbaasp_17883,ELLLNPTHQIYPVTQPLAPV,saure,ATCC 25923,89.94975815,1.954,development,2,DBAASP
dbaasp_9111,FLKGIVGMLGKLL,saure,ATCC 25923,2.999162519,0.477,development,1,DBAASP
dbaasp_14039,VIHGLFDVIKKVASVIGGL,saure,ATCC 25923,3.999447498,0.602,development,1,DBAASP
dbaasp_18757,GSKKPVPIIYCNRATGKCQRM,saure,ATCC 25923,1.99986187,0.301,development,5,DBAASP
dbAMP_20707,KIWKKIWKPGIKKWIKKW,saure,ATCC 25923,31.9889511,1.505,development,4,dbAMP
dbaasp_13991,FLGALWKALSKLL,saure,ATCC 25923,3.999447498,0.602,development,2,DBAASP
dbaasp_20251,KKIWKKWIKI,saure,ATCC 25923,15.99558029,1.204,development,3,DBAASP
dbaasp_1728,VRWRIRVAVIRA,saure,ATCC 25923,8.128305162,0.91,development,4,DBAASP
dbaasp_7078,LRRWIRIRW,saure,ATCC 25923,1.300169578,0.114,development,1,DBAASP
dbaasp_3150,GLLKVIKVLL,saure,ATCC 25923,13.00169578,1.114,development,3,DBAASP
dbaasp_16895,KIAKRIWKILRRRLFRRV,saure,ATCC 25923,6.531305526,0.815,development,5,DBAASP
dbaasp_8141,GKFLKKAKKFGK,saure,ATCC 25923,375.8374043,2.575,development,5,DBAASP
dbaasp_4457,ACDTATCVTHRLAGLLSRSGGVVKNNFVPTNVGSKAF,saure,ATCC 25923,132.4341535,2.122,development,3,DBAASP
dbAMP_05112,KKCGFFCKLKNKLKSTGSRSNIAAGTHGGTFRV,saure,ATCC 25923,19.9986187,1.301,development,2,dbAMP
dbaasp_700,GIWDTIKSMGKVFAGAILQNL,saure,ATCC 25923,12.5025903,1.097,development,5,DBAASP
dbaasp_2291,GFLGPLLKLGLKGVAKVIPHLIPSRQQ,saure,ATCC 25923,2.500345362,0.398,development,2,DBAASP
dbaasp_699,GIWKTIKSMGKVFAGKILQNL,saure,ATCC 25923,12.5025903,1.097,development,5,DBAASP
dbaasp_13726,KWAVRIIRKFIKGFIS,saure,ATCC 25923,1,0,development,5,DBAASP
dbaasp_1451,KWKSFLKTFKAAVKTVLHTALKAISS,saure,ATCC 25923,5.54625713,0.744,development,3,DBAASP
dbaasp_14628,RRFRIVVIRWLR,saure,ATCC 25923,255.8585887,2.408,development,1,DBAASP
dbAMP_19470,LLLKKRRWKYRVPP,saure,ATCC 25923,13.61444682,1.134,development,2,dbAMP
dbaasp_8149,KFGKAFVKILKK,saure,ATCC 25923,184.5015419,2.266,development,2,DBAASP
dbAMP_19466,LRLKKRRWKYRYPP,saure,ATCC 25923,25.76321157,1.411,development,1,dbAMP
dbaasp_701,GIWDTIKSMGKVFAGLILQNL,saure,ATCC 25923,25.00345362,1.398,development,2,DBAASP
dbaasp_3720,GILSGVLGMGKKIVCGLRGLC,saure,ATCC 25923,1.749846689,0.243,development,3,DBAASP
dbaasp_10204,FFPMLADLVSKIF,saure,ATCC 25923,149.9684836,2.176,development,3,DBAASP
dbAMP_19486,LRLKKYRWKYRVPP,saure,ATCC 25923,26.54605562,1.424,development,4,dbAMP
dbaasp_5567,AKRLKKLAKKIWKWK,saure,ATCC 25923,1,0,development,3,DBAASP
dbaasp_5720,GMATKAGTAFGKAAKAIIGAAL,saure,ATCC 25923,255.8585887,2.408,development,4,DBAASP
dbaasp_13575,VDKPPYLPRPRPPKRIYNR,saure,ATCC 25923,27.28977783,1.436,development,2,DBAASP
dbaasp_10706,FLGGLIKWKWPWWPWRR,saure,ATCC 25923,3.404081897,0.532,development,1,DBAASP
dbaasp_10918,GFGSVLGKALKFGANLL,saure,ATCC 25923,12.5025903,1.097,development,5,DBAASP
dbaasp_3655,IDPFVAGVAAEMMQHVYCAASKKC,saure,ATCC 25923,7.128530301,0.853,development,5,DBAASP
dbaasp_3774,GFLGPLLKLGLKGVAKVLPHLIPSRQQ,saure,ATCC 25923,5.997910763,0.778,development,4,DBAASP
dbaasp_12758,GKKYRRFRWKFKGKLFLFG,saure,ATCC 25923,1.636816521,0.214,development,1,DBAASP
dbAMP_24869,IKKIWSKIKKLWK,saure,ATCC 25923,59.97910763,1.778,development,4,dbAMP
dbaasp_17934,GKLRLIKKLWVKKWKKKGWKA,saure,ATCC 25923,1.99986187,0.301,development,2,DBAASP
dbaasp_4386,GFSSIFRGVAKFASKGLGKKLAKLGVKLVACKISKQC,saure,ATCC 25923,2.999162519,0.477,development,5,DBAASP
dbaasp_17290,RRGWARRLFFAYGRR,saure,ATCC 25923,29.99162519,1.477,development,5,DBAASP
dbaasp_370,GCRRFKKFKKWRYRGRFWFWCFG,saure,ATCC 25923,20.46444637,1.311,development,4,DBAASP
dbAMP_24985,CWTKSIPPKPCF,saure,ATCC 25923,2.999162519,0.477,development,4,dbAMP
dbaasp_9530,KWKLFKKIFKRIVQRIKDFLRN,saure,ATCC 25923,0.682338694,-0.166,development,5,DBAASP
dbaasp_12113,PKILNKILGKILRLAAAFK,saure,ATCC 25923,2.999162519,0.477,development,4,DBAASP
dbaasp_19072,FWRRYKKVKKYRRWF,saure,ATCC 25923,1.99986187,0.301,development,1,DBAASP
dbaasp_3192,GLWSKIKAAGKEAAKAAAKAAGKAALNAVSEAV,saure,ATCC 25923,4.698941086,0.672,development,1,DBAASP
dbaasp_628,GRFKRFRKKFKKLFKKLS,saure,ATCC 25923,1.99986187,0.301,development,3,DBAASP
dbaasp_7087,RRYHWRIYI,saure,ATCC 25923,3.097419299,0.491,development,3,DBAASP
dbaasp_144,FKRIVQRIKDFLR,saure,ATCC 25923,301.3006024,2.479,development,5,DBAASP
dbaasp_1732,VQLRIRVRVIRK,saure,ATCC 25923,7.90678628,0.898,development,1,DBAASP
dbaasp_7117,FRVTWRTKWWKG,saure,ATCC 25923,2.999162519,0.477,development,4,DBAASP
dbaasp_8035,SILSTLKDVGISAIKSAGSGVLSTLLCKLNKNC,saure,ATCC 25923,100,2,development,5,DBAASP
dbaasp_13632,KWYKKWYKKWYKKWYK,saure,ATCC 25923,1.99986187,0.301,development,3,DBAASP
dbaasp_13071,AARIILRARFR,saure,ATCC 25923,3.999447498,0.602,development,4,DBAASP
dbAMP_25361,ENFFKEKERKGQRIRDAIISRRPRVETLAQAQKIIKGGD,saure,ATCC 25923,1,0,development,5,dbAMP
dbaasp_19861,FLPKVKKLLSELL,saure,ATCC 25923,63.97348355,1.806,development,3,DBAASP
dbaasp_3745,FFSTSCRSGC,saure,ATCC 25923,92.89663868,1.968,development,2,DBAASP
dbaasp_3209,LRWWWIKRI,saure,ATCC 25923,3.435579479,0.536,development,2,DBAASP
dbaasp_14240,GRWRWWWRWR,saure,ATCC 25923,3.999447498,0.602,development,4,DBAASP
dbaasp_10355,FAKGIAGMAGKLF,saure,ATCC 25923,199.986187,2.301,development,3,DBAASP
dbaasp_3750,DAAVEPELYHWGKVWLPN,saure,ATCC 25923,94.84184633,1.977,development,2,DBAASP
dbAMP_27576,GIGAVLKVLTTGLPACISWCKRKRQQ,saure,ATCC 25923,1.77827941,0.25,development,4,dbAMP
dbaasp_11168,TRSRWRRFIRGAGRFARRYGWRIALGLVG,saure,ATCC 25923,5.395106225,0.732,development,3,DBAASP
dbaasp_4627,FVRWFSRFLGRIL,saure,ATCC 25923,5.997910763,0.778,development,4,DBAASP
dbaasp_18166,FLQGIWDTVGKWL,saure,ATCC 25923,100,2,development,1,DBAASP
dbaasp_19122,SYEKKINRHFKILKKNLKKK,saure,ATCC 25923,6.338697113,0.802,development,1,DBAASP
dbaasp_8795,HTASDAAAAAALTAANAAAAAAASMA,saure,ATCC 25923,115.0800389,2.061,development,5,DBAASP
dbaasp_11229,KIAKGALKALKIAKGALKAL,saure,ATCC 25923,15.99558029,1.204,development,5,DBAASP
dbaasp_18046,LLPIVGNLLKSLLGWKAKRFG,saure,ATCC 25923,50.0034535,1.699,development,3,DBAASP
dbaasp_3155,GVWSTVLGGLKKFAKGGLEAIVNPK,saure,ATCC 25923,31.9889511,1.505,development,5,DBAASP
dbaasp_19859,FLPKVKKLLEKLL,saure,ATCC 25923,31.9889511,1.505,development,3,DBAASP
dbaasp_19948,WRNWRNWRNWRNWRNWRN,saure,ATCC 25923,31.9889511,1.505,development,5,DBAASP
dbaasp_1085,RLCPRVRIRVCR,saure,ATCC 25923,21.18361135,1.326,development,4,DBAASP
dbaasp_707,GRFRRLRKKTRKRLKKIGKVLKWIPPIVGSIPLGCG,saure,ATCC 25923,0.003767038,-2.424,development,2,DBAASP
dbaasp_7365,KKVLKAAA,saure,ATCC 25923,5.997910763,0.778,development,3,DBAASP
dbaasp_4451,FFGSLLSLGSKLLPSVFKLFQRKKE,saure,ATCC 25923,4.385306978,0.642,development,5,DBAASP
dbaasp_17359,KAAKKAAKAAKKAA,saure,ATCC 25923,255.8585887,2.408,development,3,DBAASP
dbAMP_25406,GVVVRVARVVVRWVRR,saure,ATCC 25923,127.9381304,2.107,development,5,dbAMP
dbaasp_16762,LNAKALLAVAKKIL,saure,ATCC 25923,31.9889511,1.505,development,3,DBAASP
dbaasp_12313,AGDKKIKIGINGFGRIGRL,saure,ATCC 25923,256.4484037,2.409,development,2,DBAASP
dbaasp_662,GWMSKIASGIGTFLSGMQQ,saure,ATCC 25923,100,2,development,2,DBAASP
dbaasp_20269,WIKKIWKKIIKEIK,saure,ATCC 25923,15.99558029,1.204,development,1,DBAASP
dbaasp_362,GCKKYRRFRWKFKGKFWFWGG,saure,ATCC 25923,46.55860935,1.668,development,2,DBAASP
dbaasp_167,KWKLFKKIGIGAVLKVLTTGLPALKLTK,saure,ATCC 25923,2.051162179,0.312,development,2,DBAASP
dbaasp_16986,RWWKWW,saure,ATCC 25923,15.55965632,1.192,development,2,DBAASP
dbaasp_18648,RLRWWWRLR,saure,ATCC 25923,7.99834255,0.903,development,4,DBAASP
dbaasp_9527,RVKRFWPLVPVAINTVAAGINLYKAIRRK,saure,ATCC 25923,1.20503594,0.081,development,1,DBAASP
dbaasp_3892,IFGAILPLALGALKNLIK,saure,ATCC 25923,1,0,development,3,DBAASP
dbaasp_14026,IHHIHHIIHHIHHI,saure,ATCC 25923,63.97348355,1.806,development,2,DBAASP
dbAMP_19464,LRLKKRRWKYRFPP,saure,ATCC 25923,6.486344335,0.812,development,5,dbAMP
dbaasp_763,GIGKFLKKAKKFGKAFVKILKK,saure,ATCC 25923,3.250872974,0.512,development,5,DBAASP
dbaasp_18125,KWKSKLKTFKSAKKTVLHTALKAISS,saure,ATCC 25923,85.90135215,1.934,development,5,DBAASP
dbaasp_4214,FLPIIAGIAAKFLPKIFCTISKKC,saure,ATCC 25923,1.499684836,0.176,development,3,DBAASP
dbaasp_5716,GVWSTILGGLKKFAKGGLDAIVNPK,saure,ATCC 25923,7.99834255,0.903,development,2,DBAASP
dbaasp_19513,KRWKKFFRKVIKFF,saure,ATCC 25923,12.5025903,1.097,development,1,DBAASP
dbaasp_1555,RLARIVVIRVRR,saure,ATCC 25923,5.370317964,0.73,development,3,DBAASP
dbaasp_8040,FLPIVASLAANFLPKIICKITKKC,saure,ATCC 25923,6.295061829,0.799,development,1,DBAASP
dbaasp_10639,RLKKIGKVLKWI,saure,ATCC 25923,127.9381304,2.107,development,3,DBAASP
dbaasp_5863,RRFRPKVTITIQGSARF,saure,ATCC 25923,1.99986187,0.301,development,2,DBAASP
dbaasp_7588,RWWRWWRRWW,saure,ATCC 25923,52.2396189,1.718,development,4,DBAASP
dbaasp_9466,FLSLIPHIVSGVASLAKHF,saure,ATCC 25923,6.251726928,0.796,development,3,DBAASP
dbaasp_4153,GIGGALLSVGKSALKGLTKGLAEHF,saure,ATCC 25923,31.18889584,1.494,development,4,DBAASP
dbaasp_6916,LQKYYARVRGGRAAVLSALPKEEQIGKASTRGRKAARRKK,saure,ATCC 25923,67.45280277,1.829,development,2,DBAASP
dbaasp_13890,RWCFRVCYRGICYRKCRG,saure,ATCC 25923,1.99986187,0.301,development,4,DBAASP
dbaasp_1204,RRWRIVVIRVRR,saure,ATCC 25923,3.999447498,0.602,development,2,DBAASP
dbaasp_16920,EKKRLLKWWR,saure,ATCC 25923,87.70008211,1.943,development,3,DBAASP
dbaasp_2204,FLSGIVGMLGKLF,saure,ATCC 25923,2.999162519,0.477,development,2,DBAASP
dbaasp_13911,RFRRLRWKTRWRLKKIRFGRFLRKIRRFRPK,saure,ATCC 25923,1.99986187,0.301,development,2,DBAASP
dbaasp_3483,IPPFIKKVLTTVF,saure,ATCC 25923,50.0034535,1.699,development,1,DBAASP
dbaasp_17360,KAAKKAAKAAKKAAKAAKKAA,saure,ATCC 25923,7.99834255,0.903,development,5,DBAASP
dbaasp_9243,RKKRWWRRKK,saure,ATCC 25923,2.985382619,0.475,development,4,DBAASP
dbaasp_3788,IKIPAFVKDTLKKVAKGVISAVAGALTQ,saure,ATCC 25923,19.9986187,1.301,development,5,DBAASP
dbaasp_11882,GLNALKKVFQKIHEAIKLINNHVQ,saure,ATCC 25923,3.999447498,0.602,development,5,DBAASP
dbaasp_13773,KWFRVYRGIYRRRR,saure,ATCC 25923,119.9499303,2.079,development,3,DBAASP
dbaasp_11238,GKLGPLLKIAAKVGSKLL,saure,ATCC 25923,2.999162519,0.477,development,3,DBAASP
dbaasp_5605,INLKAIAPLAKKLL,saure,ATCC 25923,53.70317964,1.73,development,1,DBAASP
dbaasp_9592,IWSFLIKAATKLLPSLFGGGKKDS,saure,ATCC 25923,12.5025903,1.097,development,1,DBAASP
dbaasp_18160,INLRAIAAFAKKLL,saure,ATCC 25923,20.98939884,1.322,development,3,DBAASP
dbaasp_5951,GVITDALKGAAKTVAAELLKKAHCKLTNSC,saure,ATCC 25923,100,2,development,3,DBAASP
dbaasp_12905,AKKKLSRWWLRWWVK,saure,ATCC 25923,97.49896377,1.989,development,2,DBAASP
dbaasp_9009,FFHHFARGIVHVGKTIHRLVTG,saure,ATCC 25923,4.295364268,0.633,development,5,DBAASP
dbaasp_3806,SALVGCWTKSWPPKPCFGR,saure,ATCC 25923,11.80320636,1.072,development,1,DBAASP
dbaasp_13683,WRIRWKTRWRIK,saure,ATCC 25923,1.99986187,0.301,development,2,DBAASP
dbaasp_4333,VKRFKKFFRKLKKSVKKL,saure,ATCC 25923,1.745822153,0.242,development,5,DBAASP
dbaasp_3124,GLLKRIKALL,saure,ATCC 25923,7.227698036,0.859,development,3,DBAASP
dbaasp_10341,KRFKKFFKKLKKFVKKGFKKFAKV,saure,ATCC 25923,4.305266105,0.634,development,4,DBAASP
dbaasp_5687,FFPFLLGALGSLLPKIF,saure,ATCC 25923,12.5025903,1.097,development,1,DBAASP
dbaasp_3765,GIGKFLHSAGKFGKAFLGEVMKS,saure,ATCC 25923,199.986187,2.301,development,3,DBAASP
dbAMP_20717,WKKIWKPGIKKWIKGGGQKRPRVRLSA,saure,ATCC 25923,127.9381304,2.107,development,1,dbAMP
dbaasp_8047,FLPLFLPKIICEITKKC,saure,ATCC 25923,100,2,development,3,DBAASP
dbaasp_11084,KRFKKFFRKLKKSVKKRAKEFFKKPRVIGVSIPF,saure,ATCC 25923,3.828247433,0.583,development,4,DBAASP
dbaasp_475,KKAAAFAAAAAFAAWAAFAAAKKKK,saure,ATCC 25923,31.9889511,1.505,development,1,DBAASP
dbaasp_3119,GLAKRIKTLL,saure,ATCC 25923,34.75361614,1.541,development,4,DBAASP
dbaasp_14123,GVTFNALKGVAKTVAAQLLKTAR,saure,ATCC 25923,15.99558029,1.204,development,5,DBAASP
dbaasp_13505,RWCRRYRVRVRGVLVYAYVCW,saure,ATCC 25923,15.99558029,1.204,development,3,DBAASP
dbAMP_15955,FLGALWNVAKKVF,saure,ATCC 25923,63.97348355,1.806,development,4,dbAMP
dbaasp_14712,AILRKATRRLVKLIV,saure,ATCC 25923,25.00345362,1.398,development,2,DBAASP
dbaasp_10695,RRPWRWPWWPWRR,saure,ATCC 25923,15.59552503,1.193,development,3,DBAASP
dbaasp_10073,KCRQWQSKIRRTNPIFCIRR,saure,ATCC 25923,24.88857318,1.396,development,2,DBAASP
dbaasp_759,ACYCRIPACIAGERRYGTCIYQGRLWAFCC,saure,ATCC 25923,4.93173804,0.693,development,3,DBAASP
dbaasp_10681,CRKKKC,saure,ATCC 25923,2.679168325,0.428,development,1,DBAASP
dbaasp_8146,KAKKFGKAFVKI,saure,ATCC 25923,380.1893963,2.58,development,1,DBAASP
dbaasp_19864,FLPKVAKLLKELL,saure,ATCC 25923,7.99834255,0.903,development,5,DBAASP
dbaasp_4384,GILDTVKGVAKDVAAHLLNMVKCKITGC,saure,ATCC 25923,79.9834255,1.903,development,1,DBAASP
dbaasp_2294,FLGALLGPLMNLLQ,saure,ATCC 25923,159.9558029,2.204,development,5,DBAASP
dbaasp_4558,LWGTRSGIQP,saure,ATCC 25923,100,2,development,4,DBAASP
dbaasp_18374,GRWLRKIRRWRPKRW,saure,ATCC 25923,1.874994508,0.273,development,5,DBAASP
dbaasp_13787,LRRLLRWLRRLLRR,saure,ATCC 25923,0.79615935,-0.099,development,3,DBAASP
dbaasp_19844,FLEIVAKLLSGLL,saure,ATCC 25923,15.99558029,1.204,development,2,DBAASP
dbAMP_01645,FFGHLFRGIINVGKHIHGLLSG,saure,ATCC 25923,3.250872974,0.512,development,5,dbAMP
dbaasp_16591,DILIIVGGRR,saure,ATCC 25923,63.97348355,1.806,development,4,DBAASP
dbaasp_168,KWKSFIKKLTTAVKKVLTTGLPALIS,saure,ATCC 25923,2.805433638,0.448,development,3,DBAASP
dbaasp_3582,FLPVLTGLTPSIVPKLVCLLTKKC,saure,ATCC 25923,50.0034535,1.699,development,5,DBAASP
dbaasp_1723,RRAAVVLIVIRR,saure,ATCC 25923,7.834296428,0.894,development,3,DBAASP
dbAMP_02560,GFGCPLNQGACHNHCRSIRRRGGYCSGIIKQTCTCYRN,saure,ATCC 25923,2.96483139,0.472,development,2,dbAMP
dbaasp_16143,FLPALAGIAGLLGKIF,saure,ATCC 25923,3.118889584,0.494,development,3,DBAASP
dbaasp_9126,ASITHVKNRGKYIYMHLKFRKTNVLI,saure,ATCC 25923,5.140436516,0.711,development,4,DBAASP
dbaasp_14243,GWWRRWRRWWA,saure,ATCC 25923,1.99986187,0.301,development,3,DBAASP
dbaasp_2201,FLPILAGLAAKIVPKLFCLATKKC,saure,ATCC 25923,1.99986187,0.301,development,3,DBAASP
dbaasp_14213,ILGKIWKGKKSLF,saure,ATCC 25923,0.799834255,-0.097,development,5,DBAASP
dbaasp_19012,KAIAAFAKKFFI,saure,ATCC 25923,37.41105883,1.573,development,3,DBAASP
dbaasp_11394,YKARRWAWRMK,saure,ATCC 25923,32.5836701,1.513,development,5,DBAASP
dbaasp_17292,RRGWAARLFAAFGRR,saure,ATCC 25923,29.99162519,1.477,development,4,DBAASP
dbaasp_1549,GLARIVVIRVAR,saure,ATCC 25923,48.3058802,1.684,development,5,DBAASP
dbaasp_8425,GLLSGILGAGKRIVCGLSGLC,saure,ATCC 25923,5.081594426,0.706,development,2,DBAASP
dbAMP_15895,WRHWRRFWHR,saure,ATCC 25923,24.94594727,1.397,development,3,dbAMP
dbaasp_13682,WRVRWKTRWRVK,saure,ATCC 25923,3.999447498,0.602,development,3,DBAASP
dbaasp_11883,GLNALKKVFQKIHEAIKKINNHVQ,saure,ATCC 25923,7.99834255,0.903,development,1,DBAASP
dbaasp_3684,GLLDTIKNMALNAAKSAGVSVLNSLSCKDSKTC,saure,ATCC 25923,1.737800829,0.24,development,4,DBAASP
dbaasp_3822,GLGSLVGNALRIGAKLL,saure,ATCC 25923,12.5025903,1.097,development,1,DBAASP
dbaasp_7119,FKVTWKTKWWKG,saure,ATCC 25923,6.194410751,0.792,development,2,DBAASP
dbaasp_12580,PIRRPPIRPPFYPPFRPPIRP,saure,ATCC 25923,63.97348355,1.806,development,4,DBAASP
dbAMP_24868,IKKIWSKIKKWLK,saure,ATCC 25923,5.942921586,0.774,development,2,dbAMP
dbaasp_3475,FLGALWNVAKSVF,saure,ATCC 25923,10,1,development,3,DBAASP
dbaasp_13889,KWCFRVCYRGICYRRCRG,saure,ATCC 25923,1.99986187,0.301,development,3,DBAASP
dbaasp_16897,KIAKRIWKILRRRLFR,saure,ATCC 25923,3.655947916,0.563,development,2,DBAASP
dbaasp_17658,GWFKRIKTFW,saure,ATCC 25923,15.99558029,1.204,development,2,DBAASP
dbaasp_1089,RLSRIVVIRVCR,saure,ATCC 25923,11.0153931,1.042,development,3,DBAASP
dbAMP_20714,WKKIWKPGIKKWKK,saure,ATCC 25923,127.9381304,2.107,development,4,dbAMP
dbAMP_19402,FRLKKRRWKYRVPP,saure,ATCC 25923,4.920395357,0.692,development,2,dbAMP
dbaasp_19852,FLPIVAKLLSELL,saure,ATCC 25923,15.99558029,1.204,development,2,DBAASP
dbaasp_10486,FFGWLIKGAIHAPKAIHGLIHRRRH,saure,ATCC 25923,2.999162519,0.477,development,4,DBAASP
dbaasp_11165,KRFKKFFRKIKKGFRKIFKKTKIFIGGTIPI,saure,ATCC 25923,9.908319449,0.996,development,4,DBAASP
dbaasp_14209,RWRWWWRWRL,saure,ATCC 25923,3.999447498,0.602,development,1,DBAASP
dbaasp_12596,FFRRFRRFF,saure,ATCC 25923,3.999447498,0.602,development,2,DBAASP
dbaasp_5244,PRPPRLPRPRPRPLPFPRPGPRPIPRPLPFP,saure,ATCC 25923,127.9381304,2.107,development,5,DBAASP
dbaasp_9723,FPVTWRWWTWWKG,saure,ATCC 25923,17.61976046,1.246,development,4,DBAASP
dbAMP_16174,LKKLLKLLKKLLKLAG,saure,ATCC 25923,0.109900584,-0.959,development,4,dbAMP
dbaasp_361,GCKKFRRLKWKYKGKFWFWCG,saure,ATCC 25923,11.69499391,1.068,development,4,DBAASP
dbaasp_16432,LKKLACRLKKLACRLKKLACR,saure,ATCC 25923,15.99558029,1.204,development,4,DBAASP
dbaasp_4422,IKLSPETKKNLKKVLKGAIKGAIAVAKMV,saure,ATCC 25923,3.097419299,0.491,development,2,DBAASP
dbaasp_16925,KLLRKKFWWG,saure,ATCC 25923,186.2087137,2.27,development,1,DBAASP
dbaasp_19605,WRWRRRRFRWRW,saure,ATCC 25923,7.99834255,0.903,development,5,DBAASP
dbAMP_19474,LRLRKRRWKYRVPP,saure,ATCC 25923,6.561452663,0.817,development,1,dbAMP
dbaasp_6006,FLPILGKLLSGLL,saure,ATCC 25923,10,1,development,4,DBAASP
dbaasp_4213,FLPAIVGAAAKFLPKIFCAISKKC,saure,ATCC 25923,1.499684836,0.176,development,1,DBAASP
dbaasp_9133,RMKLNAKKLSFC,saure,ATCC 25923,45.08167045,1.654,development,3,DBAASP
dbaasp_2027,KWCVYAYVKVKGVLVKYKKCW,saure,ATCC 25923,1.99986187,0.301,development,2,DBAASP
dbaasp_12430,WKLLSKAQEKFGKNKSRC,saure,ATCC 25923,116.1448614,2.065,development,4,DBAASP
dbaasp_18173,FVQWLSKFLGRIL,saure,ATCC 25923,14.99684836,1.176,development,5,DBAASP
dbaasp_19577,KVVKKVKKKVKKVVK,saure,ATCC 25923,50.0034535,1.699,development,4,DBAASP
dbaasp_16333,RRIRFPFPPFPWQWPPAGFPTFHIPRIPRKQ,saure,ATCC 25923,15.99558029,1.204,development,5,DBAASP
dbaasp_4329,VKRFKKFFRKLKKSVK,saure,ATCC 25923,0.974989638,-0.011,development,2,DBAASP
dbaasp_3145,GLLKRIKFLL,saure,ATCC 25923,6.760829754,0.83,development,4,DBAASP
dbaasp_4524,FLGALFHALSKLL,saure,ATCC 25923,1,0,development,1,DBAASP
dbaasp_14487,RWRRPIRRRPIRPPFWR,saure,ATCC 25923,63.97348355,1.806,development,2,DBAASP
dbaasp_17326,KVMREVLGYERNSYKKFFLR,saure,ATCC 25923,127.9381304,2.107,development,5,DBAASP
dbaasp_20019,KRRKFWKKVLKKLKKIL,saure,ATCC 25923,1.051961874,0.022,development,4,DBAASP
dbaasp_19353,AHPKVKRKLKRMQRKKDGKQKRH,saure,ATCC 25923,4.365158322,0.64,development,5,DBAASP
dbaasp_18752,YNKKYMKHLKPCKKA,saure,ATCC 25923,37.49730022,1.574,development,1,DBAASP
dbaasp_6667,KALWKTLLKKVLKA,saure,ATCC 25923,1.499684836,0.176,development,2,DBAASP
dbaasp_17328,GLAKVMRKVLGYLRNVYK,saure,ATCC 25923,3.999447498,0.602,development,2,DBAASP
dbaasp_18815,RWVRVPGRWVRV,saure,ATCC 25923,26.00159563,1.415,development,3,DBAASP
dbaasp_14896,GLFDIIKKIAEAF,saure,ATCC 25923,22.1309471,1.345,development,4,DBAASP
dbaasp_12834,INWLKIAAAVAGML,saure,ATCC 25923,172.1868575,2.236,development,5,DBAASP
dbaasp_18156,INLKAIAASAKKLL,saure,ATCC 25923,178.2378767,2.251,development,1,DBAASP
dbaasp_13631,KWYKKWYKKWYK,saure,ATCC 25923,3.999447498,0.602,development,1,DBAASP
dbAMP_02293,FPVTWPTKWRKG,saure,ATCC 25923,134.5860354,2.129,development,2,dbAMP
dbAMP_28236,LAREYKKIVEKLKRWLRQVLRTLR,saure,ATCC 25923,4.875284901,0.688,development,2,dbAMP
dbaasp_5855,ARLKKCFNKVTGYCRKKCKVGERYEIGCLSGKLCCAN,saure,ATCC 25923,6.011737375,0.779,development,1,DBAASP
dbaasp_18191,FPFLLSLIPSAISALKKL,saure,ATCC 25923,5.152286446,0.712,development,5,DBAASP
dbaasp_13066,AARIILRIRFR,saure,ATCC 25923,1.99986187,0.301,development,2,DBAASP
dbaasp_1200,RLRRIVVIRVAR,saure,ATCC 25923,5.370317964,0.73,development,4,DBAASP
dbaasp_19519,ASVVNKLTGKVAGLLK,saure,ATCC 25923,127.9381304,2.107,development,5,DBAASP
dbaasp_18165,FLQGIIDTVGKWL,saure,ATCC 25923,100,2,development,5,DBAASP
dbaasp_17661,GLLKRWKTLL,saure,ATCC 25923,127.9381304,2.107,development,2,DBAASP
dbaasp_3567,GIFSALAAGVKLLGNTLFKMAGKAGAEHLACKATNQC,saure,ATCC 25923,12.5025903,1.097,development,1,DBAASP
dbaasp_12859,MARNKPLGKKLRLAAAFK,saure,ATCC 25923,128.2330583,2.108,development,5,DBAASP
dbAMP_00217,AGWGSIFKHIFKAGKFIHGAIQAHND,saure,ATCC 25923,7.99834255,0.903,development,3,dbAMP
dbAMP_27619,WRPGRWWRPGRWWRPGRW,saure,ATCC 25923,127.9381304,2.107,development,3,dbAMP
dbaasp_17679,KWWKKWKKWW,saure,ATCC 25923,3.999447498,0.602,development,2,DBAASP
dbaasp_10290,GYFPGRPPFPRPFPRPPSRPFPRPPFPGPFPRPYPWR,saure,ATCC 25923,50.0034535,1.699,development,5,DBAASP
dbaasp_16984,RKRWWRWWKWWKR,saure,ATCC 25923,7.51622894,0.876,development,1,DBAASP
dbaasp_13677,RWLRWKTRWRLK,saure,ATCC 25923,15.99558029,1.204,development,1,DBAASP
dbaasp_17294,RRGWARRLFAAFGRR,saure,ATCC 25923,29.99162519,1.477,development,2,DBAASP
dbaasp_1632,GLWEKVKEKANELVSGIVEGVK,saure,ATCC 25923,41.78303666,1.621,development,1,DBAASP
dbaasp_19860,FLPIVAKLLSKLL,saure,ATCC 25923,7.99834255,0.903,development,5,DBAASP
dbAMP_20712,WKKIWKPGIKKWIKKK,saure,ATCC 25923,63.97348355,1.806,development,1,dbAMP
dbaasp_3709,GVFTLIKGATQLIGKTLGKELGKTGLEIMACKITKQC,saure,ATCC 25923,4.073802778,0.61,development,4,DBAASP
dbaasp_10717,WGRRWRIRIPRLPRPWPPRPKWPRSATINTDQ,saure,ATCC 25923,15.99558029,1.204,development,2,DBAASP
dbaasp_4396,LKLSPKTKDTLKKVLKGAIKGAIAIASMA,saure,ATCC 25923,2.500345362,0.398,development,4,DBAASP
dbaasp_12814,GFWNVVYRNGVRVHRRN,saure,ATCC 25923,0.946237161,-0.024,development,1,DBAASP
dbaasp_7061,WFKMRWWGR,saure,ATCC 25923,2.897343588,0.462,development,3,DBAASP
dbaasp_1735,KRFRIRVRVIRK,saure,ATCC 25923,3.732501578,0.572,development,5,DBAASP
dbaasp_18167,LWGALLGLGSTLLSKL,saure,ATCC 25923,9.289663868,0.968,development,5,DBAASP
dbaasp_20013,LGLFKKLLRLILKGFKL,saure,ATCC 25923,0.59020108,-0.229,development,5,DBAASP
dbaasp_5710,GVFGLLAKAALKGASKLIPHLLPSRQQ,saure,ATCC 25923,1,0,development,2,DBAASP
dbaasp_10642,GRFRRLRKKTRK,saure,ATCC 25923,127.9381304,2.107,development,2,DBAASP
dbaasp_5713,GLKEVAHSAKKFAKGFISGLTGS,saure,ATCC 25923,255.8585887,2.408,development,5,DBAASP
dbaasp_19610,LKLKRRRFKLKL,saure,ATCC 25923,31.9889511,1.505,development,4,DBAASP
dbaasp_3706,GVFTLIKGATQLIGKTLGKEVGKTGLELMACKITKQC,saure,ATCC 25923,1.061695557,0.026,development,3,DBAASP
dbaasp_14316,FLSLIPHVISAIPHVVNALSNL,saure,ATCC 25923,217.7709772,2.338,development,2,DBAASP
dbaasp_9010,FFHHIFRGIVHIGKTIHRLVTG,saure,ATCC 25923,0.799834255,-0.097,development,5,DBAASP
dbAMP_25440,PHVALKPGKLKFIIPSPKRPVKLLSG,saure,ATCC 25923,5.571857489,0.746,development,2,dbAMP
dbaasp_15891,RLWKIGKVLKWI,saure,ATCC 25923,1.99986187,0.301,development,2,DBAASP
dbaasp_19940,WRSWRSWRSWRS,saure,ATCC 25923,15.99558029,1.204,development,5,DBAASP
dbaasp_4231,GLMDTIKGVAKNVAASLLEKLKCKVTGC,saure,ATCC 25923,79.9834255,1.903,development,5,DBAASP
dbaasp_16586,DILIIVGGKQRKKRRR,saure,ATCC 25923,7.99834255,0.903,development,3,DBAASP
dbaasp_10711,MMRVMRRKTKVIWEKKDFIGLYSID,saure,ATCC 25923,0.990831945,-0.004,development,5,DBAASP
dbaasp_12599,RWRWWWRWR,saure,ATCC 25923,3.999447498,0.602,development,1,DBAASP
dbaasp_7096,KRKKRFKWW,saure,ATCC 25923,2.600159563,0.415,development,5,DBAASP
dbAMP_24648,KWKSFLKTFKSAKKTVAHTAAKAISS,saure,ATCC 25923,17.57923614,1.245,development,4,dbAMP
dbaasp_7072,FFIYVWRRR,saure,ATCC 25923,1.90107828,0.279,development,2,DBAASP
dbaasp_17324,GLHKVMREVLGYERNSYKKFFLR,saure,ATCC 25923,63.97348355,1.806,development,5,DBAASP
dbaasp_6668,ALWKTLLKKVLKA,saure,ATCC 25923,0.749894209,-0.125,development,5,DBAASP
dbaasp_16921,KWWKLLRKKR,saure,ATCC 25923,21.92804935,1.341,development,5,DBAASP
dbaasp_9534,IRKLKSWKWLRWL,saure,ATCC 25923,31.9889511,1.505,development,1,DBAASP
dbaasp_3683,SFLDTLKNLAISAAKGAGQSVLSTLSCKLSETC,saure,ATCC 25923,1.97696964,0.296,development,2,DBAASP
dbaasp_7683,VQLRCRVCVIRK,saure,ATCC 25923,43.95416154,1.643,development,1,DBAASP
dbaasp_10825,AVAGEKLWLLPHLLKMLLTPTP,saure,ATCC 25923,165.1961798,2.218,development,3,DBAASP
dbaasp_5859,LVQRGRFGRFLRKIRRFRPKVTITIQGSARF,saure,ATCC 25923,0.500034535,-0.301,development,2,DBAASP
dbaasp_17684,WRLWRL,saure,ATCC 25923,127.9381304,2.107,development,2,DBAASP
dbaasp_13578,VDKPPYLPRPRPPRRKYNR,saure,ATCC 25923,13.39676687,1.127,development,5,DBAASP
dbAMP_19455,LRLKKRRFKYRVPP,saure,ATCC 25923,27.16439269,1.434,development,3,dbAMP
dbAMP_10491,RIKRFWPVVIRTVVAG,saure,ATCC 25923,33.26595533,1.522,development,1,dbAMP
dbaasp_14470,RFRWPIRRPPIRPPFYR,saure,ATCC 25923,63.97348355,1.806,development,1,DBAASP
dbaasp_18781,FLKHIKSFWRGAKAIFRGARQGWREHR,saure,ATCC 25923,2.824879975,0.451,development,5,DBAASP
dbaasp_10753,EKALEKLIAIQKAIKGMLNGWFTGVGFRRKR,saure,ATCC 25923,127.9381304,2.107,development,3,DBAASP
dbaasp_775,LVIRTVIAGYNLYRAIKKK,saure,ATCC 25923,2.79898132,0.447,development,2,DBAASP
dbaasp_8975,VAKGLIKGVKAKGELPAKGVFKGLKESIGKRAVLKG,saure,ATCC 25923,8.749837752,0.942,development,3,DBAASP
dbaasp_20001,KLRWYFKL,saure,ATCC 25923,15.99558029,1.204,development,1,DBAASP
dbaasp_1673,FIGPVLKIAAGILPTAICKIFKKC,saure,ATCC 25923,0.926829823,-0.033,development,3,DBAASP
dbaasp_7047,KRWWKWWRR,saure,ATCC 25923,0.699841996,-0.155,development,4,DBAASP
dbaasp_18131,KWKSFLKTFKSAKKTVKHTLLKAISS,saure,ATCC 25923,41.78303666,1.621,development,3,DBAASP
dbaasp_3732,GLFSKFAGKGIVNFLIEGVE,saure,ATCC 25923,7.261059574,0.861,development,1,DBAASP
dbaasp_16323,FRWKYPKPLKR,saure,ATCC 25923,66.68067692,1.824,development,4,DBAASP
dbaasp_19552,ASVVKKWTKGWAKLLK,saure,ATCC 25923,127.9381304,2.107,development,2,DBAASP
dbaasp_20060,VWWRRRWWV,saure,ATCC 25923,7.99834255,0.903,development,3,DBAASP
dbaasp_16442,GVVDILKGAAKDLAGH,saure,ATCC 25923,20.23019179,1.306,development,5,DBAASP
dbaasp_14312,ASWKVFLKNIGKAAGKAVLNSVTDMVNQ,saure,ATCC 25923,2.679168325,0.428,development,5,DBAASP
dbaasp_7586,NGVQPWYKWWKWWKKWW,saure,ATCC 25923,36.72823005,1.565,development,2,DBAASP
dbAMP_25342,FPLTCPTKWWKG,saure,ATCC 25923,69.18309709,1.84,development,3,dbAMP
dbaasp_16781,GNLKKLLAVAKKIL,saure,ATCC 25923,15.99558029,1.204,development,4,DBAASP
dbaasp_506,FLPLIGRVLSGIL,saure,ATCC 25923,2.600159563,0.415,development,4,DBAASP
dbaasp_4731,FWGALAKGALKLIGVGSLFSSFSKKD,saure,ATCC 25923,74.98942093,1.875,development,1,DBAASP
dbaasp_18385,MRWGRWLRKIRRWRPK,saure,ATCC 25923,1.766037821,0.247,development,5,DBAASP
dbaasp_13691,WKLKWKLKWKLK,saure,ATCC 25923,1.99986187,0.301,development,5,DBAASP
dbaasp_3391,IGKEFKRIVQRIKDFLRNLVPRTES,saure,ATCC 25923,169.0440932,2.228,development,5,DBAASP
dbAMP_15871,FRIRVRVFKRIVQRIKDFLR,saure,ATCC 25923,1.52054753,0.182,development,3,dbAMP
dbaasp_5317,RIIDLLWRVRRPQKPKFVTVWVR,saure,ATCC 25923,0.016634127,-1.779,development,5,DBAASP
dbaasp_14100,GRFRRLRKKTRKRLKKIGKVLKWIKKIVGSIPLGCG,saure,ATCC 25923,0.005956621,-2.225,development,4,DBAASP
dbaasp_17357,KLGKKLGKLGKKLG,saure,ATCC 25923,21.97859873,1.342,development,4,DBAASP
dbaasp_979,KSSTRGRKSSRRKK,saure,ATCC 25923,311.1716337,2.493,development,1,DBAASP
dbaasp_4398,ITIPPIVKDTLKKFFKGGIAGVMGKSQ,saure,ATCC 25923,39.99447498,1.602,development,2,DBAASP
dbAMP_24591,GIGKFLHSAKKFFKRIVQRIKDFLR,saure,ATCC 25923,1.555965632,0.192,development,3,dbAMP
dbaasp_10716,RRRRRYRYWRRGLTIQGRPKSLPLNTGD,saure,ATCC 25923,1.99986187,0.301,development,1,DBAASP
dbaasp_13929,KKLRLKIAFK,saure,ATCC 25923,31.9889511,1.505,development,1,DBAASP
dbaasp_20252,WIKKIWKKIK,saure,ATCC 25923,7.99834255,0.903,development,3,DBAASP
dbaasp_19126,GFFKKAKRKVKKAFRRVL,saure,ATCC 25923,14.62177174,1.165,development,1,DBAASP
dbaasp_5208,KWKKLLKKPLLKKLLKKL,saure,ATCC 25923,1.559552503,0.193,development,2,DBAASP
dbaasp_13586,VDKPPYLPRPRPPRHIYNR,saure,ATCC 25923,54.32503315,1.735,development,5,DBAASP
dbaasp_16780,LNLKALLAVAK,saure,ATCC 25923,127.9381304,2.107,development,5,DBAASP
dbaasp_3707,GVFTLLKGATQLIGKTLGKELGKTGLELMACKITNQC,saure,ATCC 25923,2.046444637,0.311,development,1,DBAASP
dbaasp_20080,VRWRRRWRV,saure,ATCC 25923,1,0,development,3,DBAASP
dbaasp_4391,KGLGKDLAKLGVDLVACKISKQC,saure,ATCC 25923,199.986187,2.301,development,1,DBAASP
dbaasp_14038,GGHGLFDVIKKVASVIGGL,saure,ATCC 25923,8.994975815,0.954,development,5,DBAASP
dbaasp_13507,WCRRYRVLVRGVLVRYRRCW,saure,ATCC 25923,3.999447498,0.602,development,1,DBAASP
dbaasp_9129,GTKRGKLCRISRLAL,saure,ATCC 25923,38.72576449,1.588,development,3,DBAASP
dbaasp_4158,SIGAKILGGVKTFFKGALKELAFTYLQ,saure,ATCC 25923,13.00169578,1.114,development,1,DBAASP
dbaasp_16911,ILKPKLWKLTVVARKIIK,saure,ATCC 25923,63.97348355,1.806,development,2,DBAASP
dbaasp_3791,GFGSFLGSLFKTGLKIIPKLLPSIQQ,saure,ATCC 25923,5.00034535,0.699,development,2,DBAASP
dbAMP_25314,KARRAVRAI,saure,ATCC 25923,2.741574172,0.438,development,4,dbAMP
dbaasp_17351,KLAKKLA,saure,ATCC 25923,100,2,development,2,DBAASP
dbaasp_10931,GFGSKPLDSFGLNFF,saure,ATCC 25923,18.57804455,1.269,development,3,DBAASP
dbaasp_8159,AFFARLLASVRAAVKAFAKKPRLIGLSTLL,saure,ATCC 25923,62.23002852,1.794,development,5,DBAASP
dbaasp_3728,GLFTLIKGAYKLDAPTVACN,saure,ATCC 25923,9.682778563,0.986,development,1,DBAASP
dbaasp_17693,WRWWRWWRW,saure,ATCC 25923,3.999447498,0.602,development,4,DBAASP
dbaasp_9159,GIGKALKKAKKGIGAVLKVLTTGL,saure,ATCC 25923,3.999447498,0.602,development,2,DBAASP
dbAMP_19479,LRLQKRRWKYRVPP,saure,ATCC 25923,13.30454418,1.124,development,1,dbAMP
dbaasp_18343,CGPLGVRGKRLWDIVRRWVGWL,saure,ATCC 25923,47.97334486,1.681,development,5,DBAASP
dbAMP_19497,LRLKKRTWKYRVPP,saure,ATCC 25923,6.854882265,0.836,development,1,dbAMP
dbaasp_3647,TSRCIFYRRKKCS,saure,ATCC 25923,73.62070975,1.867,development,3,DBAASP
dbaasp_4479,HNKQEGRDHDKSKGHFHRVVIHHKGGKAH,saure,ATCC 25923,29.99162519,1.477,development,5,DBAASP
dbaasp_4618,FVQWFSKFLLRIL,saure,ATCC 25923,47.97334486,1.681,development,2,DBAASP
dbaasp_17329,KVMRKVLGYLRNVYK,saure,ATCC 25923,127.9381304,2.107,development,5,DBAASP
dbaasp_5699,GAFGDLLKGVAKEAGLKLLNMAQCKLSGNC,saure,ATCC 25923,100,2,development,1,DBAASP
dbaasp_19642,KFAKFAKKFAKFAKGGFFGLM,saure,ATCC 25923,3.404081897,0.532,development,1,DBAASP
dbaasp_13646,KWVKKWVKKWVK,saure,ATCC 25923,15.99558029,1.204,development,5,DBAASP
dbaasp_14897,GLFDIIKKIAESA,saure,ATCC 25923,368.9775986,2.567,development,3,DBAASP
dbaasp_19609,IKIKRRRFKIKI,saure,ATCC 25923,31.9889511,1.505,development,1,DBAASP
dbaasp_10450,RLLRKFFRKLKKSV,saure,ATCC 25923,35.56313186,1.551,development,5,DBAASP
dbaasp_14625,FFGALFKLATKIIPSLFR,saure,ATCC 25923,2.999162519,0.477,development,4,DBAASP
dbaasp_4392,GLGKDLAKLGVDLVACKISKQC,saure,ATCC 25923,199.986187,2.301,development,2,DBAASP
dbaasp_10212,FLPAIIGMAAKVLPAFLCKITKKC,saure,ATCC 25923,4.698941086,0.672,development,2,DBAASP
dbaasp_17688,WRFWRF,saure,ATCC 25923,15.99558029,1.204,development,2,DBAASP
dbaasp_3901,ALYKKFKKKLLKSLKRLG,saure,ATCC 25923,69.3425806,1.841,development,3,DBAASP
dbaasp_15842,WNPFKELEKAGQRVRDAIISAKPAVDVVGQATAIIK,saure,ATCC 25923,128.2330583,2.108,development,5,DBAASP
dbaasp_7484,VDKPPYLPRPRPPRRIYNR,saure,ATCC 25923,26.97739432,1.431,development,1,DBAASP
dbaasp_13583,VPKPPYLPRPRPPRRFYNH,saure,ATCC 25923,3.372873087,0.528,development,3,DBAASP
DRAMP01413,GLLGSIFGAGKKIACALSGLC,saure,ATCC 25923,27.9898132,1.447,development,1,DRAMP
dbaasp_11363,DNTDSVVKIQSWFRMATARKSYL,saure,ATCC 25923,25.58585887,1.408,development,5,DBAASP
dbaasp_4118,GIFGKILGVGKKVLCGLSGMC,saure,ATCC 25923,7.762471166,0.89,development,1,DBAASP
dbaasp_10316,RWKRWWRLL,saure,ATCC 25923,11.58777356,1.064,development,4,DBAASP
dbaasp_5932,GLFKVLGSVAKHLLPHVAPIIAEKL,saure,ATCC 25923,4.56036916,0.659,development,3,DBAASP
dbaasp_16002,GSVLRAIMRMFAKLMG,saure,ATCC 25923,36.30780548,1.56,development,4,DBAASP
dbAMP_24650,KWKKPLLKKLLKKL,saure,ATCC 25923,3.435579479,0.536,development,4,dbAMP
dbaasp_10169,KFWSLLKKALRLWANVL,saure,ATCC 25923,7.726805851,0.888,development,4,DBAASP
dbaasp_13629,KWYKKWYK,saure,ATCC 25923,63.97348355,1.806,development,4,DBAASP
dbaasp_13854,FFHHIFRGIVHVGKTKHRLVTG,saure,ATCC 25923,2.415460834,0.383,development,4,DBAASP
dbaasp_12844,FKKLKKLFSKLKNWW,saure,ATCC 25923,3.19889511,0.505,development,1,DBAASP
dbaasp_3737,ENAEEDIVLMENLFCSYIVGSADSFWT,saure,ATCC 25923,65.31305526,1.815,development,3,DBAASP
dbaasp_7064,FIKWKFRWWKWRK,saure,ATCC 25923,0.699841996,-0.155,development,3,DBAASP
dbaasp_3118,GALKRIKTLL,saure,ATCC 25923,39.26449354,1.594,development,2,DBAASP
dbaasp_5714,GWASSIGSILGKFAKGGAQAFLQPK,saure,ATCC 25923,255.8585887,2.408,development,2,DBAASP
dbaasp_14272,GLKRIFKSGLGKLVKGISAHVAS,saure,ATCC 25923,62.51726928,1.796,development,1,DBAASP
dbaasp_708,GLLSRLRDFLSDRGRRLGEKIERIGQKIKDLSEFFQS,saure,ATCC 25923,0.011271975,-1.948,development,4,DBAASP
dbaasp_13590,AVDRAV,saure,ATCC 25923,100,2,development,1,DBAASP
dbaasp_13582,VRKPPYLPRPRWPRRFYNR,saure,ATCC 25923,0.394457302,-0.404,development,3,DBAASP
dbaasp_1238,ENFFKEIERAGQRIRDAIISAAPAVETLAQAQKIIKGGD,saure,ATCC 25923,100,2,development,4,DBAASP
dbaasp_3739,RFIYMKGFGKPRFGKR,saure,ATCC 25923,12.67651866,1.103,development,4,DBAASP
dbaasp_18650,RLLRWWWRLLR,saure,ATCC 25923,7.99834255,0.903,development,5,DBAASP
dbaasp_20059,WWWRRRWWW,saure,ATCC 25923,3.999447498,0.602,development,5,DBAASP
dbAMP_25011,FLKGIKGMLGKLL,saure,ATCC 25923,2.21309471,0.345,development,4,dbAMP
dbaasp_3818,GWASKIGQTLGKMAKVGLQEIIQPK,saure,ATCC 25923,50.0034535,1.699,development,4,DBAASP
dbaasp_10215,GLWTTIKEGLKKFSLGVLDKIRCKIAGGC,saure,ATCC 25923,37.49730022,1.574,development,5,DBAASP
dbaasp_4401,ITIPPIVKDTLKKFFKGGIAGVMGQ,saure,ATCC 25923,39.99447498,1.602,development,4,DBAASP
dbaasp_8817,AKRLKKLAKKIWKWL,saure,ATCC 25923,15.99558029,1.204,development,2,DBAASP
dbaasp_12663,RRIWRR,saure,ATCC 25923,3.380648362,0.529,development,1,DBAASP
dbAMP_02546,GFGCPFDQGACHRHCQSIGRRGGYCAGFIKQTCTCYHN,saure,ATCC 25923,127.9381304,2.107,development,3,dbAMP
dbaasp_10041,RRWQWRLCYCRRRFCVCVG,saure,ATCC 25923,3.16227766,0.5,development,3,DBAASP
DRAMP03040,FDVMGIIKKIAGAL,saure,ATCC 25923,29.99162519,1.477,development,2,DRAMP
dbaasp_7679,KQWRIRVAVIRA,saure,ATCC 25923,21.67704105,1.336,development,1,DBAASP
dbaasp_13770,KWFRVYRGIYRR,saure,ATCC 25923,14.99684836,1.176,development,4,DBAASP
dbaasp_18121,KWKSKLKTKKSAKKTVKHTALKAISS,saure,ATCC 25923,85.90135215,1.934,development,4,DBAASP
dbAMP_19480,LRLKRRRWKYRVPP,saure,ATCC 25923,6.561452663,0.817,development,1,dbAMP
dbaasp_7153,KLLLKLKLKLLKGWKRKRFG,saure,ATCC 25923,3.999447498,0.602,development,2,DBAASP
dbAMP_19460,LRLKKRRWKFRVPP,saure,ATCC 25923,6.714288529,0.827,development,5,dbAMP
dbAMP_27520,RRIRPRPPRLPRPRPRPLPYPRP,saure,ATCC 25923,149.9684836,2.176,development,3,dbAMP
dbaasp_10601,GCRRLCYKQRCVTYCRGR,saure,ATCC 25923,31.9889511,1.505,development,4,DBAASP
dbaasp_17248,FLKILKKLL,saure,ATCC 25923,14.5881426,1.164,development,3,DBAASP
dbAMP_27557,NKKAGLFVVQFPKKY,saure,ATCC 25923,7.99834255,0.903,development,1,dbAMP
dbaasp_4148,GIGTKILGGVKAALKGALKELASTYVN,saure,ATCC 25923,3.539973411,0.549,development,4,DBAASP
dbaasp_550,SWKSMAKKLKEYMEKLKQRA,saure,ATCC 25923,34.04081897,1.532,development,2,DBAASP
dbAMP_19472,LTLKKRRWKYRVPP,saure,ATCC 25923,13.70881766,1.137,development,4,dbAMP
dbaasp_4159,GIGGALLSAGKSALKGLAKGLAEHL,saure,ATCC 25923,8.128305162,0.91,development,2,DBAASP
dbaasp_17673,GLWKRWKKFW,saure,ATCC 25923,7.99834255,0.903,development,2,DBAASP
dbaasp_16197,GLFWIIKKTIGKLR,saure,ATCC 25923,77.09034691,1.887,development,5,DBAASP
dbaasp_5843,FWGALAKGALKLIGPGSLFSSFSKKD,saure,ATCC 25923,12.5025903,1.097,development,4,DBAASP
dbaasp_18394,KRIGWRWRCRWPRLRK,saure,ATCC 25923,3.580964371,0.554,development,4,DBAASP
dbaasp_3726,GFMATAKNVAKNMDVTLLDNLKCKITKAC,saure,ATCC 25923,1.312199899,0.118,development,2,DBAASP
dbaasp_4563,WKSYVRRWRSRY,saure,ATCC 25923,31.9889511,1.505,development,3,DBAASP
dbaasp_4652,FFGWLIKGAIHAGKAIHGLIHRRRH,saure,ATCC 25923,2.999162519,0.477,development,4,DBAASP
dbaasp_1449,KWKSFLKTFKLAVKTVLHTALKAISS,saure,ATCC 25923,10.91440336,1.038,development,2,DBAASP
dbaasp_12769,HLGHHALDHLLK,saure,ATCC 25923,9099.132726,3.959,development,4,DBAASP
dbaasp_1561,RRWVIWRR,saure,ATCC 25923,13.24341535,1.122,development,5,DBAASP
dbaasp_5251,PRPLPFPRPGPRPI,saure,ATCC 25923,127.9381304,2.107,development,5,DBAASP
dbaasp_18387,CPKRWGRWLRKIRRWR,saure,ATCC 25923,3.580964371,0.554,development,2,DBAASP
dbaasp_1361,FKCRRWQWRMKKLGAPSITCVRRAF,saure,ATCC 25923,5.152286446,0.712,development,2,DBAASP
dbaasp_10050,GLFDKWAWWRWRR,saure,ATCC 25923,67.76415076,1.831,development,4,DBAASP
dbAMP_25424,FYTHVFRLKKWMQKVIDRFGG,saure,ATCC 25923,31.9889511,1.505,development,3,dbAMP
dbAMP_24646,KWKSFLKTFKSAKKTVLHTAAKAISS,saure,ATCC 25923,4.149540426,0.618,development,2,dbAMP
dbaasp_11184,RRIRFRPPYLPRPGRRPRFPPPFPIPRIPRIP,saure,ATCC 25923,63.97348355,1.806,development,5,DBAASP
dbaasp_7676,VQWRIRIAVIRA,saure,ATCC 25923,5.470159629,0.738,development,2,DBAASP
dbaasp_16898,KIAKRIWKILRRRLF,saure,ATCC 25923,3.944573021,0.596,development,4,DBAASP
dbaasp_13994,FLGALWKALSHLL,saure,ATCC 25923,3.999447498,0.602,development,2,DBAASP
dbaasp_10392,SPRRRTPSPRRRRSQSPRRR,saure,ATCC 25923,100,2,development,3,DBAASP
dbaasp_10704,FLGGLIKRVPAMICAVRKKC,saure,ATCC 25923,114.2878335,2.058,development,5,DBAASP
dbaasp_4568,WKSYVRRWR,saure,ATCC 25923,63.97348355,1.806,development,3,DBAASP
dbaasp_18122,KWKSKLKTFKSAKKTVLHTAKKAISS,saure,ATCC 25923,85.3100114,1.931,development,4,DBAASP
dbaasp_14714,LRKATRRLVQLIVSG,saure,ATCC 25923,25.00345362,1.398,development,3,DBAASP
dbaasp_12189,QREPQVQWLEQQVAKRRTKR,saure,ATCC 25923,100,2,development,2,DBAASP
dbAMP_25335,FFFHIIKGLFHAGRMIHGLVNRRRHRH,saure,ATCC 25923,1.078946722,0.033,development,4,dbAMP
dbaasp_16913,FKLVWKLLKKLALKL,saure,ATCC 25923,31.9889511,1.505,development,3,DBAASP
dbaasp_4921,KLLGPLLKIAAKVGSNLL,saure,ATCC 25923,12.5025903,1.097,development,1,DBAASP
dbaasp_4580,QHSSGKSDVRRW,saure,ATCC 25923,100,2,development,5,DBAASP
dbaasp_19526,AKVVKKLTKGVAKLLK,saure,ATCC 25923,127.9381304,2.107,development,3,DBAASP
dbaasp_8868,FILGKLWKGVKSIF,saure,ATCC 25923,3.863669771,0.587,development,2,DBAASP
dbaasp_15103,FKLRAKIKVRLRAKIKL,saure,ATCC 25923,2.904022654,0.463,development,1,DBAASP
dbaasp_11384,GLFRRLRDSIRRGQQKILEKARRIGERIKDIFR,saure,ATCC 25923,2.999162519,0.477,development,5,DBAASP
dbaasp_6918,LQKYYWRVRGGRWAVLSWLPKEEQIGKWSTRGRKWWRRKK,saure,ATCC 25923,3.647539469,0.562,development,1,DBAASP
dbaasp_9229,SGKLCCRRKK,saure,ATCC 25923,100,2,development,2,DBAASP
dbaasp_19571,KLLKKVVKLFKKLLK,saure,ATCC 25923,12.5025903,1.097,development,4,DBAASP
dbaasp_18655,FIHHIIGRRRRR,saure,ATCC 25923,79.0678628,1.898,development,4,DBAASP
dbaasp_7075,LRFILWWKR,saure,ATCC 25923,1.599558029,0.204,development,5,DBAASP
dbaasp_12899,GYRTLLKKAEVKTVGKLALKHWL,saure,ATCC 25923,14.99684836,1.176,development,1,DBAASP
dbaasp_5931,GLFSVLGSVAKHLLPHVVPVIAEKL,saure,ATCC 25923,4.602565736,0.663,development,5,DBAASP
dbaasp_10342,FKKFFKKLKNSVKKR,saure,ATCC 25923,21.47830474,1.332,development,2,DBAASP
dbaasp_10211,FLPFLAGLFGKIF,saure,ATCC 25923,149.9684836,2.176,development,1,DBAASP
dbAMP_25212,ILSLRWRWKWWKK,saure,ATCC 25923,31.9889511,1.505,development,3,dbAMP
dbaasp_4900,GFKKLLKGAAKALVKTVLF,saure,ATCC 25923,2.999162519,0.477,development,3,DBAASP
dbaasp_948,FWGALAKGALKLIPSLFSSFSKKD,saure,ATCC 25923,4.008667176,0.603,development,2,DBAASP
dbaasp_18127,KWKSFLKTKKSLKKTVLHTALKAISS,saure,ATCC 25923,42.26686143,1.626,development,3,DBAASP
dbaasp_4169,ILGLVISTIGNVLGGLLKNL,saure,ATCC 25923,50.23425895,1.701,development,3,DBAASP
dbaasp_12836,INWKKIAKKVAGML,saure,ATCC 25923,1.264736347,0.102,development,2,DBAASP
dbaasp_3126,GLLKRIKTLA,saure,ATCC 25923,43.85306978,1.642,development,5,DBAASP
dbaasp_12607,RRWRWWWRWRR,saure,ATCC 25923,3.999447498,0.602,development,5,DBAASP
dbaasp_13679,VRLRVKTRVRLK,saure,ATCC 25923,63.97348355,1.806,development,4,DBAASP
dbaasp_4383,GILSSFKDVAKGVAKNVAAQLLDKLKCKITGC,saure,ATCC 25923,19.9986187,1.301,development,3,DBAASP
dbaasp_3687,SFLSTFKELAINAAKNAGQSILHTLSCKLDKTC,saure,ATCC 25923,2.884031503,0.46,development,4,DBAASP
dbaasp_4561,GKSDVRRWRSRY,saure,ATCC 25923,100,2,development,5,DBAASP
dbaasp_18379,KRIGWRWRRWPRLRK,saure,ATCC 25923,1.874994508,0.273,development,1,DBAASP
dbaasp_17121,RRIFKRLFKYLRRF,saure,ATCC 25923,0.504661298,-0.297,development,5,DBAASP
dbaasp_482,KKKKKKAAFAAWAAFAA,saure,ATCC 25923,31.9889511,1.505,development,3,DBAASP
dbaasp_369,GCRRWKKFRWRYRGKFWFWCG,saure,ATCC 25923,22.1309471,1.345,development,2,DBAASP
dbaasp_19614,FRFRFRRRRFRFRFRF,saure,ATCC 25923,7.99834255,0.903,development,1,DBAASP
dbaasp_11263,GFKLGRKLVKVFKWII,saure,ATCC 25923,0.539510623,-0.268,development,5,DBAASP
dbaasp_16906,FTILKKLKSFIK,saure,ATCC 25923,63.97348355,1.806,development,5,DBAASP
dbaasp_14200,GMASKAGAIAGKIAKVALKAL,saure,ATCC 25923,5.12861384,0.71,development,3,DBAASP
dbaasp_3196,GLWSKIKEAAKTAGLMAMGFVNDMV,saure,ATCC 25923,21.97859873,1.342,development,4,DBAASP
dbaasp_9158,GIGKFLKKAKKGIGAVLKVLTTGL,saure,ATCC 25923,1.99986187,0.301,development,5,DBAASP
dbaasp_11256,KVLSKVHTLLKAVLAL,saure,ATCC 25923,3.999447498,0.602,development,3,DBAASP
dbaasp_1726,VRLRIRVAVIRA,saure,ATCC 25923,17.82378767,1.251,development,5,DBAASP
dbaasp_7043,ILPWKWRWWKWRR,saure,ATCC 25923,0.699841996,-0.155,development,3,DBAASP
dbaasp_1443,KWKSFLKTFKSASKTVLHTALKAISS,saure,ATCC 25923,5.533501092,0.743,development,3,DBAASP
dbaasp_479,KKAFAAAAAFAAWAAFAKKKK,saure,ATCC 25923,31.9889511,1.505,development,5,DBAASP
dbaasp_1004,GWGSFFKKAAHVGKHVGKAALTHYL,saure,ATCC 25923,0.449779855,-0.347,development,4,DBAASP
dbaasp_20018,KRRKFWKKVLKKAKKIA,saure,ATCC 25923,1.093956366,0.039,development,3,DBAASP
dbaasp_1729,VRLWIRVAVIRA,saure,ATCC 25923,34.8337315,1.542,development,3,DBAASP
dbaasp_16324,RWKYPKPLKR,saure,ATCC 25923,73.79042301,1.868,development,1,DBAASP
dbaasp_3710,QVFTLIKGATQLIRKTLGEQ,saure,ATCC 25923,3.589219346,0.555,development,5,DBAASP
dbaasp_7148,LLPIVGNLLKSLLGWKRKRFG,saure,ATCC 25923,1.99986187,0.301,development,4,DBAASP
dbaasp_8437,LPFFLLSLIPSAISAIKKI,saure,ATCC 25923,2.500345362,0.398,development,2,DBAASP
dbaasp_18658,FIIGGLFSAGKAIHRLIRRRRR,saure,ATCC 25923,1.499684836,0.176,development,2,DBAASP
dbaasp_4424,IKLSKETKKNLKKVLKGAIKGAIAVAKMV,saure,ATCC 25923,3.097419299,0.491,development,2,DBAASP
dbaasp_4584,KWLRRVWRWWR,saure,ATCC 25923,2.500345362,0.398,development,4,DBAASP
dbaasp_10643,PPIVGSIPLGCG,saure,ATCC 25923,127.9381304,2.107,development,2,DBAASP
dbaasp_12867,PNRESQFYKILRKILSKIV,saure,ATCC 25923,27.66941645,1.442,development,2,DBAASP
dbaasp_16766,LNLKALLAAAKKIL,saure,ATCC 25923,15.99558029,1.204,development,1,DBAASP
dbaasp_10053,GLFDIWKKWRWRR,saure,ATCC 25923,34.19794425,1.534,development,3,DBAASP
dbAMP_10498,RIKRFWPVVIRTVVAGYNLYRAI,saure,ATCC 25923,10,1,development,5,dbAMP
dbaasp_3123,GLLKRIATLL,saure,ATCC 25923,10.18591388,1.008,development,2,DBAASP
dbaasp_16914,ITKWLLNAIKKGFKL,saure,ATCC 25923,63.97348355,1.806,development,4,DBAASP
dbAMP_17000,WRKVWRPGVKRWVK,saure,ATCC 25923,63.97348355,1.806,development,4,dbAMP
dbAMP_19482,LRLKLRRWKYRVPP,saure,ATCC 25923,6.714288529,0.827,development,5,dbAMP
DRAMP01951,FMGGLIKAATKIVPAAYCAITKKC,saure,ATCC 25923,2.999162519,0.477,development,4,DRAMP
dbaasp_16001,GIAGLLRSFVRMLAKIMGG,saure,ATCC 25923,32.43396173,1.511,development,5,DBAASP
dbaasp_8956,RIKRFWPVVIRTVVAGYNLYRAIKK,saure,ATCC 25923,3.097419299,0.491,development,5,DBAASP
dbaasp_5864,PKVTITIQGSARF,saure,ATCC 25923,31.9889511,1.505,development,3,DBAASP
dbaasp_4729,FWGALAKGALKLIGVSLFSSFSKKD,saure,ATCC 25923,299.9162519,2.477,development,1,DBAASP
dbaasp_14629,RRWRIVVIRWRR,saure,ATCC 25923,127.9381304,2.107,development,2,DBAASP
dbaasp_19557,ASVVKWWTKWWAKLLK,saure,ATCC 25923,1.99986187,0.301,development,3,DBAASP
dbaasp_2407,ILGKLLSTAAGLLSNL,saure,ATCC 25923,50.0034535,1.699,development,3,DBAASP
dbaasp_4150,GIGGALLSAGKSALKGLAKGLAEHF,saure,ATCC 25923,15.95879147,1.203,development,4,DBAASP
dbaasp_7109,VQLRIRVAVIRA,saure,ATCC 25923,27.60577856,1.441,development,5,DBAASP
dbaasp_13873,GLLKRIKTL,saure,ATCC 25923,0.397191549,-0.401,development,1,DBAASP
dbaasp_5841,GFLDIIKDTGKEFAVKILNNLKCKLAGGCPP,saure,ATCC 25923,2.371373706,0.375,development,5,DBAASP
dbAMP_04356,GWKKWFNRAKKVGKTVGGLAVDHYL,saure,ATCC 25923,11.27197456,1.052,development,5,dbAMP
dbaasp_7067,HQFRFRFRVRRK,saure,ATCC 25923,1.99986187,0.301,development,4,DBAASP
dbaasp_4218,GLMDTIKGVAKTVAASWLDKLKCKITGC,saure,ATCC 25923,50.0034535,1.699,development,3,DBAASP
dbaasp_494,RLARIVVIRVAR,saure,ATCC 25923,2.851018268,0.455,development,1,DBAASP
dbaasp_16204,LRCDYGRFFASKSLYDPLKKRR,saure,ATCC 25923,92.46981739,1.966,development,4,DBAASP
dbaasp_10592,TRWLWLLRGGLKAAGWGIRAHLNRNQ,saure,ATCC 25923,66.0693448,1.82,development,2,DBAASP
dbAMP_19461,LRLKKRRWKWRVPP,saure,ATCC 25923,4.94310687,0.694,development,5,dbAMP
dbaasp_19073,FWQVIKKVKKIVQWF,saure,ATCC 25923,15.99558029,1.204,development,4,DBAASP
dbaasp_8043,GFMDTAKNVAKNVAKNVAVTLLDKLRCKVTGGC,saure,ATCC 25923,100,2,development,3,DBAASP
dbaasp_18380,CRWGRWLRKIRRWRPK,saure,ATCC 25923,3.580964371,0.554,development,1,DBAASP
dbaasp_11526,KWKIFKKIEKVGRNIRNGIIKAVAVLGEAKAL,saure,ATCC 25923,100,2,development,3,DBAASP
dbaasp_4927,GLLGKLLKIAAKVGKKLL,saure,ATCC 25923,2.999162519,0.477,development,4,DBAASP
dbaasp_1201,RLARIVKIRVAR,saure,ATCC 25923,87.29713684,1.941,development,3,DBAASP
dbaasp_19253,IAKAILPLALGALKNLIK,saure,ATCC 25923,1,0,development,1,DBAASP
dbAMP_19518,LRLKKRRWKYRVPL,saure,ATCC 25923,26.36331386,1.421,development,3,dbAMP
dbaasp_17240,FLKNLKKLL,saure,ATCC 25923,116.4126029,2.066,development,3,DBAASP
dbaasp_13735,KDRPKKPGLCPLIWWLIIKVG,saure,ATCC 25923,51.16818355,1.709,development,1,DBAASP
dbaasp_14206,GIKSALLGIAKNVGMSLLQKAQCKLSGSC,saure,ATCC 25923,7.99834255,0.903,development,2,DBAASP
dbaasp_20016,LGLFLLLLRLILKGFKL,saure,ATCC 25923,102.3292992,2.01,development,4,DBAASP
dbaasp_1127,FLPIVGKLLSGLL,saure,ATCC 25923,7.99834255,0.903,development,4,DBAASP
dbaasp_3234,RCVCRRGVCRCVCRRGVC,saure,ATCC 25923,8.7096359,0.94,development,4,DBAASP
dbaasp_5854,RIVQRIKKWLLKWKKLGY,saure,ATCC 25923,13.67728826,1.136,development,4,DBAASP
dbaasp_13686,WRLRWRLRWRLR,saure,ATCC 25923,1.99986187,0.301,development,5,DBAASP
dbaasp_3117,ALLKRIKTLL,saure,ATCC 25923,18.23895702,1.261,development,2,DBAASP
dbaasp_4225,GLFKVLGSVAKHLLPHVVPVIAEKL,saure,ATCC 25923,2.264644308,0.355,development,4,DBAASP
dbAMP_19488,LRLKKLRWKYRVPP,saure,ATCC 25923,13.61444682,1.134,development,3,dbAMP
dbaasp_9532,ILSLRWWRKWWKK,saure,ATCC 25923,31.9889511,1.505,development,4,DBAASP
dbaasp_10754,EKALEKLIAIQKAIKGMLAGWFTGVGARRKR,saure,ATCC 25923,127.9381304,2.107,development,4,DBAASP
dbaasp_19520,ASVVKKLTKGVAKLLK,saure,ATCC 25923,127.9381304,2.107,development,3,DBAASP
dbaasp_17862,LWRWWWRWL,saure,ATCC 25923,1.99986187,0.301,development,4,DBAASP
dbaasp_10322,RKRWWWWFR,saure,ATCC 25923,2.685344446,0.429,development,5,DBAASP
dbaasp_18044,LLPIVGNLLKALLGWKRKRFG,saure,ATCC 25923,1.99986187,0.301,development,4,DBAASP
dbaasp_13777,KWFRFYRFFYRRR,saure,ATCC 25923,7.691304403,0.886,development,2,DBAASP
dbaasp_18646,IIRWWWRII,saure,ATCC 25923,15.99558029,1.204,development,2,DBAASP
dbaasp_13577,VDKPPYLPRPRPPRRFYNR,saure,ATCC 25923,6.652731562,0.823,development,1,DBAASP
dbaasp_14023,IHHIHHHIHHIHHHIHHIHHH,saure,ATCC 25923,63.97348355,1.806,development,5,DBAASP
dbAMP_14775,VPIIYCNRRTGKCQRM,saure,ATCC 25923,8.994975815,0.954,development,5,dbAMP
dbaasp_14124,GLVTDTLKGAAKTVAAELLRKAH,saure,ATCC 25923,31.9889511,1.505,development,5,DBAASP
dbAMP_24640,RPKHPIKHQGLPQEVLNENLLRFFVAPFPEVFGKEKV,saure,ATCC 25923,5.321082593,0.726,development,3,dbAMP
dbaasp_8959,RIKRFWPVVIRTVVAGYNLYRA,saure,ATCC 25923,28.18382931,1.45,development,2,DBAASP
dbAMP_20718,QKRPRVRLSAGGGWKKIWKPGIKKWIK,saure,ATCC 25923,127.9381304,2.107,development,5,dbAMP
dbaasp_7666,WKRLVAASAKKK,saure,ATCC 25923,7.311390835,0.864,development,5,DBAASP
dbaasp_371,GCKKYRRFRWKFKGKFWFW,saure,ATCC 25923,24.26610095,1.385,development,5,DBAASP
dbaasp_11261,FFGHIWHGARTLFRDVFA,saure,ATCC 25923,7.99834255,0.903,development,2,DBAASP
dbaasp_1671,SLWETIKNAGKGFIQNILDKIR,saure,ATCC 25923,3.715352291,0.57,development,3,DBAASP
dbaasp_7041,WKWLKKWIK,saure,ATCC 25923,0.699841996,-0.155,development,2,DBAASP
dbaasp_13070,AARIILRYRFR,saure,ATCC 25923,7.99834255,0.903,development,1,DBAASP
dbaasp_10677,CKKKRC,saure,ATCC 25923,2.679168325,0.428,development,1,DBAASP
DRAMP01959,GFLDSFKNAMIGVAKSVGKTALSTLACKIDKSC,saure,ATCC 25923,35.97493352,1.556,development,3,DRAMP
dbaasp_6808,GLKGLLGKALKGIGKHIGKAQGC,saure,ATCC 25923,127.9381304,2.107,development,1,DBAASP
dbaasp_14643,FPRRWQWRRPF,saure,ATCC 25923,31.9889511,1.505,development,5,DBAASP
dbaasp_18782,FIFHVIKGLFHAGKMIHGLVTRRRH,saure,ATCC 25923,3.176874071,0.502,development,5,DBAASP
dbaasp_11540,GFGCPLNERECHSHCQSIGRKFGYCGGTLRLTCICGKE,saure,ATCC 25923,0.250034536,-0.602,development,2,DBAASP
dbaasp_3767,GLGSLLGKAFKIGLKTVGKMMGGAPREQ,saure,ATCC 25923,5.00034535,0.699,development,2,DBAASP
dbaasp_3682,SVLGTVKDLLIGAGKSAAQSVLTANSCKLSNSC,saure,ATCC 25923,1.832314422,0.263,development,2,DBAASP
dbaasp_7585,NGVQPKYRWWRWWRRWWW,saure,ATCC 25923,33.49654392,1.525,development,5,DBAASP
dbaasp_14199,RWRWWWRWRW,saure,ATCC 25923,1.99986187,0.301,development,2,DBAASP
dbaasp_11398,YRAWRWAWRWR,saure,ATCC 25923,1.49279441,0.174,development,3,DBAASP
DRAMP03881,RRWWWR,saure,ATCC 25923,11.24604974,1.051,development,2,DRAMP
dbaasp_18813,RWLKLPGRWLKL,saure,ATCC 25923,15.99558029,1.204,development,1,DBAASP
dbaasp_7091,RTKKWIVWI,saure,ATCC 25923,5.794286964,0.763,development,3,DBAASP
dbaasp_1203,RLARIVVIRVAG,saure,ATCC 25923,48.3058802,1.684,development,3,DBAASP
dbaasp_18043,LLPIVGNLLASLLGWKRKRFG,saure,ATCC 25923,3.999447498,0.602,development,4,DBAASP
dbaasp_16162,FIGTLIPLALGALTKLFK,saure,ATCC 25923,3.999447498,0.602,development,1,DBAASP
dbaasp_20250,KKIIKKIWKW,saure,ATCC 25923,15.99558029,1.204,development,3,DBAASP
dbaasp_17334,REVLGYERNSYK,saure,ATCC 25923,127.9381304,2.107,development,1,DBAASP
dbaasp_15102,FAKKFAKKFK,saure,ATCC 25923,195.8844674,2.292,development,5,DBAASP
dbaasp_17858,VRWWWRV,saure,ATCC 25923,31.9889511,1.505,development,4,DBAASP
dbaasp_15888,RWKKIGKVWKWI,saure,ATCC 25923,31.9889511,1.505,development,1,DBAASP
dbAMP_19485,LRLKQRRWKYRVPP,saure,ATCC 25923,13.30454418,1.124,development,4,dbAMP
dbaasp_3136,GLLKLIKTLL,saure,ATCC 25923,1.828100216,0.262,development,5,DBAASP
dbaasp_367,GRRYKKFRWKFKGRWFWFG,saure,ATCC 25923,3.054921113,0.485,development,5,DBAASP
dbaasp_3679,SVLGTVKDLLIGAGKSAAQSVLTALSCKLSNSC,saure,ATCC 25923,3.419794425,0.534,development,5,DBAASP
dbaasp_773,RVKRVWPLVIRTVIA,saure,ATCC 25923,13.00169578,1.114,development,5,DBAASP
dbaasp_8985,WPVVIRTVVAGYNLYRAIKKK,saure,ATCC 25923,5.72796031,0.758,development,2,DBAASP
dbAMP_19404,WRLKKRRWKYRVPP,saure,ATCC 25923,12.82330583,1.108,development,3,dbAMP
dbaasp_13674,RWLRKWTRKWLK,saure,ATCC 25923,15.99558029,1.204,development,3,DBAASP
dbaasp_4162,ILGPVISTIGNVLGGLLKNL,saure,ATCC 25923,50.69907083,1.705,development,1,DBAASP
dbaasp_18389,CPKRWGRWLRKIRRWRC,saure,ATCC 25923,13.67728826,1.136,development,5,DBAASP
dbaasp_12911,AVKKLLRWWSRWWKK,saure,ATCC 25923,97.49896377,1.989,development,4,DBAASP
dbaasp_7702,KFFKKLKKAVKKGFKKFAKV,saure,ATCC 25923,5.248074602,0.72,development,1,DBAASP
dbaasp_17685,WRLWRLWRL,saure,ATCC 25923,3.999447498,0.602,development,4,DBAASP
dbaasp_3799,AALKGCWTKSIPPKPCSGKR,saure,ATCC 25923,11.69499391,1.068,development,5,DBAASP
dbaasp_18731,GILGKLWEGVKSIL,saure,ATCC 25923,1.559552503,0.193,development,4,DBAASP
dbaasp_16767,LNLKALLAVAAKIL,saure,ATCC 25923,3.999447498,0.602,development,3,DBAASP
dbaasp_18341,VRGKRLWDIVRRWVGWL,saure,ATCC 25923,3.672823005,0.565,development,5,DBAASP
dbaasp_2288,GLASTIGSLLGKFAKGGAQAFLQPK,saure,ATCC 25923,79.9834255,1.903,development,4,DBAASP
dbaasp_4469,AWLDKLKSLGKVVGKVALGVAQNYLNPQQ,saure,ATCC 25923,1.282330583,0.108,development,3,DBAASP
dbaasp_4168,ILGPVLGLVGSALGGLI,saure,ATCC 25923,65.31305526,1.815,development,2,DBAASP
dbaasp_7046,WRKFWKYLK,saure,ATCC 25923,0.799834255,-0.097,development,4,DBAASP
dbaasp_13040,AARIILRRRFR,saure,ATCC 25923,31.9889511,1.505,development,5,DBAASP
dbaasp_10607,KCRRLCYRQRCVTYCRGR,saure,ATCC 25923,1.99986187,0.301,development,5,DBAASP
dbaasp_4385,FLPLAMALGKLL,saure,ATCC 25923,39.99447498,1.602,development,5,DBAASP
dbaasp_18780,FLGTLLHGAVHVSKILHGIMGGDH,saure,ATCC 25923,80.16780634,1.904,development,2,DBAASP
dbaasp_17694,WRWWRWWRWWRW,saure,ATCC 25923,7.99834255,0.903,development,5,DBAASP
dbAMP_20447,KFWSLLKKALRLWAKVL,saure,ATCC 25923,3.837072455,0.584,development,4,dbAMP
dbaasp_11892,LNALKKVFQKIHEAIKLI,saure,ATCC 25923,3.999447498,0.602,development,3,DBAASP
dbaasp_17247,FLKHLKKLL,saure,ATCC 25923,114.0249788,2.057,development,1,DBAASP
dbaasp_7089,YRLRVKWKW,saure,ATCC 25923,1.798870915,0.255,development,3,DBAASP
dbaasp_10697,RLPWRWPRRPWRR,saure,ATCC 25923,65.76578374,1.818,development,1,DBAASP
dbaasp_20008,RGLFKKLARAIKKGFKK,saure,ATCC 25923,4.753352259,0.677,development,4,DBAASP
dbaasp_11381,GRFRRLGRKFKKLFKKYGP,saure,ATCC 25923,7.99834255,0.903,development,5,DBAASP
dbaasp_18159,INLKAIAALGKKLL,saure,ATCC 25923,177.0108958,2.248,development,4,DBAASP
dbAMP_11605,TVVRRRGRSPRRRTPSPRRRR,saure,ATCC 25923,50.0034535,1.699,development,1,dbAMP
dbaasp_16899,CASYFCRWWWRR,saure,ATCC 25923,3.999447498,0.602,development,4,DBAASP
dbaasp_3768,GWASKIGTQLGKMAKVGLKEFVQS,saure,ATCC 25923,25.00345362,1.398,development,3,DBAASP
dbAMP_19483,LRLKHRRWKYRVPP,saure,ATCC 25923,26.48500139,1.423,development,4,dbAMP
dbaasp_1485,RGLRRLGRKIAHGVKKYGPTVLRIIRIA,saure,ATCC 25923,0.779830111,-0.108,development,5,DBAASP
dbaasp_3114,GFGCNGPWDEDDMQCHNHCKSIKGYKGGYCAKGGFVCKCY,saure,ATCC 25923,0.109900584,-0.959,development,4,DBAASP
dbaasp_2128,FDIMGLIKKVAGAL,saure,ATCC 25923,29.99162519,1.477,development,4,DBAASP
dbaasp_4726,NGVQPKY,saure,ATCC 25923,254.0972706,2.405,development,2,DBAASP
dbaasp_10153,FKAWRWAWRMKKLAAPS,saure,ATCC 25923,3.784425847,0.578,development,3,DBAASP
dbaasp_7583,NGVQPKYKWWKWWKKWWW,saure,ATCC 25923,34.9945167,1.544,development,3,DBAASP
dbaasp_16904,RWWWLL,saure,ATCC 25923,7.99834255,0.903,development,3,DBAASP
dbAMP_24560,SWIKKDKFPSSTGPYNPNPPPPRF,saure,ATCC 25923,63.97348355,1.806,development,3,dbAMP
dbaasp_1845,LGGIVSAVKKIVDFLG,saure,ATCC 25923,40.08667176,1.603,development,5,DBAASP
dbaasp_17675,GFFRRIKTFF,saure,ATCC 25923,15.99558029,1.204,development,5,DBAASP
dbaasp_5088,DHYLCVKNEGICLYSSCPSYTKIEGTCYGGKAKCCK,saure,ATCC 25923,1.140249788,0.057,development,5,DBAASP
dbaasp_776,VWPLVIRTVIAGYNLYRAIKKK,saure,ATCC 25923,0.599791076,-0.222,development,2,DBAASP
dbaasp_1083,RRRLCPIVIRVCRR,saure,ATCC 25923,35.97493352,1.556,development,1,DBAASP
dbaasp_360,GIGKFLHSAKKFGKAFVGEIMNS,saure,ATCC 25923,3.265878322,0.514,development,2,DBAASP
dbaasp_8158,KFFARLLASVRAAVKKFRKKPRLIGLSTLL,saure,ATCC 25923,58.61381645,1.768,development,2,DBAASP
dbaasp_9109,FLKGIKGMLGKLF,saure,ATCC 25923,5.997910763,0.778,development,3,DBAASP
dbaasp_1652,FLSLIPHAINAVSAIAKHN,saure,ATCC 25923,7.90678628,0.898,development,5,DBAASP
dbaasp_19764,GKKYRRFRWKFKGK,saure,ATCC 25923,4.285485204,0.632,development,3,DBAASP
dbaasp_14198,RWRWWWRWRI,saure,ATCC 25923,15.99558029,1.204,development,4,DBAASP
dbaasp_11393,FKARRWAWRMK,saure,ATCC 25923,32.96097122,1.518,development,2,DBAASP
dbaasp_8022,AGYLLPKINLKPLAKLPKKIL,saure,ATCC 25923,55.33501092,1.743,development,1,DBAASP
dbaasp_14315,SLRSSIKDMAAAAGRAALNAVNGIVNP,saure,ATCC 25923,192.3091729,2.284,development,3,DBAASP
dbaasp_14659,FLQHIIGALGKLF,saure,ATCC 25923,1.599558029,0.204,development,2,DBAASP
dbaasp_8044,SIMSTLKQFGISAIKGAAQNVLGVLSCKIAKTC,saure,ATCC 25923,25.00345362,1.398,development,5,DBAASP
dbaasp_3857,GVCRCVCRRGVCRCVCRR,saure,ATCC 25923,31.9889511,1.505,development,4,DBAASP
dbaasp_5623,FIHHIIGGLFSAGKAIHRLIRRRRR,saure,ATCC 25923,2.697739432,0.431,development,2,DBAASP
dbaasp_13874,GLLKRIKT,saure,ATCC 25923,1.790605854,0.253,development,1,DBAASP
dbAMP_19478,LRLTKRRWKYRVPP,saure,ATCC 25923,13.48962883,1.13,development,2,dbAMP
dbaasp_17283,RRGWALRPVLAFGRR,saure,ATCC 25923,29.99162519,1.477,development,2,DBAASP
dbaasp_16903,CASYFC,saure,ATCC 25923,63.97348355,1.806,development,5,DBAASP
dbaasp_11888,GLNALKKVSQGIHEAIKLINNHVQ,saure,ATCC 25923,31.9889511,1.505,development,2,DBAASP
dbaasp_9973,KIKKGFKKIFKRLPPIGVGVSIPLAGKR,saure,ATCC 25923,13.74041975,1.138,development,2,DBAASP
dbaasp_8873,GWWRRTVDKVRNAGRKVAGFASKACGALGH,saure,ATCC 25923,4.94310687,0.694,development,3,DBAASP
dbaasp_19613,RFRFRRRRFRFRFR,saure,ATCC 25923,7.99834255,0.903,development,3,DBAASP
dbaasp_8431,GLLSGILGAGKKIVCGLSGLC,saure,ATCC 25923,2.576321157,0.411,development,3,DBAASP
dbaasp_4888,LRVRRTLQCSCRRVCRNTCSCIRLSRSTYAS,saure,ATCC 25923,3.999447498,0.602,development,1,DBAASP
dbaasp_1062,RLSRIVVIRVSR,saure,ATCC 25923,2.786121169,0.445,development,4,DBAASP
dbaasp_487,KKKKKKAAWAAWAAWAA,saure,ATCC 25923,31.9889511,1.505,development,2,DBAASP
dbaasp_4163,ILGPVLGLVGDTLGDLL,saure,ATCC 25923,60.67363296,1.783,development,1,DBAASP
dbaasp_10320,RWKKWWRWL,saure,ATCC 25923,2.805433638,0.448,development,3,DBAASP
dbaasp_17872,VRRWWWRRV,saure,ATCC 25923,7.99834255,0.903,development,1,DBAASP
dbaasp_11252,GSLHGFMYKYLKNMVLNLF,saure,ATCC 25923,8.729713684,0.941,development,4,DBAASP
dbaasp_18347,RLWDIVRRWVGWLGPLGVRG,saure,ATCC 25923,52.60172664,1.721,development,1,DBAASP
dbaasp_7129,RFGRFLRKIRRFRPKVTITIQGSARF,saure,ATCC 25923,1.069054879,0.029,development,5,DBAASP
dbaasp_3125,GLLKRIKTAL,saure,ATCC 25923,28.31391996,1.452,development,5,DBAASP
dbaasp_3149,KLLKRIKTLL,saure,ATCC 25923,19.86094917,1.298,development,4,DBAASP
dbaasp_10715,RRRRRFRRVIRRIRLPKYLTINTE,saure,ATCC 25923,7.99834255,0.903,development,4,DBAASP
dbaasp_7830,GWGDTFLKTMAKIAKVGPKLLHS,saure,ATCC 25923,31.9889511,1.505,development,2,DBAASP
dbaasp_8439,FWGFLGKLAMKAVPSLIGGNKSSSK,saure,ATCC 25923,10,1,development,2,DBAASP
dbaasp_572,KWKIFKKIEKVGRNIRNGIIKAGPAVAVLGEAKAL,saure,ATCC 25923,100,2,development,3,DBAASP
dbaasp_1672,SLWETIKNAGKGFILNILDKIRCKVAGGCKT,saure,ATCC 25923,3.349654392,0.525,development,3,DBAASP
dbaasp_16905,RWWWAA,saure,ATCC 25923,63.97348355,1.806,development,4,DBAASP
dbAMP_25337,IWGLIAHGVGHVGRLIHGLIRG,saure,ATCC 25923,1.770108958,0.248,development,1,dbAMP
dbaasp_15998,GLMKLLRELLHMFSRVG,saure,ATCC 25923,32.28494122,1.509,development,4,DBAASP
dbaasp_19942,WRSWRSWRSWRSWRSWRS,saure,ATCC 25923,15.99558029,1.204,development,4,DBAASP
dbaasp_3144,GLLKRIKILL,saure,ATCC 25923,12.18989599,1.086,development,2,DBAASP
dbaasp_3215,RRFKFIRWW,saure,ATCC 25923,3.19889511,0.505,development,2,DBAASP
dbaasp_3671,GILDTFKNMALNAAKSAGVSVLNALSCKLSKTC,saure,ATCC 25923,3.60578643,0.557,development,4,DBAASP
dbaasp_11840,LKKAKKFGKAFVKILKK,saure,ATCC 25923,261.8183008,2.418,development,4,DBAASP
dbAMP_19454,LRHKKRRWKYRVPP,saure,ATCC 25923,52.60172664,1.721,development,4,dbAMP
dbaasp_12631,RRLIRLWLRLLR,saure,ATCC 25923,1,0,development,2,DBAASP
dbaasp_3789,IKIPPIVKDTLKKVAKGVLSTIAGALST,saure,ATCC 25923,79.9834255,1.903,development,5,DBAASP
dbaasp_14642,KWRRWQWRRWK,saure,ATCC 25923,31.9889511,1.505,development,2,DBAASP
dbaasp_19611,IRIRIRRRRFRIRIRI,saure,ATCC 25923,7.99834255,0.903,development,5,DBAASP
dbaasp_18730,GILGKLWEGVKSIV,saure,ATCC 25923,6.251726928,0.796,development,1,DBAASP
dbaasp_9487,FIRSLFFF,saure,ATCC 25923,100,2,development,2,DBAASP
dbaasp_3219,AIRRWRIRK,saure,ATCC 25923,34.75361614,1.541,development,5,DBAASP
dbaasp_3652,FLPAVIRVAANVLPTAFCAISKKC,saure,ATCC 25923,2.624218543,0.419,development,1,DBAASP
dbaasp_12207,YYHFWHRGVTKR,saure,ATCC 25923,29.99162519,1.477,development,3,DBAASP
dbaasp_15870,KFFKKLKKSVKKHVKKFFKKPKVIGVSIPF,saure,ATCC 25923,20.98939884,1.322,development,2,DBAASP
dbaasp_716,FPVTWRWWKWWKG,saure,ATCC 25923,8.669618758,0.938,development,4,DBAASP
dbaasp_5350,FSEAIKKIIDFLGEGLFDIIKKIAESF,saure,ATCC 25923,127.9381304,2.107,development,3,DBAASP
dbAMP_25246,WALRLYLVY,saure,ATCC 25923,10,1,development,3,dbAMP
dbAMP_27623,MLKKFRGMF,saure,ATCC 25923,63.97348355,1.806,development,5,dbAMP
dbaasp_2383,GGLRSLGRKILRAWKKYGPIIVPIIRIG,saure,ATCC 25923,1.99986187,0.301,development,1,DBAASP
dbaasp_6886,GRFRRLRKKTRKRLKKIGKV,saure,ATCC 25923,5.997910763,0.778,development,5,DBAASP
dbaasp_19579,IIIKKIKKKIKKIII,saure,ATCC 25923,50.0034535,1.699,development,2,DBAASP
dbaasp_17869,LRRWWWRRL,saure,ATCC 25923,3.999447498,0.602,development,3,DBAASP
dbAMP_10201,QPFSLERW,saure,ATCC 25923,63.97348355,1.806,development,2,dbAMP
dbaasp_1427,RRWCFRVCYKGFCRYKCR,saure,ATCC 25923,0.413999675,-0.383,development,1,DBAASP
dbaasp_17656,GLLKRLKTLA,saure,ATCC 25923,255.8585887,2.408,development,1,DBAASP
dbaasp_723,FLPLIGKVLSGIL,saure,ATCC 25923,5.199959965,0.716,development,2,DBAASP
dbaasp_3210,RKRLKWWIY,saure,ATCC 25923,3.531831698,0.548,development,2,DBAASP
dbaasp_11884,WLNALKKVFQGIHEAIKLINNHVQ,saure,ATCC 25923,31.9889511,1.505,development,3,DBAASP
dbAMP_16997,WRKAWRPGAKRWAK,saure,ATCC 25923,127.9381304,2.107,development,2,dbAMP
dbaasp_2854,ILRWPWWPWRRK,saure,ATCC 25923,9.078205302,0.958,development,5,DBAASP
dbAMP_04209,GVFDIIKGAGKQLIAHAMGKIAEKV,saure,ATCC 25923,1.455459081,0.163,development,1,dbAMP
dbaasp_8440,FWGFLGKLAMKAVPSLIGGNKK,saure,ATCC 25923,5.00034535,0.699,development,4,DBAASP
dbAMP_19496,LRLKKRQWKYRVPP,saure,ATCC 25923,27.03958364,1.432,development,1,dbAMP
dbaasp_13687,WRVRWRVRWRVR,saure,ATCC 25923,1.99986187,0.301,development,5,DBAASP
dbaasp_8719,RGGRLYRRRFVVGR,saure,ATCC 25923,1.99986187,0.301,development,5,DBAASP
dbaasp_7116,FPVTWRTKWWKG,saure,ATCC 25923,3.097419299,0.491,development,1,DBAASP
dbaasp_15892,RLWKIGWVLKWI,saure,ATCC 25923,15.99558029,1.204,development,3,DBAASP
dbaasp_19848,FLPIVAELLSGLL,saure,ATCC 25923,127.9381304,2.107,development,5,DBAASP
dbaasp_10156,FKCWRWQWRWKKLGAPS,saure,ATCC 25923,7.128530301,0.853,development,1,DBAASP
dbaasp_17681,WRIWRIWRI,saure,ATCC 25923,3.999447498,0.602,development,4,DBAASP
dbaasp_11838,KFLKKAKKFGKAFVKIL,saure,ATCC 25923,4.045758917,0.607,development,1,DBAASP
dbAMP_19504,LRLKKRRWYYRVPP,saure,ATCC 25923,13.06170888,1.116,development,5,dbAMP
dbAMP_25146,GLPALISWSKRKRQQ,saure,ATCC 25923,11.77605974,1.071,development,1,dbAMP
dbaasp_8202,PCRGRSCGPRLRGGYTLIGRPVKNQNRPKYMWV,saure,ATCC 25923,52.60172664,1.721,development,5,DBAASP
dbaasp_19639,KFAKFAKKFAKFAKGGPQQFFGLM,saure,ATCC 25923,47.3151259,1.675,development,5,DBAASP
dbaasp_1734,KQFRIRVRVIRK,saure,ATCC 25923,7.58577575,0.88,development,2,DBAASP
dbAMP_02506,GFCRCLCRRGVCRCICTR,saure,ATCC 25923,2.992264637,0.476,development,1,dbAMP
dbaasp_4336,LVKRFKKFFRKLKKSVK,saure,ATCC 25923,118.3041556,2.073,development,5,DBAASP
dbaasp_3773,GLGSLLGKALKFGLKAAGKFMGGEPQQ,saure,ATCC 25923,25.00345362,1.398,development,3,DBAASP
dbaasp_8135,WLLKRWKKLL,saure,ATCC 25923,31.9889511,1.505,development,2,DBAASP
dbAMP_24870,IKKILSKIKKWWK,saure,ATCC 25923,59.97910763,1.778,development,3,dbAMP
dbaasp_19575,KIIKKIKKKIKKIIK,saure,ATCC 25923,12.5025903,1.097,development,4,DBAASP
dbaasp_18390,CKRIGWRWRRWPRLRK,saure,ATCC 25923,1.790605854,0.253,development,1,DBAASP
dbaasp_3801,AALRGCWTKSIPPKPCPGKR,saure,ATCC 25923,5.794286964,0.763,development,1,DBAASP
dbaasp_3821,GLGSVLGKALKIGANLL,saure,ATCC 25923,5.997910763,0.778,development,1,DBAASP
dbaasp_492,ILKKWPWWPWRRK,saure,ATCC 25923,8.590135215,0.934,development,3,DBAASP
dbAMP_19511,LRLKKRRWKYWVPP,saure,ATCC 25923,6.546361741,0.816,development,3,dbAMP
dbaasp_3355,GLNALKKVFQGIHEAIKLINNHVQ,saure,ATCC 25923,31.9889511,1.505,development,2,DBAASP
dbAMP_19456,LRLKKRRYKYRVPP,saure,ATCC 25923,13.48962883,1.13,development,3,dbAMP
dbaasp_12816,GFAWNVAVYRNGVRVAHRRAN,saure,ATCC 25923,0.835603018,-0.078,development,4,DBAASP
dbaasp_3764,GKFLHSAGKFGKAFLGEVMIG,saure,ATCC 25923,100,2,development,5,DBAASP
dbaasp_4926,GLLGPLLKIAAKVGSKLL,saure,ATCC 25923,2.999162519,0.477,development,2,DBAASP
dbaasp_4565,WWSYVRRWRSR,saure,ATCC 25923,7.99834255,0.903,development,1,DBAASP
dbaasp_18732,GILGKLWEGVKSII,saure,ATCC 25923,3.133285724,0.496,development,2,DBAASP
dbaasp_17655,GLAKRAKTLL,saure,ATCC 25923,511.6818355,2.709,development,3,DBAASP
dbaasp_20267,KKIWKKWIKKIIKI,saure,ATCC 25923,3.999447498,0.602,development,2,DBAASP
dbaasp_16431,LKKLACRLKKLACR,saure,ATCC 25923,63.97348355,1.806,development,2,DBAASP
dbaasp_1890,FLSTLLNVASNVVPTLICKITKKC,saure,ATCC 25923,19.0107828,1.279,development,1,DBAASP
dbAMP_25357,KIAKVALKALKIAKGALKAL,saure,ATCC 25923,25.00345362,1.398,development,4,dbAMP
dbaasp_10339,FKKFFKKLKNSVKKRAKKFFKKPRVIGVSIPF,saure,ATCC 25923,2.074913517,0.317,development,5,DBAASP
dbaasp_19634,KFAKFAKKFAKFAKKFAKFAK,saure,ATCC 25923,3.250872974,0.512,development,2,DBAASP
dbAMP_19515,LRLKKRRWKYRVPY,saure,ATCC 25923,12.8528666,1.109,development,5,dbAMP
dbaasp_8030,FLPLLFGALSTLLPKIF,saure,ATCC 25923,25.00345362,1.398,development,2,DBAASP
dbaasp_4337,LVKRFKKFFRKLKKSVKK,saure,ATCC 25923,1.745822153,0.242,development,2,DBAASP
dbaasp_7667,KLKLVALHKQVL,saure,ATCC 25923,7.294575103,0.863,development,2,DBAASP
dbaasp_3389,GIHDILKYGKPS,saure,ATCC 25923,31.9889511,1.505,development,3,DBAASP
dbaasp_16330,RWRFKWWKK,saure,ATCC 25923,26.73006409,1.427,development,4,DBAASP
dbaasp_4105,KSKEKIGKEFKRIVQRIKDFLRNLVPRTES,saure,ATCC 25923,15.99558029,1.204,development,2,DBAASP
dbAMP_24580,SCSYSVKPDIQGFELYFIGSVTCP,saure,ATCC 25923,10.49542429,1.021,development,1,dbAMP
dbaasp_1670,DCTRWIIGINGRICRD,saure,ATCC 25923,10,1,development,1,DBAASP
dbaasp_13788,LRRAARWARRLLRR,saure,ATCC 25923,1.717908387,0.235,development,3,DBAASP
dbaasp_16889,CKRKKC,saure,ATCC 25923,21.42890601,1.331,development,3,DBAASP
dbaasp_18375,RKIRRWRPKRWGRWL,saure,ATCC 25923,3.749730022,0.574,development,5,DBAASP
dbaasp_11260,GSLHGFMYKYLKTLVLRLY,saure,ATCC 25923,15.99558029,1.204,development,4,DBAASP
dbaasp_17667,KKWQWK,saure,ATCC 25923,221.819642,2.346,development,4,DBAASP
dbaasp_14025,IHHIHHI,saure,ATCC 25923,63.97348355,1.806,development,5,DBAASP
dbaasp_10906,FLPIVAKLLSGLL,saure,ATCC 25923,3.999447498,0.602,development,3,DBAASP
dbaasp_7360,LKKVLKAAA,saure,ATCC 25923,10.99005839,1.041,development,1,DBAASP
dbaasp_13069,AARIILRTRFR,saure,ATCC 25923,15.99558029,1.204,development,5,DBAASP
dbaasp_1886,SLFSIFKTAAKFVGKNLLKQAGKAGLETLACKAKNEC,saure,ATCC 25923,8.994975815,0.954,development,3,DBAASP
dbAMP_11686,VDKGSYLPRPTPPRPIYNRN,saure,ATCC 25923,19.0107828,1.279,development,1,dbAMP
dbAMP_24950,FIGRAIGDFVYFGAKGLRESGKLLNYYYKHKH,saure,ATCC 25923,63.97348355,1.806,development,5,dbAMP
dbaasp_19515,ASVVNKLTGGVAGLLK,saure,ATCC 25923,127.9381304,2.107,development,4,DBAASP
dbaasp_12578,RFRPPIRRPPIRPPF,saure,ATCC 25923,63.97348355,1.806,development,1,DBAASP
dbaasp_19850,FLPIVAKLESGLL,saure,ATCC 25923,127.9381304,2.107,development,3,DBAASP
dbaasp_774,RVKRVWPLVIRTVIAGYNLYRAI,saure,ATCC 25923,1.099005839,0.041,development,4,DBAASP
dbaasp_18647,RIIRWWWRIIR,saure,ATCC 25923,7.99834255,0.903,development,4,DBAASP
dbaasp_10398,ENFFKRIRRAGKRIRDAIISAAPAVETLAQAQKIIKGGD,saure,ATCC 25923,50.0034535,1.699,development,4,DBAASP
dbaasp_12593,RLRLLLRLR,saure,ATCC 25923,7.99834255,0.903,development,3,DBAASP
dbaasp_3725,GFMDTAKNVAKNEAGNLLDNLKCKITKAC,saure,ATCC 25923,2.037042078,0.309,development,3,DBAASP
dbaasp_19556,ASVVKWLWKWVWKLLK,saure,ATCC 25923,15.99558029,1.204,development,3,DBAASP
dbaasp_3839,RRWCFRVCYKGFCYRKCR,saure,ATCC 25923,5.17606832,0.714,development,1,DBAASP
dbaasp_14886,KRIVQRIKDFLR,saure,ATCC 25923,0.644169266,-0.191,development,2,DBAASP
dbAMP_24915,CVRVRVRPGRVRVRVCW,saure,ATCC 25923,2.454708916,0.39,development,1,dbAMP
dbAMP_19520,LRLKKRRWKYRVPV,saure,ATCC 25923,26.6072506,1.425,development,4,dbAMP
dbaasp_19603,RIRIRRRFIRIR,saure,ATCC 25923,7.99834255,0.903,development,5,DBAASP
dbaasp_14882,GLFDIAKKIAESF,saure,ATCC 25923,360.578643,2.557,development,3,DBAASP
dbaasp_4185,GVVTDLLKTAGKLLGNLVGSLSG,saure,ATCC 25923,50.46612976,1.703,development,4,DBAASP
dbaasp_12846,FKLKLKFSNKLKWKW,saure,ATCC 25923,25.00345362,1.398,development,2,DBAASP
dbaasp_11264,ANRLLEAYKMLLKFLGNLR,saure,ATCC 25923,1,0,development,1,DBAASP
dbaasp_1679,FLPLVLGALSGILPKIL,saure,ATCC 25923,2.685344446,0.429,development,3,DBAASP
dbAMP_19405,HRLKKRRWKYRVPP,saure,ATCC 25923,52.60172664,1.721,development,2,dbAMP
dbAMP_19493,LRLKKRWWKYRVPP,saure,ATCC 25923,13.09181923,1.117,development,1,dbAMP
dbaasp_10340,KRFKKFFKKLKNSVKKRAKKFFKK,saure,ATCC 25923,8.790225168,0.944,development,2,DBAASP
dbAMP_14848,AKKVFKRLEKSFSKIQNDK,saure,ATCC 25923,2.999162519,0.477,development,4,dbAMP
dbaasp_11850,RIVQRILKWLKKWYKLGK,saure,ATCC 25923,13.61444682,1.134,development,4,DBAASP
dbaasp_8036,SILSTLKDVGISALKNAGSGVLKTLLCKLNKNCEK,saure,ATCC 25923,100,2,development,4,DBAASP
dbaasp_3193,ALWKTLLKNVGKAAGKAALNAVTDMVNQ,saure,ATCC 25923,1.300169578,0.114,development,3,DBAASP
dbaasp_2434,QWGRRCCGWGPGRRYCRRWC,saure,ATCC 25923,3.962780343,0.598,development,3,DBAASP
dbaasp_12854,PMKKKLAARILAKIVAPVW,saure,ATCC 25923,121.0598134,2.083,development,5,DBAASP
dbaasp_4420,IKLSKETKDNLKKVLKGAIKGAIAVAKMV,saure,ATCC 25923,6.251726928,0.796,development,1,DBAASP
dbaasp_20253,RRIIRRIWRW,saure,ATCC 25923,7.99834255,0.903,development,3,DBAASP
dbaasp_1781,GIGKFLHSAGKFGKAFVGEIMKS,saure,ATCC 25923,208.9296131,2.32,development,4,DBAASP
dbaasp_19635,KFAKFAKKFAKFAK,saure,ATCC 25923,77.98301105,1.892,development,5,DBAASP
dbaasp_15626,SSRRKPCKGWLCKLKLRGGYTLIGSATNLNRPTYVRA,saure,ATCC 25923,2.890679882,0.461,development,5,DBAASP
dbaasp_3217,AWRFKNIRK,saure,ATCC 25923,151.7050367,2.181,development,3,DBAASP
dbaasp_20266,KKIIKKIIKKIWKW,saure,ATCC 25923,3.999447498,0.602,development,2,DBAASP
dbaasp_5853,GLLKKWLKKWKEFKRIVGY,saure,ATCC 25923,26.6072506,1.425,development,5,DBAASP
dbaasp_14879,GLADIIKKIAESF,saure,ATCC 25923,368.9775986,2.567,development,4,DBAASP
dbaasp_8140,IGKFLKKAKKFG,saure,ATCC 25923,380.1893963,2.58,development,2,DBAASP
dbaasp_16041,AKRHHGYKRKFH,saure,ATCC 25923,20.98939884,1.322,development,3,DBAASP
dbaasp_18169,FVQWASKFLGRIL,saure,ATCC 25923,30.40885026,1.483,development,4,DBAASP
dbaasp_16583,KERKKRRR,saure,ATCC 25923,63.97348355,1.806,development,1,DBAASP
dbaasp_17723,WRIRRRPPRLPRPRWR,saure,ATCC 25923,31.9889511,1.505,development,3,DBAASP
dbaasp_19943,WRQWRQWRQWRQ,saure,ATCC 25923,31.9889511,1.505,development,4,DBAASP
dbaasp_1088,RRLCRIVWVIRVCRR,saure,ATCC 25923,1.016248693,0.007,development,4,DBAASP
dbAMP_20710,WKKIWKPGIKKWIKGGGKK,saure,ATCC 25923,127.9381304,2.107,development,4,dbAMP
dbAMP_27618,WRPGRWWRPGRW,saure,ATCC 25923,127.9381304,2.107,development,3,dbAMP
dbAMP_25438,LGGDNYGTFSGSNGNNFQHGSN,saure,ATCC 25923,112.2018454,2.05,development,5,dbAMP
dbAMP_24647,KWKSFLKTFKSAKKTVAHTALKAISS,saure,ATCC 25923,4.149540426,0.618,development,4,dbAMP
dbAMP_25331,KWKSFLKTFKSAEKTVLHTALKAISS,saure,ATCC 25923,1.227439231,0.089,development,5,dbAMP
dbaasp_7076,RWWIRIRWH,saure,ATCC 25923,1.300169578,0.114,development,3,DBAASP
dbaasp_12662,RRFWRR,saure,ATCC 25923,3.25836701,0.513,development,2,DBAASP
dbaasp_19352,ADPRVKKVLGVAMQIRKAQLMREKLNSIMRR,saure,ATCC 25923,3.451437393,0.538,development,3,DBAASP
dbaasp_10638,TRKRLKKIGKVLKWI,saure,ATCC 25923,31.9889511,1.505,development,2,DBAASP
dbaasp_16593,GKHKNKGKKNGKHNGWKWWW,saure,ATCC 25923,1.606941253,0.206,development,5,DBAASP
dbaasp_3207,WKKWWKRRW,saure,ATCC 25923,0.693425806,-0.159,development,5,DBAASP
dbaasp_16763,LNLAALLAVAKKIL,saure,ATCC 25923,3.999447498,0.602,development,3,DBAASP
dbaasp_13065,AARIILRPRFR,saure,ATCC 25923,127.9381304,2.107,development,1,DBAASP
dbaasp_19890,KKFKKTAKWLIKSAWLLLKSLALKMK,saure,ATCC 25923,82.98507675,1.919,development,3,DBAASP
dbaasp_14081,YFRTIRRFFKKLFKTLKK,saure,ATCC 25923,26.6072506,1.425,development,5,DBAASP
dbaasp_4115,GLLDFVTGVGKDIFAQLIKQI,saure,ATCC 25923,63.97348355,1.806,development,4,DBAASP
dbaasp_12587,KKWRKWLAKK,saure,ATCC 25923,1.183041556,0.073,development,5,DBAASP
dbaasp_13228,VRKPPYLPRPRPPRRIYNR,saure,ATCC 25923,1.655769963,0.219,development,3,DBAASP
dbAMP_25445,CKYLLKWR,saure,ATCC 25923,14.32187899,1.156,development,1,dbAMP
dbaasp_13685,WRLRWRTRWRLR,saure,ATCC 25923,1.99986187,0.301,development,1,DBAASP
dbaasp_1722,RAVAVIIRLRRV,saure,ATCC 25923,16.36816521,1.214,development,4,DBAASP
dbaasp_4172,KRGFGKKLRKRLKKFRNSIKKRLKNFNVVIPIPLPG,saure,ATCC 25923,1.009252886,0.004,development,3,DBAASP
dbaasp_7152,KLLLKLKLKLLK,saure,ATCC 25923,50.0034535,1.699,development,3,DBAASP
dbaasp_19845,FLPEVAKLLSGLL,saure,ATCC 25923,127.9381304,2.107,development,3,DBAASP
dbaasp_10327,KWWKIWRWR,saure,ATCC 25923,11.22018454,1.05,development,4,DBAASP
dbaasp_16772,LNLKALGAVAKKIL,saure,ATCC 25923,127.9381304,2.107,development,2,DBAASP
dbaasp_19950,WRWRWRWRWR,saure,ATCC 25923,1.99986187,0.301,development,1,DBAASP
dbaasp_3894,GLWSKIKEAAKAAGKAALNAVTGLVNQGDQPS,saure,ATCC 25923,127.9381304,2.107,development,5,DBAASP
dbaasp_16428,LKKLCARLKKLCAR,saure,ATCC 25923,63.97348355,1.806,development,3,DBAASP
dbaasp_11,RVKRVWPLVIRTVIAGYNLYRAIKKK,saure,ATCC 25923,0.65012969,-0.187,development,2,DBAASP
dbaasp_10329,RLWKRWWIR,saure,ATCC 25923,92.68298234,1.967,development,2,DBAASP
dbaasp_8815,AKRLKKLFKKIWNWK,saure,ATCC 25923,1.99986187,0.301,development,5,DBAASP
dbaasp_13589,WPTSFT,saure,ATCC 25923,299.9162519,2.477,development,2,DBAASP
dbaasp_12762,GCKKYRRFRWKFKGKFWFWG,saure,ATCC 25923,11.88502227,1.075,development,4,DBAASP
dbaasp_16489,GLARCLAGTL,saure,ATCC 25923,66.98846094,1.826,development,5,DBAASP
dbAMP_01734,FFWHHIGHALDAAKRVHGMLSG,saure,ATCC 25923,3.16227766,0.5,development,5,dbAMP
dbAMP_25166,FLKWLFKWAKK,saure,ATCC 25923,5.997910763,0.778,development,5,dbAMP
dbAMP_25286,LKWLKWG,saure,ATCC 25923,1.199499303,0.079,development,1,dbAMP
dbaasp_5688,FITGLIGGLMKAL,saure,ATCC 25923,100,2,development,1,DBAASP
dbaasp_1469,FLSLALAALPKLFCLIFKKC,saure,ATCC 25923,59.97910763,1.778,development,1,DBAASP
dbaasp_5370,GLVGTLLGHIGKAILS,saure,ATCC 25923,15.99558029,1.204,development,3,DBAASP
dbaasp_17298,RRGWARALAFAFGR,saure,ATCC 25923,29.99162519,1.477,development,1,DBAASP
dbaasp_8045,GIFSLIKTAAKFVGKNLLKQAGKAGLEHLACKANNQC,saure,ATCC 25923,6.295061829,0.799,development,1,DBAASP
dbaasp_19367,AHPKWMEVVRSRQRKKKHNKRRATY,saure,ATCC 25923,1.96788629,0.294,development,2,DBAASP
dbaasp_2403,GLKEIFKAGLGSLVKGIAAHVAN,saure,ATCC 25923,199.986187,2.301,development,2,DBAASP
dbaasp_142,KRIVQRIKDFLRNLVPRTES,saure,ATCC 25923,63.97348355,1.806,development,4,DBAASP
dbaasp_12575,RFRPPIRRPPIRPPFYPPFRP,saure,ATCC 25923,63.97348355,1.806,development,1,DBAASP
dbaasp_16411,QKRPRVRLSA,saure,ATCC 25923,127.9381304,2.107,development,4,DBAASP
dbaasp_8808,AGLQFPVGRIGRLLRK,saure,ATCC 25923,25.00345362,1.398,development,1,DBAASP
dbaasp_14704,GKLLVKKIVSLVRSA,saure,ATCC 25923,25.00345362,1.398,development,3,DBAASP
dbaasp_3645,VIVFVASVAAEMMQHVYCAASKKC,saure,ATCC 25923,4.83058802,0.684,development,4,DBAASP
dbAMP_19517,LRLKKRRWKYRVPW,saure,ATCC 25923,6.353309319,0.803,development,1,dbAMP
dbaasp_17246,FLKELKKLL,saure,ATCC 25923,115.0800389,2.061,development,4,DBAASP
dbaasp_9488,FFFLRRIF,saure,ATCC 25923,6.251726928,0.796,development,1,DBAASP
dbaasp_18172,FLQFWSKGVFRIL,saure,ATCC 25923,60.95368972,1.785,development,4,DBAASP
dbAMP_24603,GVFDIIKDAGKQLVAHATGKIAEKV,saure,ATCC 25923,3.090295433,0.49,development,5,dbAMP
dbaasp_4400,ITIPPIIKDTLKKFFKGGIAGVMGKSQ,saure,ATCC 25923,39.99447498,1.602,development,2,DBAASP
dbaasp_17691,WRFWRFWRFWRFWRF,saure,ATCC 25923,7.99834255,0.903,development,4,DBAASP
dbaasp_4750,GIGAVLKVLALISWIKRKR,saure,ATCC 25923,5.597576015,0.748,development,5,DBAASP
dbaasp_4616,LLQWLSKLLGRLL,saure,ATCC 25923,2.999162519,0.477,development,1,DBAASP
dbAMP_25423,THVFRLKKWMQKVIDRFGG,saure,ATCC 25923,31.9889511,1.505,development,4,dbAMP
dbaasp_4405,IKIPSFFRNILKKVGKEAVSLIAGALKQS,saure,ATCC 25923,5.00034535,0.699,development,4,DBAASP
dbaasp_3232,FFFLSRIF,saure,ATCC 25923,12.5025903,1.097,development,2,DBAASP
dbaasp_14236,GRWRWWWRWRV,saure,ATCC 25923,3.999447498,0.602,development,4,DBAASP
dbaasp_16770,LNLKALLAVAKKIA,saure,ATCC 25923,31.9889511,1.505,development,4,DBAASP
dbaasp_3122,GLLKRAKTLL,saure,ATCC 25923,37.49730022,1.574,development,4,DBAASP
dbaasp_1783,GIGKFLHAAKKFAKAFVAEIMNS,saure,ATCC 25923,4.064433292,0.609,development,4,DBAASP
dbaasp_3205,WRWWKIWKR,saure,ATCC 25923,1.472312502,0.168,development,1,DBAASP
dbaasp_17853,GRWWWRG,saure,ATCC 25923,63.97348355,1.806,development,3,DBAASP
dbaasp_12602,RLLRRLRRLLR,saure,ATCC 25923,7.99834255,0.903,development,5,DBAASP
dbAMP_19484,LRLKTRRWKYRVPP,saure,ATCC 25923,13.48962883,1.13,development,5,dbAMP
dbaasp_11839,FLKKAKKFGKAFVKILK,saure,ATCC 25923,32.35936569,1.51,development,5,DBAASP
dbaasp_12604,RFFRRFRRFFR,saure,ATCC 25923,3.999447498,0.602,development,2,DBAASP
dbaasp_18386,LRWGRWLRKIRRWRPK,saure,ATCC 25923,3.999447498,0.602,development,2,DBAASP
dbaasp_8928,INWLKAKKVAGMIL,saure,ATCC 25923,40.17908108,1.604,development,2,DBAASP
dbaasp_12194,RKHGFLNLQGIFGDYYHFWHRGV,saure,ATCC 25923,100,2,development,3,DBAASP
dbaasp_703,GIWKTIKSMGKVFAGKIKQNL,saure,ATCC 25923,100,2,development,3,DBAASP
dbAMP_18744,CILCKKILKYL,saure,ATCC 25923,3.999447498,0.602,development,5,dbAMP
dbaasp_3743,FLPGLECVW,saure,ATCC 25923,191.4255925,2.282,development,4,DBAASP
dbaasp_14711,RILAKATRRLVKLIVSG,saure,ATCC 25923,25.00345362,1.398,development,4,DBAASP
dbaasp_8438,FFLLSLIPSAISAIKKI,saure,ATCC 25923,5.00034535,0.699,development,3,DBAASP
dbaasp_19939,WRTWRTWRTWRTWRTWRT,saure,ATCC 25923,1.99986187,0.301,development,3,DBAASP
dbaasp_2044,GLWSTIKQKGKEAAIAAAKAAGQAALGAL,saure,ATCC 25923,3.19889511,0.505,development,1,DBAASP
dbaasp_17025,ILGTILGLLKAL,saure,ATCC 25923,15.99558029,1.204,development,2,DBAASP
dbaasp_4183,GLVTSLIKGAGKLLGGLFGSVTG,saure,ATCC 25923,6.251726928,0.796,development,1,DBAASP
dbaasp_13736,KDRPKKPGLCPAAKKAAAAKA,saure,ATCC 25923,118.8502227,2.075,development,4,DBAASP
dbaasp_16453,RIIDRLWRVRRPQKPKFVTVWVR,saure,ATCC 25923,0.008375293,-2.077,development,2,DBAASP
dbAMP_19462,LRLKKRRWKVRVPP,saure,ATCC 25923,27.54228703,1.44,development,3,dbAMP
dbaasp_14715,ATAILRKATRRLVQLI,saure,ATCC 25923,25.00345362,1.398,development,4,DBAASP
dbaasp_3778,GMASKAGSVLGKLAKVAIGAL,saure,ATCC 25923,100,2,development,5,DBAASP
dbaasp_17296,RRGWARRLVFAFGRR,saure,ATCC 25923,29.99162519,1.477,development,3,DBAASP
dbaasp_3195,ALWKNMLKGIGKLAGQAALGAVKTLVGAES,saure,ATCC 25923,2.697739432,0.431,development,2,DBAASP
dbaasp_4226,FLPIIAGVAAKVLPKLFCAITKKC,saure,ATCC 25923,2.500345362,0.398,development,1,DBAASP
dbaasp_11227,GLWSTIKNVAAAAGKAALGAL,saure,ATCC 25923,32.28494122,1.509,development,1,DBAASP
dbaasp_1551,RRARIVVIRVAR,saure,ATCC 25923,11.06623784,1.044,development,1,DBAASP
dbaasp_10636,RRLRKKTRKRLKKIGKVLKWI,saure,ATCC 25923,3.999447498,0.602,development,2,DBAASP
dbaasp_10525,NLLNDALGTVNGLLGRS,saure,ATCC 25923,31.9889511,1.505,development,2,DBAASP
dbaasp_9922,KKYRYHLKPFSKK,saure,ATCC 25923,127.9381304,2.107,development,2,DBAASP
dbaasp_14125,GVITDALKGAAKTVAAELPRKAH,saure,ATCC 25923,100,2,development,2,DBAASP
dbaasp_8866,LILGKLWKGVKSIF,saure,ATCC 25923,7.888601176,0.897,development,2,DBAASP
dbaasp_3138,GLLKFIKTLL,saure,ATCC 25923,1.774189481,0.249,development,5,DBAASP
dbaasp_8148,KKFGKAFVKILK,saure,ATCC 25923,184.5015419,2.266,development,4,DBAASP
dbaasp_9242,RWKRWWRRKK,saure,ATCC 25923,2.985382619,0.475,development,3,DBAASP
dbaasp_10152,FKAFRWAWRMKKLAAPS,saure,ATCC 25923,0.963829024,-0.016,development,4,DBAASP
dbaasp_18755,GSKKPVPIIACNRRTGKCQRA,saure,ATCC 25923,3.999447498,0.602,development,5,DBAASP
dbaasp_3741,IPWKLPATFRPVERPFSKPFCRKD,saure,ATCC 25923,34.51437393,1.538,development,2,DBAASP
dbaasp_4907,GFKDLLKGAKKALVKTVLF,saure,ATCC 25923,50.0034535,1.699,development,3,DBAASP
dbaasp_14877,ALFDIIKKIAESF,saure,ATCC 25923,346.7368505,2.54,development,4,DBAASP
dbaasp_2265,GRFKRFRKKFKKLFKKLSPVIPLLHLG,saure,ATCC 25923,1.99986187,0.301,development,2,DBAASP
dbAMP_24653,GIGKFLHSAKKAGKAFVGEIMNS,saure,ATCC 25923,1.264736347,0.102,development,5,dbAMP
dbaasp_5250,RRIRPRPPRLPRP,saure,ATCC 25923,127.9381304,2.107,development,5,DBAASP
dbaasp_14624,FFGHLFKLATKIIPSLFR,saure,ATCC 25923,2.897343588,0.462,development,4,DBAASP
dbaasp_16769,LNLKALLAVAKKAL,saure,ATCC 25923,31.9889511,1.505,development,1,DBAASP
dbaasp_4925,GLLGPLLKIAAKVGKKLL,saure,ATCC 25923,5.997910763,0.778,development,5,DBAASP
dbaasp_17253,FLKTLKKLL,saure,ATCC 25923,59.02010802,1.771,development,1,DBAASP
dbaasp_1440,KWKSFLKTFKSALKTVLHTALKAISS,saure,ATCC 25923,7.99834255,0.903,development,4,DBAASP
dbaasp_9450,RRWWRF,saure,ATCC 25923,65.01296903,1.813,development,3,DBAASP
dbaasp_17690,WRFWRFWRFWRF,saure,ATCC 25923,3.999447498,0.602,development,3,DBAASP
dbaasp_12612,KKWRKWLKWLAKK,saure,ATCC 25923,0.437522105,-0.359,development,3,DBAASP
dbAMP_20708,WKKIWKKIWKPGIKKWIKKWIK,saure,ATCC 25923,3.999447498,0.602,development,3,dbAMP
dbaasp_13680,LRLRLKTRLRLK,saure,ATCC 25923,31.9889511,1.505,development,2,DBAASP
dbaasp_16760,ANLKALLAVAKKIL,saure,ATCC 25923,31.9889511,1.505,development,2,DBAASP
dbaasp_19935,WRTWRT,saure,ATCC 25923,63.97348355,1.806,development,3,DBAASP
dbaasp_7485,GFCWNVCVYRNGVRVCHRRCN,saure,ATCC 25923,0.198152703,-0.703,development,1,DBAASP
dbaasp_11066,WRKLWRGGLKRWLK,saure,ATCC 25923,7.99834255,0.903,development,2,DBAASP
dbaasp_13690,WKVKWKVKWKVK,saure,ATCC 25923,1.99986187,0.301,development,2,DBAASP
dbaasp_10646,GRFRRLRKKTRKRLKKIGKVLKAI,saure,ATCC 25923,127.9381304,2.107,development,1,DBAASP
dbAMP_14773,IIYCNRRTGKCQRM,saure,ATCC 25923,8.994975815,0.954,development,2,dbAMP
dbAMP_03794,GLVTSLIKGAGKLLGGLFGSVTGGQS,saure,ATCC 25923,127.9381304,2.107,development,4,dbAMP
dbaasp_13039,AARIILRWFRR,saure,ATCC 25923,7.99834255,0.903,development,4,DBAASP
dbaasp_2229,KWCFRVCYRGICYRRCR,saure,ATCC 25923,1,0,development,3,DBAASP
DRAMP01956,GFKGAFKNVMFGIAKSAGKSALNALACKIDKSC,saure,ATCC 25923,8.994975815,0.954,development,1,DRAMP
dbaasp_10604,GCRRLCYRQRCVTYCRGR,saure,ATCC 25923,15.99558029,1.204,development,4,DBAASP
dbaasp_12378,VLLRALARKILLGIKKYG,saure,ATCC 25923,3.126079367,0.495,development,3,DBAASP
dbaasp_19608,WKWKRRRFKWKW,saure,ATCC 25923,3.999447498,0.602,development,4,DBAASP
dbaasp_3785,IKLSPETKDNLKKVLKGAIKGAIAVAKMV,saure,ATCC 25923,10,1,development,4,DBAASP
dbaasp_4454,RPKPQQFFGLM,saure,ATCC 25923,96.16122784,1.983,development,1,DBAASP
dbaasp_14104,CFQWKRAMRKVR,saure,ATCC 25923,39.62780343,1.598,development,5,DBAASP
DRAMP01950,FLPAVLRVAAQVVPTVFCAISKKC,saure,ATCC 25923,2.999162519,0.477,development,5,DRAMP
dbaasp_2300,GFKDLLKGAAKALVKTVLF,saure,ATCC 25923,2.999162519,0.477,development,3,DBAASP
dbaasp_19855,FLPIVAKLLKGLL,saure,ATCC 25923,7.99834255,0.903,development,2,DBAASP
dbaasp_20054,AWRRRWA,saure,ATCC 25923,15.99558029,1.204,development,5,DBAASP
dbaasp_16771,GNLKALLAVAKKIL,saure,ATCC 25923,31.9889511,1.505,development,5,DBAASP
dbaasp_10182,RWKIFKKIEKMGRNIRDGIVKAGPAIEVLGSAKAIGK,saure,ATCC 25923,0.24603676,-0.609,development,5,DBAASP
dbAMP_19469,LWLKKRRWKYRVPP,saure,ATCC 25923,6.546361741,0.816,development,4,dbAMP
dbaasp_17662,GFFKRWKTFF,saure,ATCC 25923,15.99558029,1.204,development,5,DBAASP
dbAMP_19508,LRLKKRRWQYRVPP,saure,ATCC 25923,13.30454418,1.124,development,3,dbAMP
DRAMP03879,RRFFFRFRRF,saure,ATCC 25923,14.99684836,1.176,development,5,DRAMP
dbAMP_27597,GIGRFLHSARRFGRAFVGEIMNS,saure,ATCC 25923,8.433347578,0.926,development,2,dbAMP
dbaasp_18168,FLSKIWDGVKSLL,saure,ATCC 25923,37.49730022,1.574,development,3,DBAASP
dbaasp_12110,GLLDFLKAAGKGLVSNLLEK,saure,ATCC 25923,14.99684836,1.176,development,2,DBAASP
dbaasp_10285,FRRPFKWFRRFFKFF,saure,ATCC 25923,5.00034535,0.699,development,4,DBAASP
dbaasp_17722,WRIRPRPPRLPRWRPR,saure,ATCC 25923,63.97348355,1.806,development,2,DBAASP
dbaasp_12611,KKWRAWLKWLAKK,saure,ATCC 25923,7.244359601,0.86,development,3,DBAASP
dbaasp_2205,FLPIVTNLLSGLL,saure,ATCC 25923,57.94286964,1.763,development,1,DBAASP
dbaasp_17852,KLFKKLFK,saure,ATCC 25923,1.599558029,0.204,development,5,DBAASP
dbaasp_4166,ILGPVLGLVGNALGGLIKKL,saure,ATCC 25923,4.875284901,0.688,development,1,DBAASP
dbaasp_20042,LWRRRWL,saure,ATCC 25923,7.99834255,0.903,development,1,DBAASP
dbaasp_1725,VIRRRRILAAVV,saure,ATCC 25923,178.2378767,2.251,development,5,DBAASP
dbaasp_12415,GFAWNVCVYRNGVRVCHRRAN,saure,ATCC 25923,0.101624869,-0.993,development,3,DBAASP
dbaasp_11380,GILSKLGKALKKAAKHAAKA,saure,ATCC 25923,7.99834255,0.903,development,4,DBAASP
DRAMP01776,FLPIVTNLLSGLLGK,saure,ATCC 25923,57.94286964,1.763,development,2,DRAMP
dbaasp_1766,KRWWKWIRW,saure,ATCC 25923,2.999162519,0.477,development,3,DBAASP
dbaasp_15625,ATCDLLSFLNVKDAACAAHCLAKGYRGGYCDGRKVCNCRK,saure,ATCC 25923,3.741105883,0.573,development,3,DBAASP
dbaasp_3343,INLKALAALAKKIL,saure,ATCC 25923,31.9889511,1.505,development,2,DBAASP
dbaasp_8085,ATCDLLSGTGVGHSACAAHCLLRGNRGGYCNGKGVCVCRN,saure,ATCC 25923,2.009092813,0.303,development,1,DBAASP
dbAMP_16445,LLKKALRLWKKVL,saure,ATCC 25923,40.17908108,1.604,development,1,dbAMP
dbaasp_7092,NWRKLYRRK,saure,ATCC 25923,86.49679188,1.937,development,1,DBAASP
dbaasp_10150,FKCRRWQWRMKKLGAPS,saure,ATCC 25923,0.924698174,-0.034,development,2,DBAASP
dbaasp_9729,FSIARLLKWWKG,saure,ATCC 25923,8.072350302,0.907,development,1,DBAASP
dbAMP_25282,LRWLRWG,saure,ATCC 25923,37.49730022,1.574,development,2,dbAMP
dbAMP_25341,FPLTWPTKWWKG,saure,ATCC 25923,130.9181923,2.117,development,5,dbAMP
dbaasp_12594,LLRRLRRLL,saure,ATCC 25923,15.99558029,1.204,development,3,DBAASP
dbaasp_12812,GFCKAVCVYRNGVRVCHRRCN,saure,ATCC 25923,0.103276141,-0.986,development,2,DBAASP
dbaasp_1059,RLCRIVVIRVCR,saure,ATCC 25923,21.77709772,1.338,development,4,DBAASP
DRAMP03880,RRIIIRWRRI,saure,ATCC 25923,11.24604974,1.051,development,5,DRAMP
dbaasp_6008,GLLNVIKDTAQNLFAAALDKLKCKVTKCN,saure,ATCC 25923,159.9558029,2.204,development,3,DBAASP
dbaasp_13633,RWYRRWYR,saure,ATCC 25923,31.9889511,1.505,development,1,DBAASP
dbaasp_17697,WRKWRKWRK,saure,ATCC 25923,15.99558029,1.204,development,5,DBAASP
dbaasp_10393,RPRRRATTRRRITTGTRRRR,saure,ATCC 25923,50.0034535,1.699,development,5,DBAASP
dbAMP_00084,ACIKNGGRCVASGGPPYCCSNYCLQIAGQSYGVCKKH,saure,ATCC 25923,52.36004366,1.719,development,2,dbAMP
dbaasp_14178,GRWRWWWRWRI,saure,ATCC 25923,1.99986187,0.301,development,3,DBAASP
dbaasp_4425,IKLSPKTKKNLKKVLKGAIKGAIAVAKMV,saure,ATCC 25923,1.599558029,0.204,development,4,DBAASP
dbaasp_12508,LKKLKQLLGKLSEFAAAFVA,saure,ATCC 25923,31.9889511,1.505,development,1,DBAASP
dbaasp_4186,GVVTDLLKTAGKLLGNLFGSLSG,saure,ATCC 25923,6.251726928,0.796,development,2,DBAASP
dbaasp_19001,PMKKLFKLLARIAVKIPVW,saure,ATCC 25923,2.999162519,0.477,development,5,DBAASP
dbAMP_01758,FIFHIIKGLFHAGKMIHGLVTRRRH,saure,ATCC 25923,6.8706844,0.837,development,4,dbAMP
dbaasp_14701,INLKKLAARIKKKI,saure,ATCC 25923,7.99834255,0.903,development,5,DBAASP
dbaasp_3568,GILDTFKGVAKGVAKDLAVHMLENLKCKMTGC,saure,ATCC 25923,100,2,development,2,DBAASP
dbaasp_11836,IGKFLKKAKKFGKAFVK,saure,ATCC 25923,266.6858665,2.426,development,4,DBAASP
dbaasp_8039,FLPMLAGLAANFLPKIICKITKKC,saure,ATCC 25923,6.295061829,0.799,development,2,DBAASP
dbaasp_17305,RRGWARRLAFGRR,saure,ATCC 25923,29.99162519,1.477,development,1,DBAASP
dbaasp_3157,GLLGPLLKIAAKVGSNLL,saure,ATCC 25923,5.997910763,0.778,development,5,DBAASP
dbaasp_9924,KKYRYHLKPFCKK,saure,ATCC 25923,63.97348355,1.806,development,2,DBAASP
dbaasp_13771,KWFRVYRGIYR,saure,ATCC 25923,16.98243652,1.23,development,3,DBAASP
dbaasp_10755,NPEKALEKLIAIQKAIKGMLNGWFTGVGFRRKR,saure,ATCC 25923,127.9381304,2.107,development,3,DBAASP
dbAMP_25012,FLKGIVGMLGKLW,saure,ATCC 25923,1.99986187,0.301,development,3,dbAMP
dbaasp_10318,RWKRWWRWI,saure,ATCC 25923,5.495408739,0.74,development,3,DBAASP
dbaasp_10590,RRGLFKKLRRKIKKGFKKIFKRLPPVGVGVSIPLAGRR,saure,ATCC 25923,45.6036916,1.659,development,4,DBAASP
dbaasp_5857,LQKYYCRVRGGRCAVLSCLPKEEQIGKCSTRGRKCCRRKK,saure,ATCC 25923,1.011579454,0.005,development,3,DBAASP
dbaasp_5603,NLKAIAALAKKLL,saure,ATCC 25923,3.706807218,0.569,development,4,DBAASP
dbaasp_3151,KLLKFIKTLL,saure,ATCC 25923,5.834451043,0.766,development,3,DBAASP
dbaasp_17860,GWRWWWRWG,saure,ATCC 25923,3.999447498,0.602,development,1,DBAASP
dbaasp_11382,GLLRRLRDFLKKIGEKFKKIGY,saure,ATCC 25923,3.999447498,0.602,development,2,DBAASP
dbaasp_17028,ILGTILGLLKFL,saure,ATCC 25923,3.999447498,0.602,development,3,DBAASP
dbaasp_17119,KRLFKKLLKYLRKF,saure,ATCC 25923,0.537031796,-0.27,development,4,DBAASP
dbaasp_12506,KKKFIYIVLALIKGAIIKKG,saure,ATCC 25923,63.97348355,1.806,development,2,DBAASP
dbAMP_20713,WIKIWKPGIKKWIK,saure,ATCC 25923,127.9381304,2.107,development,2,dbAMP
dbaasp_16327,RWRFKWKK,saure,ATCC 25923,82.22426499,1.915,development,3,DBAASP
dbAMP_25403,GVVVRVGRVVVRWVRR,saure,ATCC 25923,127.9381304,2.107,development,2,dbAMP
dbaasp_4155,GIGGVLLSAGKAALKGLTKVLAEKYAN,saure,ATCC 25923,7.161434102,0.855,development,3,DBAASP
dbaasp_13979,KWKKLLKKPLLKKL,saure,ATCC 25923,0.779830111,-0.108,development,2,DBAASP
dbaasp_13579,VDKPPYLPRPRPPRRIYWR,saure,ATCC 25923,3.273406949,0.515,development,3,DBAASP
dbaasp_189,YVLWKRKRFIFI,saure,ATCC 25923,10,1,development,5,DBAASP
dbaasp_13678,RRLRWWTRWRLK,saure,ATCC 25923,7.99834255,0.903,development,2,DBAASP
dbAMP_19457,LRLKKRRVKYRVPP,saure,ATCC 25923,13.96368361,1.145,development,2,dbAMP
dbaasp_4739,SFFKKAAHVGKHVGKAALTHYL,saure,ATCC 25923,19.9986187,1.301,development,3,DBAASP
dbaasp_10077,KWRQWQSKWRRTNPWFWIRR,saure,ATCC 25923,5.54625713,0.744,development,3,DBAASP
dbaasp_3562,NILNTIINLAKKIL,saure,ATCC 25923,4.797334486,0.681,development,4,DBAASP
dbAMP_25359,FEVLPNFKHIQVKVFNHGEHIHHH,saure,ATCC 25923,12.5025903,1.097,development,3,dbAMP
dbaasp_4229,GFSSIFRGVAKFASKGLGKDLAKLGVDLVACKISKQC,saure,ATCC 25923,5.00034535,0.699,development,1,DBAASP
dbaasp_10648,GRFRRLRKKTRKRLKKIGKVLKLI,saure,ATCC 25923,3.999447498,0.602,development,3,DBAASP
dbaasp_10485,FFGWLIKPAIHAGKAIHGLIHRRRH,saure,ATCC 25923,2.999162519,0.477,development,5,DBAASP
dbAMP_27636,GKKLLKKLKKLLKKG,saure,ATCC 25923,5.997910763,0.778,development,2,dbAMP
dbaasp_4675,RGGRLCYCRRRFCVCVGR,saure,ATCC 25923,0.933254301,-0.03,development,2,DBAASP
dbaasp_19936,WRTWRTWRT,saure,ATCC 25923,63.97348355,1.806,development,4,DBAASP
dbaasp_8984,FWPVVIRTVVAGYNLYRAIKKK,saure,ATCC 25923,0.449779855,-0.347,development,4,DBAASP
dbaasp_20006,RGLFKKLARKIKKGFKK,saure,ATCC 25923,2.31206479,0.364,development,2,DBAASP
dbaasp_17712,KRRVRWIIW,saure,ATCC 25923,6.180164001,0.791,development,3,DBAASP
dbaasp_13073,AARIILRLRFR,saure,ATCC 25923,1.99986187,0.301,development,4,DBAASP
DRAMP03874,RQWQSKIRRT,saure,ATCC 25923,299.9162519,2.477,development,1,DRAMP
dbaasp_8864,GILGKLWEGVKSIF,saure,ATCC 25923,3.133285724,0.496,development,3,DBAASP
dbaasp_12188,VQWLEQQVAKRRTKR,saure,ATCC 25923,100,2,development,4,DBAASP
dbaasp_19574,KVVKKVVKVVKKVVK,saure,ATCC 25923,50.0034535,1.699,development,5,DBAASP
dbaasp_18830,RWFRFNGRWFRF,saure,ATCC 25923,3.999447498,0.602,development,4,DBAASP
dbaasp_13933,GWLKKIGKKIERVGQNTRDATIQAIGVAQQAANVAATLKG,saure,ATCC 25923,61.09420249,1.786,development,3,DBAASP
dbaasp_20015,LGLFKLLLRLILKGFKL,saure,ATCC 25923,101.6248693,2.007,development,3,DBAASP
dbaasp_14411,RQYMRQIEQALRYGYRISRR,saure,ATCC 25923,100,2,development,5,DBAASP
dbaasp_16761,LALKALLAVAKKIL,saure,ATCC 25923,3.999447498,0.602,development,5,DBAASP
dbaasp_17865,VWRWWWRWV,saure,ATCC 25923,1.99986187,0.301,development,3,DBAASP
DRAMP02965,GRFRRLRKKTRKRLKKIGKVLKWIPPIVGSIPLGC,saure,ATCC 25923,1.99986187,0.301,development,5,DRAMP
dbaasp_18376,RWRPKRWGRWLRKIR,saure,ATCC 25923,1.874994508,0.273,development,3,DBAASP
dbaasp_18653,RVVRWWWRVVR,saure,ATCC 25923,3.999447498,0.602,development,5,DBAASP
dbaasp_18175,FVQWLSKLLGRIL,saure,ATCC 25923,60.95368972,1.785,development,2,DBAASP
dbaasp_13027,AAKIILNPKFRCKAAFC,saure,ATCC 25923,63.97348355,1.806,development,1,DBAASP
dbaasp_17699,WRKWRKWRKWRKWRK,saure,ATCC 25923,3.999447498,0.602,development,3,DBAASP
dbaasp_9239,SGKLWWRRKK,saure,ATCC 25923,11.99499303,1.079,development,2,DBAASP
dbaasp_5694,FLPAVLKVAAHILPTAICAISRRC,saure,ATCC 25923,3.097419299,0.491,development,4,DBAASP
dbaasp_17528,FKCRRWQWRMKKLGAPSITCVRRAFALECI,saure,ATCC 25923,0.68706844,-0.163,development,2,DBAASP
dbaasp_3817,GIKEFAHSLGKFGKAFVGGILNQ,saure,ATCC 25923,199.986187,2.301,development,1,DBAASP
dbaasp_8139,GIGKFLKKAKKF,saure,ATCC 25923,380.1893963,2.58,development,3,DBAASP
dbaasp_4164,ILGPVLGLVSNALGGLL,saure,ATCC 25923,62.95061829,1.799,development,5,DBAASP
dbaasp_17287,RRGWAFRRALAYGRR,saure,ATCC 25923,29.99162519,1.477,development,3,DBAASP
dbaasp_4335,LVKRFKKFFRKLKKSV,saure,ATCC 25923,1.96788629,0.294,development,1,DBAASP
dbaasp_12531,RFRPPIRRPPIRPPFYPPFRPPIRP,saure,ATCC 25923,63.97348355,1.806,development,5,DBAASP
dbaasp_8770,LLRRVAGLLKQFAK,saure,ATCC 25923,10.02305238,1.001,development,3,DBAASP
dbaasp_10171,KFWKLLKKALRLWAKVL,saure,ATCC 25923,7.533555637,0.877,development,1,DBAASP
dbaasp_5844,FWGLKGLKKFSKKL,saure,ATCC 25923,25.00345362,1.398,development,1,DBAASP
dbaasp_17255,FLKYLKKLL,saure,ATCC 25923,6.966265141,0.843,development,3,DBAASP
dbaasp_8721,LYRRRFVVGR,saure,ATCC 25923,25.00345362,1.398,development,2,DBAASP
dbaasp_19123,GFFKKAWRKVKKAFRRVL,saure,ATCC 25923,3.556313186,0.551,development,4,DBAASP
dbaasp_8075,IRIRCRRRFCRIRI,saure,ATCC 25923,7.99834255,0.903,development,2,DBAASP
dbaasp_7050,KWKWWWRKI,saure,ATCC 25923,1.199499303,0.079,development,1,DBAASP
dbaasp_1432,KRFHSVGSLIQRHQQMIRDKSEATRHGIRIITRPKLLLAS,saure,ATCC 25923,32.21068791,1.508,development,5,DBAASP
dbaasp_7824,FVKKFWGGVKAIFKGARKGLK,saure,ATCC 25923,7.99834255,0.903,development,4,DBAASP
dbaasp_480,KKKAAAFAAWAAFAKKK,saure,ATCC 25923,31.9889511,1.505,development,4,DBAASP
dbAMP_19467,LRLKKRRWKYRLPP,saure,ATCC 25923,13.21295634,1.121,development,1,dbAMP
dbaasp_19842,ELPIVAKLLSGLL,saure,ATCC 25923,127.9381304,2.107,development,5,DBAASP
dbaasp_19014,KAIAAFAAKLFI,saure,ATCC 25923,40.17908108,1.604,development,4,DBAASP
dbaasp_12314,GKVKIGINGFGRIGRLVA,saure,ATCC 25923,278.6121169,2.445,development,1,DBAASP
dbaasp_10644,GVFRRLRKVTRKVLKKIGKVLKWI,saure,ATCC 25923,3.999447498,0.602,development,4,DBAASP
dbaasp_20067,KCDWWCRY,saure,ATCC 25923,62.51726928,1.796,development,5,DBAASP
dbaasp_14204,FLGALLKIGAKVLPSVLCGIFKKC,saure,ATCC 25923,3.999447498,0.602,development,2,DBAASP
dbAMP_19477,LRLHKRRWKYRVPP,saure,ATCC 25923,13.24341535,1.122,development,4,dbAMP
dbaasp_14645,KKRRWQWRRKK,saure,ATCC 25923,127.9381304,2.107,development,5,DBAASP
dbaasp_12815,GFCWNVAVYRNGVRVAHRRCN,saure,ATCC 25923,0.203235701,-0.692,development,4,DBAASP
dbaasp_12691,GIGAVLKVLTTGLPALIKRKRQQ,saure,ATCC 25923,0.051168184,-1.291,development,1,DBAASP
dbaasp_16196,GLFNIIKKTIGKLR,saure,ATCC 25923,159.5879147,2.203,development,2,DBAASP
dbaasp_20254,RRIWRRWIRI,saure,ATCC 25923,7.99834255,0.903,development,1,DBAASP
dbaasp_4492,KRFWPLVPVAINTVAAGINLYKAIRRK,saure,ATCC 25923,1,0,development,5,DBAASP
dbaasp_19527,ASVVKKLTKKVAKLLK,saure,ATCC 25923,127.9381304,2.107,development,4,DBAASP
dbaasp_17239,FLKRLKKLL,saure,ATCC 25923,28.05433638,1.448,development,2,DBAASP
dbaasp_18164,FWSTIWNAAKSLI,saure,ATCC 25923,12.5025903,1.097,development,1,DBAASP
dbaasp_10319,KWWRWRRWW,saure,ATCC 25923,5.236004366,0.719,development,1,DBAASP
dbaasp_3772,GFGSLLGKALRLGANVL,saure,ATCC 25923,2.398832919,0.38,development,2,DBAASP
dbaasp_5246,PRPPRLPRPRPRPLPFPRP,saure,ATCC 25923,127.9381304,2.107,development,3,DBAASP
dbaasp_3735,VVKCSYRQGSPDSR,saure,ATCC 25923,127.9381304,2.107,development,2,DBAASP
dbaasp_7366,KVLKAAA,saure,ATCC 25923,10.99005839,1.041,development,5,DBAASP
dbaasp_18397,KRIGWRWRRWPRLRCK,saure,ATCC 25923,1.790605854,0.253,development,4,DBAASP
dbaasp_15997,MSLLERKLLMHFLRV,saure,ATCC 25923,8.570378452,0.933,development,2,DBAASP
dbaasp_16000,SVAGRAMRIGLRFVLM,saure,ATCC 25923,36.39150361,1.561,development,1,DBAASP
dbaasp_6750,YRWARWWRR,saure,ATCC 25923,3.52370871,0.547,development,1,DBAASP
dbaasp_4165,ILGPVLGLVSNTLDDVLGIL,saure,ATCC 25923,49.88844875,1.698,development,4,DBAASP
dbaasp_16144,KLDLKLDLKLDL,saure,ATCC 25923,100,2,development,3,DBAASP
dbaasp_9469,FLPAALAGIGGILGKLF,saure,ATCC 25923,6.251726928,0.796,development,1,DBAASP
dbaasp_3729,GLFTLIKGAYKNDAPTVACN,saure,ATCC 25923,5.874893525,0.769,development,3,DBAASP
dbaasp_10289,FRRFFKWPRRPFKFF,saure,ATCC 25923,7.144963261,0.854,development,2,DBAASP
dbAMP_19452,LRWKKRRWKYRVPP,saure,ATCC 25923,6.412095766,0.807,development,3,dbAMP
dbaasp_3140,GLLKWIKTLL,saure,ATCC 25923,1.713957308,0.234,development,1,DBAASP
dbaasp_19569,KLLPSVVGLFKKKKQ,saure,ATCC 25923,50.0034535,1.699,development,1,DBAASP
dbaasp_2293,GFLGSLLKTGLKVGSNLL,saure,ATCC 25923,2.500345362,0.398,development,3,DBAASP
dbaasp_11255,GSLHGFMYKYLKNMVLTLF,saure,ATCC 25923,15.99558029,1.204,development,5,DBAASP
dbaasp_1737,KFFRKLKKSVKKRAKEFFKKPRVIGVSIPF,saure,ATCC 25923,1.10407862,0.043,development,2,DBAASP
dbaasp_20011,LGLFKKLLRLIKKGFKL,saure,ATCC 25923,0.586138165,-0.232,development,3,DBAASP
dbaasp_3152,KLLKRIKKLL,saure,ATCC 25923,22.69864852,1.356,development,3,DBAASP
dbaasp_12756,GLLDLLKLLLKAAG,saure,ATCC 25923,10,1,development,1,DBAASP
dbaasp_1678,SIRDKIKTIAIDLAKSAGTGVLKTLICKLNKSC,saure,ATCC 25923,4.305266105,0.634,development,5,DBAASP
dbaasp_12832,INWLAIAKKVAGML,saure,ATCC 25923,15.24052754,1.183,development,4,DBAASP
dbAMP_20445,KFWSLLKKALRLWKKVL,saure,ATCC 25923,14.96235656,1.175,development,2,dbAMP
dbaasp_7081,RQRRVVIWW,saure,ATCC 25923,2.697739432,0.431,development,4,DBAASP
dbaasp_19256,IAKAILPLALKALKNLIK,saure,ATCC 25923,1,0,development,5,DBAASP
dbaasp_11887,WLNALKKVWQGIHEAIKLIWNWVQ,saure,ATCC 25923,31.9889511,1.505,development,1,DBAASP
dbaasp_3644,LNLKGIFKKVASLLT,saure,ATCC 25923,5.997910763,0.778,development,5,DBAASP
dbaasp_3656,INPFVAGVAAEMMQHVYCAASKKC,saure,ATCC 25923,3.372873087,0.528,development,1,DBAASP
dbaasp_7699,KFFKKLKNSVKKRAKKFFKKPRVIGVSIPF,saure,ATCC 25923,0.872971368,-0.059,development,2,DBAASP
dbaasp_4360,ILKKLLSTAAGLLSNL,saure,ATCC 25923,63.97348355,1.806,development,3,DBAASP
dbaasp_6792,AKKVFKRLPKLFSKIWNWK,saure,ATCC 25923,3.999447498,0.602,development,5,DBAASP
dbaasp_13985,FLREFHKWIERVVGWLGKVF,saure,ATCC 25923,31.9889511,1.505,development,4,DBAASP
dbaasp_4170,ILGPVLGLDGNALGGLIKKI,saure,ATCC 25923,51.40436516,1.711,development,3,DBAASP
dbaasp_7071,KRRWRIWLV,saure,ATCC 25923,1.499684836,0.176,development,1,DBAASP
dbaasp_660,ALWKNMLKGIGKLAGQAALGAVKTLVGA,saure,ATCC 25923,1.300169578,0.114,development,1,DBAASP
dbAMP_27314,KWRRWIRWL,saure,ATCC 25923,10,1,development,5,dbAMP
dbaasp_18382,ARWGRWLRKIRRWRPK,saure,ATCC 25923,3.630780548,0.56,development,5,DBAASP
dbaasp_16894,KIAKRIWKILRRRLFRRVKKVAG,saure,ATCC 25923,5.432503315,0.735,development,1,DBAASP
dbaasp_3766,GMASKAGSIVGKIAKIALGAL,saure,ATCC 25923,50.0034535,1.699,development,3,DBAASP
dbAMP_14774,YCNRRTGKCQRM,saure,ATCC 25923,4.875284901,0.688,development,2,dbAMP
dbAMP_10884,RYHMQCGYRGTFCTPGKCPYGNAYLGLCRPKYSCCRWL,saure,ATCC 25923,0.901571138,-0.045,development,2,dbAMP
dbaasp_4116,FLPAVIRVAANVLPTVFCAISKKC,saure,ATCC 25923,6.295061829,0.799,development,4,DBAASP
dbaasp_12847,LFKKNKLWFKSKKWL,saure,ATCC 25923,50.0034535,1.699,development,2,DBAASP
dbaasp_3776,GVSKILHSAGKFGKAFLGEIMKS,saure,ATCC 25923,100,2,development,5,DBAASP
dbAMP_25149,EIEKFDKSKLK,saure,ATCC 25923,19.31968317,1.286,development,1,dbAMP
dbaasp_19946,WRNWRNWRNWRN,saure,ATCC 25923,31.9889511,1.505,development,2,DBAASP
dbaasp_3742,KNNFCQVLYVWLLRLGKQCFVKFSKDVET,saure,ATCC 25923,28.6417797,1.457,development,5,DBAASP
dbaasp_16990,WRWWKWWK,saure,ATCC 25923,5.956621435,0.775,development,2,DBAASP
dbaasp_10696,RRPWRWPRWPWRR,saure,ATCC 25923,15.84893192,1.2,development,2,DBAASP
dbaasp_3943,KSLRPRCWIKIKFRCKSLKF,saure,ATCC 25923,3.723917063,0.571,development,1,DBAASP
dbAMP_16444,WFWKLLWKALRLWWKVL,saure,ATCC 25923,3.396252726,0.531,development,3,dbAMP
dbaasp_3724,GFMDTAKNVAKNMAVTLLDNLKCKITKAC,saure,ATCC 25923,1.216186001,0.085,development,2,DBAASP
dbaasp_17250,FLKFLKKLL,saure,ATCC 25923,7.063175543,0.849,development,5,DBAASP
dbaasp_363,GKKYRRFRWKFKGKWFWFG,saure,ATCC 25923,6.180164001,0.791,development,5,DBAASP
dbaasp_7042,ILRWKWRWWRWRR,saure,ATCC 25923,0.699841996,-0.155,development,3,DBAASP
dbaasp_7065,RIKRWWWWR,saure,ATCC 25923,1.300169578,0.114,development,1,DBAASP
dbaasp_191,YVLWKRKRYIFI,saure,ATCC 25923,1.798870915,0.255,development,3,DBAASP
dbaasp_4117,GIFGKILGAGKKVLCGLSGLC,saure,ATCC 25923,15.88546749,1.201,development,3,DBAASP
dbaasp_991,ALWKTMLKKLGTMALHAGKAALGAAADTISQGTQ,saure,ATCC 25923,59.97910763,1.778,development,3,DBAASP
dbaasp_3581,GIMNTVKDVATGVATHLLNMVKCKITGC,saure,ATCC 25923,50.0034535,1.699,development,4,DBAASP
dbaasp_7358,LLKKVLKAAA,saure,ATCC 25923,12.5025903,1.097,development,4,DBAASP
dbAMP_19471,LHLKKRRWKYRVPP,saure,ATCC 25923,26.91534804,1.43,development,1,dbAMP
dbaasp_5719,FIGALLRPALKLLAGK,saure,ATCC 25923,15.99558029,1.204,development,4,DBAASP
dbaasp_3727,GFMNTAKNVAKNVAVTLLDNLKCKITGGC,saure,ATCC 25923,5.915616342,0.772,development,3,DBAASP
dbaasp_13930,YIRKIRRFFKKLKKILKK,saure,ATCC 25923,3.349654392,0.525,development,1,DBAASP
dbAMP_27611,RFWWFRRR,saure,ATCC 25923,25.00345362,1.398,development,1,dbAMP
dbaasp_1887,GLWNTIKEAGKKFAINVLDKIRCGIAGGCKT,saure,ATCC 25923,149.9684836,2.176,development,5,DBAASP
dbaasp_15871,RRGWALRLVLAY,saure,ATCC 25923,3.597493352,0.556,development,4,DBAASP
dbaasp_9495,INLKILARLAKKIL,saure,ATCC 25923,6.251726928,0.796,development,2,DBAASP
dbaasp_9004,FFHHIFRGAVHVGKTIHRLVTG,saure,ATCC 25923,1.233104833,0.091,development,5,DBAASP
dbaasp_17806,QAVEAQK,saure,ATCC 25923,827.9421637,2.918,development,1,DBAASP
dbaasp_11983,RSICCSFPDPWGGLCCEDHCSYIGKPGGQCSDKGVCTCN,saure,ATCC 25923,1.945360082,0.289,development,2,DBAASP
dbAMP_19510,LRLKKRRWKYYVPP,saure,ATCC 25923,13.27394458,1.123,development,3,dbAMP
dbaasp_1559,RIWVIRWR,saure,ATCC 25923,3.427677865,0.535,development,1,DBAASP
dbaasp_18651,RVRWWWRVR,saure,ATCC 25923,7.99834255,0.903,development,5,DBAASP
dbaasp_14314,SLWSSIKDMAAAAGRAALNAVNGILNP,saure,ATCC 25923,188.7991349,2.276,development,4,DBAASP
dbaasp_19369,APLKMKAILEIVHRRMKQNKMKAAF,saure,ATCC 25923,8.511380382,0.93,development,5,DBAASP
dbaasp_3669,FLPAVLLVATHVLPTVFCAITRKC,saure,ATCC 25923,2.618183008,0.418,development,3,DBAASP
dbaasp_19179,CLPSGDCPDFLGCGRAIWCI,saure,ATCC 25923,3.79314985,0.579,development,5,DBAASP
dbaasp_15101,FAKKFAKKFKKFAKKFAKFAFAF,saure,ATCC 25923,1.452111618,0.162,development,3,DBAASP
dbAMP_19458,LRLKKRRLKYRVPP,saure,ATCC 25923,27.66941645,1.442,development,3,dbAMP
dbaasp_19009,INLKAIAAFAKKFI,saure,ATCC 25923,8.165823714,0.912,development,1,DBAASP
dbaasp_3672,GLLDTFKNMALNAAKSAGVSVLNALSCKLSKTC,saure,ATCC 25923,1.96788629,0.294,development,5,DBAASP
dbaasp_1675,FLGPIIKIATGILPTAICKFLKKC,saure,ATCC 25923,1.45881426,0.164,development,5,DBAASP
dbaasp_14889,GLFDIIKKIAASF,saure,ATCC 25923,22.80342072,1.358,development,3,DBAASP
dbaasp_4526,FLGALFHALSHLL,saure,ATCC 25923,1,0,development,2,DBAASP
dbaasp_571,KWKLFKKIEKVGQNIRDGIIKAGPAVAVVGQATQIAK,saure,ATCC 25923,8.035261222,0.905,development,1,DBAASP
dbaasp_5862,LVQRGRFGRFLRKIRRFR,saure,ATCC 25923,1.99986187,0.301,development,3,DBAASP
dbaasp_19612,WKWKWKRRRFKWKWKW,saure,ATCC 25923,7.99834255,0.903,development,3,DBAASP
dbaasp_5565,AKRLKKLAKKIWNWK,saure,ATCC 25923,3.999447498,0.602,development,3,DBAASP
dbaasp_4535,GFGCNGPWNEDDLRCHNHCKSIKGYKGGYCAKGGFVCKCY,saure,ATCC 25923,0.027989813,-1.553,development,4,DBAASP
dbaasp_11886,WLNALKKVFQGIHEAIKLIWNWVQ,saure,ATCC 25923,31.9889511,1.505,development,1,DBAASP
dbaasp_11893,LNALKKVFQGIHEAIKKI,saure,ATCC 25923,3.999447498,0.602,development,2,DBAASP
dbaasp_8373,FLPGLIKAAVGVGSTILCKITKKC,saure,ATCC 25923,12.5025903,1.097,development,5,DBAASP
dbaasp_6841,RRLFRRILRWL,saure,ATCC 25923,0.699841996,-0.155,development,3,DBAASP
dbaasp_3688,SFLSTFKELAINAAKNAGQSLLHTLSCKLDKTC,saure,ATCC 25923,2.233572223,0.349,development,3,DBAASP
dbaasp_15622,GFLKKVGKKLEGASDLTRDATIQTIAVAQAAANVAATAKQ,saure,ATCC 25923,253.512863,2.404,development,2,DBAASP
dbAMP_19487,LRLKKWRWKYRVPP,saure,ATCC 25923,26.18183008,1.418,development,1,dbAMP
dbaasp_9713,FSVTWRWWKWWKG,saure,ATCC 25923,5.445026528,0.736,development,5,DBAASP
dbaasp_14657,FLQKIIGALGKLF,saure,ATCC 25923,1.599558029,0.204,development,4,DBAASP
dbaasp_17687,WRLWRLWRLWRLWRL,saure,ATCC 25923,3.999447498,0.602,development,5,DBAASP
dbaasp_10602,GCRRLCWKQRCVTYCRGR,saure,ATCC 25923,15.99558029,1.204,development,5,DBAASP
dbaasp_3213,RKWIWRWFL,saure,ATCC 25923,1.603245391,0.205,development,3,DBAASP
dbaasp_12574,RFRPPIRRPPIRPPFYPPFRPPI,saure,ATCC 25923,63.97348355,1.806,development,2,DBAASP
dbaasp_17529,TKCFQWQRNMRKVRGPPVSCIKRDSPIQCI,saure,ATCC 25923,0.70307232,-0.153,development,2,DBAASP
dbaasp_11337,IWLTALKFLGKNLGKLAKQQLAKL,saure,ATCC 25923,2.851018268,0.455,development,4,DBAASP
dbaasp_5842,FWGALAKGALKLIGSLFSSFSKKD,saure,ATCC 25923,12.5025903,1.097,development,4,DBAASP
dbaasp_704,GIWKTIKSMGKVFAGAILQNL,saure,ATCC 25923,6.251726928,0.796,development,3,DBAASP
dbaasp_18126,KWKSFLKTFKSAKKTVKHTALKAISS,saure,ATCC 25923,84.9180475,1.929,development,2,DBAASP
dbaasp_5227,RRWCFRVCYKGRCRYKCR,saure,ATCC 25923,0.413047502,-0.384,development,4,DBAASP
dbaasp_4126,QRFSQPTFKLPQGRLTLSRKF,saure,ATCC 25923,39.71915495,1.599,development,4,DBAASP
dbaasp_3142,GLLKRIKVLL,saure,ATCC 25923,19.40885878,1.288,development,2,DBAASP
dbaasp_852,GSKKPVPIIYCNRRTGKCQRM,saure,ATCC 25923,1,0,development,3,DBAASP
dbaasp_6166,GIMDTIKGAAKDLAGQLLDKLKCKITKC,saure,ATCC 25923,149.9684836,2.176,development,5,DBAASP
dbaasp_17855,LRWWWRL,saure,ATCC 25923,7.99834255,0.903,development,5,DBAASP
dbaasp_4224,GLFKVLGSVAKHLLPHVAPVIAEKL,saure,ATCC 25923,4.581418867,0.661,development,2,DBAASP
dbaasp_19518,AKVVNKLTGGVAGLLK,saure,ATCC 25923,127.9381304,2.107,development,4,DBAASP
dbaasp_13772,KWFRVYRGIY,saure,ATCC 25923,179.8870915,2.255,development,3,DBAASP
dbaasp_17683,WRIWRIWRIWRIWRI,saure,ATCC 25923,3.999447498,0.602,development,2,DBAASP
dbaasp_874,AGLQFPVGRVHRLLRK,saure,ATCC 25923,25.00345362,1.398,development,2,DBAASP
dbaasp_16909,IPLLRKGKKIIWW,saure,ATCC 25923,63.97348355,1.806,development,5,DBAASP
dbaasp_4362,ILGKLLSTAAKLLSNL,saure,ATCC 25923,3.999447498,0.602,development,1,DBAASP
dbaasp_16915,IHKLVKLWLNLGKKF,saure,ATCC 25923,63.97348355,1.806,development,4,DBAASP
dbaasp_17652,GAAKRAKTAA,saure,ATCC 25923,511.6818355,2.709,development,4,DBAASP
dbAMP_02708,GFWGKLFKLGLHGIGLLHLHL,saure,ATCC 25923,63.97348355,1.806,development,2,dbAMP
dbAMP_02291,FPVTWGWWKWWKG,saure,ATCC 25923,8.770008211,0.943,development,4,dbAMP
dbaasp_721,KLPLIGRVLSGIL,saure,ATCC 25923,83.75292821,1.923,development,3,DBAASP
dbaasp_264,KWKSFAKTFKSAKKTVLHTALKAISS,saure,ATCC 25923,125.025903,2.097,development,3,DBAASP
dbaasp_5608,INLKAIAALARNY,saure,ATCC 25923,7.079457844,0.85,development,4,DBAASP
dbAMP_25405,GVVVRVPRVVVRWVRR,saure,ATCC 25923,127.9381304,2.107,development,5,dbAMP
dbaasp_3731,AVNIPFKVHFRCKAAFC,saure,ATCC 25923,5.22396189,0.718,development,5,DBAASP
dbaasp_1473,FIGPIISALASLFG,saure,ATCC 25923,59.97910763,1.778,development,2,DBAASP
dbaasp_17300,RRWARRLFFAYRR,saure,ATCC 25923,18.7068214,1.272,development,2,DBAASP
dbaasp_18047,LLPIVGNLLKSLLGWKRARFG,saure,ATCC 25923,50.0034535,1.699,development,5,DBAASP
dbaasp_16941,VDKPPYLPRPRPIRRPGGR,saure,ATCC 25923,511.6818355,2.709,development,4,DBAASP
dbaasp_894,AKKVFKRLEKLFSKIWNWK,saure,ATCC 25923,1.99986187,0.301,development,3,DBAASP
dbaasp_17724,WRIRRRWPRLPRPRWR,saure,ATCC 25923,11.99499303,1.079,development,1,DBAASP
dbaasp_13172,AAKIILNPKFR,saure,ATCC 25923,127.9381304,2.107,development,5,DBAASP
dbaasp_10490,VLLRALARKITLGIKKYG,saure,ATCC 25923,6.251726928,0.796,development,5,DBAASP
dbaasp_14867,GLLSRLRDRLSDRGRRLGEKIERIGQKIKDLSEFFQS,saure,ATCC 25923,0.01124605,-1.949,development,2,DBAASP
dbaasp_3146,GLLKRIKNLL,saure,ATCC 25923,10.44720219,1.019,development,2,DBAASP
dbaasp_16326,RCVRWWKRVCK,saure,ATCC 25923,66.52731562,1.823,development,5,DBAASP
dbaasp_9125,YPCKLNLKLGKVPFH,saure,ATCC 25923,36.81289736,1.566,development,5,DBAASP
dbaasp_8863,IDGLKAIVKKVADLLKNT,saure,ATCC 25923,69.9841996,1.845,development,4,DBAASP
dbaasp_20079,WRWRRRWRW,saure,ATCC 25923,1.99986187,0.301,development,4,DBAASP
dbaasp_17695,WRWWRWWRWWRWWRW,saure,ATCC 25923,7.99834255,0.903,development,4,DBAASP
dbaasp_7682,KQWRIRVCVIRA,saure,ATCC 25923,21.18361135,1.326,development,5,DBAASP
dbaasp_10603,GCRRLCYKQRCVTWCRGR,saure,ATCC 25923,15.99558029,1.204,development,2,DBAASP
dbaasp_5852,WPKWWKWKRRWGRKKAKKRRG,saure,ATCC 25923,10.88930093,1.037,development,3,DBAASP
dbaasp_4567,KKSYVRRWRS,saure,ATCC 25923,100,2,development,1,DBAASP
dbaasp_1895,GFMDTAKNVAKNVAATLLDKLKCKITGGC,saure,ATCC 25923,2.437810818,0.387,development,5,DBAASP
dbaasp_14441,KKWRKWLAKKKKK,saure,ATCC 25923,1.798870915,0.255,development,3,DBAASP
dbaasp_2123,INLLKIAKGIIKSL,saure,ATCC 25923,6.637430704,0.822,development,1,DBAASP
dbaasp_18832,RWLHLNGRWLHL,saure,ATCC 25923,73.96052751,1.869,development,1,DBAASP
DRAMP03876,RRWWWRWRRW,saure,ATCC 25923,7.498942093,0.875,development,5,DRAMP
dbaasp_8143,FLKKAKKFGKAF,saure,ATCC 25923,367.2823005,2.565,development,1,DBAASP
dbaasp_6654,ALWMTLLKKVLKA,saure,ATCC 25923,2.999162519,0.477,development,2,DBAASP
dbaasp_15797,RRQQRWHDKSFKKAHLGTAVKA,saure,ATCC 25923,19.9986187,1.301,development,3,DBAASP
dbaasp_725,FLPLLGRVLSGLL,saure,ATCC 25923,5.199959965,0.716,development,1,DBAASP
dbaasp_12192,TKRSLSPHRPRHSRLQREPQVQWLEQQVAKRRTKR,saure,ATCC 25923,100,2,development,4,DBAASP
dbaasp_2202,FLPLVTGLLSGLL,saure,ATCC 25923,63.97348355,1.806,development,1,DBAASP
dbaasp_7581,NGVQPKYKWWKWWKKWW,saure,ATCC 25923,19.0107828,1.279,development,5,DBAASP
dbaasp_2281,GVIIDTLKGAAKTVAAELLRKAHCKLTNSC,saure,ATCC 25923,63.97348355,1.806,development,2,DBAASP
dbaasp_17664,GWWKRIKTWW,saure,ATCC 25923,3.999447498,0.602,development,4,DBAASP
dbaasp_13462,ATCDLLSPFKVGHAACALHCIAMGRRGGWCDGRAVCNCRR,saure,ATCC 25923,0.007277798,-2.138,development,5,DBAASP
dbaasp_3775,GFWSSALEGLKKFAKGGLEALTNPK,saure,ATCC 25923,100,2,development,1,DBAASP
dbaasp_4215,FLPVIAGVAANFLPKLFCAISKKC,saure,ATCC 25923,2.999162519,0.477,development,4,DBAASP
dbaasp_19851,FLPIVAKLLEGLL,saure,ATCC 25923,15.99558029,1.204,development,2,DBAASP
dbaasp_18654,KAIHRLIRRRRR,saure,ATCC 25923,78.52356346,1.895,development,2,DBAASP
dbaasp_1506,VIPFVASVAAEMMQHVYCAASKKC,saure,ATCC 25923,8.109610579,0.909,development,1,DBAASP
dbaasp_3587,FLPIITNLLGKLL,saure,ATCC 25923,5.997910763,0.778,development,3,DBAASP
dbaasp_13029,AARRILRWIFR,saure,ATCC 25923,7.99834255,0.903,development,4,DBAASP
dbaasp_7086,VRLRIRVRVIRK,saure,ATCC 25923,1,0,development,3,DBAASP
dbaasp_16768,LNLKALLAVAKAIL,saure,ATCC 25923,3.999447498,0.602,development,3,DBAASP
dbaasp_8432,FLPGLECVSGKIVPTVFCAITRIC,saure,ATCC 25923,1.963360277,0.293,development,4,DBAASP
dbAMP_24928,RKRKILILIKRK,saure,ATCC 25923,5.17606832,0.714,development,1,dbAMP
dbaasp_1883,FLPIVGKLLSGLF,saure,ATCC 25923,149.9684836,2.176,development,1,DBAASP
dbaasp_3206,WKRWWKKWR,saure,ATCC 25923,2.773320105,0.443,development,5,DBAASP
dbaasp_197,KKLFKKILKYL,saure,ATCC 25923,31.9889511,1.505,development,5,DBAASP
dbAMP_25150,QQRFEWEFEQQ,saure,ATCC 25923,127.9381304,2.107,development,2,dbAMP
dbaasp_4328,VKRFKKFFRKLKKSV,saure,ATCC 25923,0.519995997,-0.284,development,4,DBAASP
dbaasp_4619,FVPWFSKFLGRIL,saure,ATCC 25923,2.999162519,0.477,development,4,DBAASP
dbaasp_19129,FKFLARTGKFL,saure,ATCC 25923,12.2179966,1.087,development,1,DBAASP
dbaasp_3135,GLLKVIKTLL,saure,ATCC 25923,2.779713268,0.444,development,1,DBAASP
dbaasp_14021,GLLSRLRDFLSDRGRRLGEIIERIGQIIKDLSEFFQS,saure,ATCC 25923,0.005794287,-2.237,development,1,DBAASP
dbaasp_17871,WRRWWWRRW,saure,ATCC 25923,1.99986187,0.301,development,4,DBAASP
dbaasp_702,GIWDTIKSMGKVFAGKIKQNL,saure,ATCC 25923,100,2,development,4,DBAASP
dbaasp_16433,LKKLACRLKKLACRLKKLACRLKKLACR,saure,ATCC 25923,63.97348355,1.806,development,2,DBAASP
dbaasp_14235,RWRWWWRWRA,saure,ATCC 25923,3.999447498,0.602,development,5,DBAASP
dbaasp_13980,KWKKLLKKPLLK,saure,ATCC 25923,1.559552503,0.193,development,2,DBAASP
dbaasp_19937,WRTWRTWRTWRT,saure,ATCC 25923,15.99558029,1.204,development,2,DBAASP
dbaasp_8018,AGYLLGKINLKPLAALAKKIL,saure,ATCC 25923,58.47900841,1.767,development,1,DBAASP
DRAMP03875,RRWQWRMKKL,saure,ATCC 25923,11.24604974,1.051,development,1,DRAMP
dbaasp_17706,RIRIRWIIR,saure,ATCC 25923,1.581248039,0.199,development,5,DBAASP
dbaasp_13935,GWVKKIGKKIERVGQNTRDATIQVIGVAQQAANVAATLKG,saure,ATCC 25923,60.95368972,1.785,development,1,DBAASP
dbaasp_4217,FLPIIAGAAAKVVEKIFCAISKKC,saure,ATCC 25923,5.997910763,0.778,development,1,DBAASP
dbaasp_15799,RKCVRVQLIKNGKTVTAF,saure,ATCC 25923,19.9986187,1.301,development,4,DBAASP
dbaasp_4928,GLLKKLLKIAAKVGKKLL,saure,ATCC 25923,5.997910763,0.778,development,4,DBAASP
dbaasp_1198,KWKSFLKTFKSAVKTVLHTALKAISS,saure,ATCC 25923,5.508076964,0.741,development,2,DBAASP
dbaasp_7680,VQWRIRVAVIRK,saure,ATCC 25923,10.61695557,1.026,development,5,DBAASP
dbaasp_16981,FPVTWRWWKWWKGKFPVTWRWWKWWKG,saure,ATCC 25923,65.46361741,1.816,development,2,DBAASP
dbaasp_19555,ASVVKKWWKGWWKLLK,saure,ATCC 25923,15.99558029,1.204,development,2,DBAASP
dbaasp_4173,KRGLWESLKRKATKLGDDIRNTLRNFKIKFPVPRQG,saure,ATCC 25923,1.389952631,0.143,development,2,DBAASP
dbaasp_2285,GMATKAGTALGKVAKAVIGAAL,saure,ATCC 25923,100,2,development,4,DBAASP
dbaasp_3712,GIFGKILGVGKKTLCELSGMC,saure,ATCC 25923,2.951209227,0.47,development,5,DBAASP
dbaasp_3711,GLLSGVLGVGKKIVCGLSGLC,saure,ATCC 25923,5.321082593,0.726,development,2,DBAASP
dbaasp_11025,WKKIRVRLSA,saure,ATCC 25923,51.64163693,1.713,development,2,DBAASP
dbaasp_20066,SCHKWCVRW,saure,ATCC 25923,15.59552503,1.193,development,1,DBAASP
dbaasp_1433,KRFHSVGSLIQRLQQMIRDLSEATRHGIRKITRPKLLLAS,saure,ATCC 25923,3.88150366,0.589,development,3,DBAASP
dbaasp_14630,RKWRIVVIRVRR,saure,ATCC 25923,127.9381304,2.107,development,4,DBAASP
dbaasp_17696,WRKWRK,saure,ATCC 25923,63.97348355,1.806,development,1,DBAASP
dbaasp_17663,GWLKRWKTLW,saure,ATCC 25923,15.99558029,1.204,development,4,DBAASP
dbaasp_16430,LKKLCARLKKLCARLKKLCARLKKLCAR,saure,ATCC 25923,63.97348355,1.806,development,4,DBAASP
dbaasp_3214,IWWKWRRWV,saure,ATCC 25923,1.503141966,0.177,development,1,DBAASP
dbaasp_16908,LARFVLRILKYGFK,saure,ATCC 25923,31.9889511,1.505,development,3,DBAASP
dbaasp_17242,FLKCLKKLL,saure,ATCC 25923,58.88436554,1.77,development,1,DBAASP
dbaasp_12837,INWLKIKKKVAGML,saure,ATCC 25923,1.230268771,0.09,development,1,DBAASP
dbaasp_1431,KRRHWFPLSFQEFLEQLRRFRDQLPFP,saure,ATCC 25923,16.03245391,1.205,development,5,DBAASP
dbaasp_9134,HNSSKQWSHWLWHNGIRI,saure,ATCC 25923,28.18382931,1.45,development,3,DBAASP
dbaasp_8450,WRWRWR,saure,ATCC 25923,7.294575103,0.863,development,5,DBAASP
dbAMP_19495,LRLKKRHWKYRVPP,saure,ATCC 25923,26.91534804,1.43,development,5,dbAMP
dbAMP_25426,GKYGFYTHVFRLKKWMQKVIDRFGG,saure,ATCC 25923,127.9381304,2.107,development,3,dbAMP
dbaasp_8720,RLYRRRFVVGR,saure,ATCC 25923,7.99834255,0.903,development,1,DBAASP
dbaasp_13731,KKCWNGGRCRKKCKENEKPIGYCRNGKKCCVN,saure,ATCC 25923,3.365115694,0.527,development,1,DBAASP
dbaasp_12605,RRIRIIIRIRR,saure,ATCC 25923,3.999447498,0.602,development,1,DBAASP
dbaasp_724,FLPLAGRVLSGAL,saure,ATCC 25923,167.4942876,2.224,development,2,DBAASP
dbaasp_18340,GPLGVRGKRLWDIVRRWVGWL,saure,ATCC 25923,50.0034535,1.699,development,4,DBAASP
dbaasp_10214,GAPKGCWTKSYPPQPCFGKK,saure,ATCC 25923,18.79316817,1.274,development,3,DBAASP
dbaasp_10324,RIWKIWWKR,saure,ATCC 25923,94.62371614,1.976,development,3,DBAASP
dbaasp_8429,FFPLIAGLAARFLPKIFCSITKRC,saure,ATCC 25923,1.853531623,0.268,development,4,DBAASP
dbaasp_3657,ILPFVAGVAAEMMKHVYCAASKKC,saure,ATCC 25923,5.956621435,0.775,development,4,DBAASP
dbaasp_17327,GLHKVMRKVLGYLRNVYK,saure,ATCC 25923,7.99834255,0.903,development,4,DBAASP
dbAMP_17199,NIILWG,saure,ATCC 25923,183.6538343,2.264,development,2,dbAMP
dbaasp_20009,LGLFKKLLRLIKKGFKK,saure,ATCC 25923,1.161448614,0.065,development,1,DBAASP
dbaasp_5698,GAFGNLLKGVAKKAGLKILSIAQCKLSGTC,saure,ATCC 25923,3.097419299,0.491,development,5,DBAASP
DRAMP01955,GAIKDALKGAAKTVAVELLKKAQCKLEKTC,saure,ATCC 25923,17.98870915,1.255,development,1,DRAMP
dbaasp_3220,VVLKIVRRF,saure,ATCC 25923,191.4255925,2.282,development,4,DBAASP
dbAMP_24929,RKILILIKRK,saure,ATCC 25923,6.338697113,0.802,development,2,dbAMP
dbaasp_19071,WFQVKTRVRTKVQFW,saure,ATCC 25923,31.9889511,1.505,development,4,DBAASP
dbaasp_7820,FFKKFWGGVKAIFKGARKGWK,saure,ATCC 25923,1.99986187,0.301,development,1,DBAASP
dbaasp_20058,FWWRRRWWF,saure,ATCC 25923,3.999447498,0.602,development,4,DBAASP
dbaasp_12597,RIRIIIRIR,saure,ATCC 25923,3.999447498,0.602,development,1,DBAASP
dbaasp_1805,GILSSIKGVAKGVAKNVAAQLLDTLKCKITGC,saure,ATCC 25923,5.997910763,0.778,development,2,DBAASP
dbaasp_11232,KIALKALKALKALGKALKAL,saure,ATCC 25923,3.999447498,0.602,development,2,DBAASP
dbaasp_19777,RALRKALKAWRKLAKKLQ,saure,ATCC 25923,10,1,development,5,DBAASP
dbaasp_1667,CVISAGWNHKIRCKLTGNC,saure,ATCC 25923,23.98832919,1.38,development,2,DBAASP
dbaasp_4228,FFPTIAGLTKLFCAITKKC,saure,ATCC 25923,19.9986187,1.301,development,4,DBAASP
dbaasp_20040,GWRRRWG,saure,ATCC 25923,15.99558029,1.204,development,5,DBAASP
dbAMP_19403,YRLKKRRWKYRVPP,saure,ATCC 25923,12.97179271,1.113,development,5,dbAMP
dbaasp_12206,YYHFWHRGVTKRSL,saure,ATCC 25923,79.9834255,1.903,development,2,DBAASP
dbaasp_4566,WKSYVRRWRS,saure,ATCC 25923,100,2,development,2,DBAASP
dbAMP_12287,YSLQMGATAIKQVKKLFKKWGW,saure,ATCC 25923,1.807174126,0.257,development,2,dbAMP
dbaasp_5693,GIFSLFKAGAKFFGKNLLKEAGKAGAEHLACKAANQC,saure,ATCC 25923,12.5025903,1.097,development,2,DBAASP
dbaasp_11383,GLLRRLRKKIGEIFKKYG,saure,ATCC 25923,3.999447498,0.602,development,1,DBAASP
dbaasp_8019,AAYLLAKINLKALAALAKKIL,saure,ATCC 25923,14.5881426,1.164,development,1,DBAASP
dbaasp_18657,FHIIGGLFSAGKAIHRLIRRRRR,saure,ATCC 25923,5.902010802,0.771,development,1,DBAASP
dbaasp_11230,KIGKALGKALKALGKALGKA,saure,ATCC 25923,15.99558029,1.204,development,3,DBAASP
dbaasp_17721,RRIRPRPPRLPRPRWR,saure,ATCC 25923,63.97348355,1.806,development,3,DBAASP
DRAMP01775,FLSGIVGMLGKLFGK,saure,ATCC 25923,2.999162519,0.477,development,5,DRAMP
dbaasp_14971,IRPIRP,saure,ATCC 25923,127.9381304,2.107,development,3,DBAASP
dbaasp_18045,LLPIVGNLLKSLLGWARKRFG,saure,ATCC 25923,25.00345362,1.398,development,3,DBAASP
dbaasp_5805,GAFGNFLKGVAKKAGLKILSIAQCKLSGTC,saure,ATCC 25923,1.03038612,0.013,development,1,DBAASP
dbaasp_7669,KKCRNKKMEVSR,saure,ATCC 25923,16.78804018,1.225,development,1,DBAASP
dbaasp_19013,KAIAAFAKALFI,saure,ATCC 25923,40.17908108,1.604,development,5,DBAASP
dbAMP_15309,MGKLAIKAGKIIGGGIASALGWAAGEKAVGK,saure,ATCC 25923,31.9889511,1.505,development,4,dbAMP
dbaasp_12839,INWKKIKKKVAGML,saure,ATCC 25923,1.218989599,0.086,development,4,DBAASP
dbaasp_16885,CKKKKC,saure,ATCC 25923,44.46312675,1.648,development,3,DBAASP
dbaasp_192,YVLFKRKRFIFI,saure,ATCC 25923,199.986187,2.301,development,2,DBAASP
dbaasp_11541,EEEEEEEEEEKKRLKKIFKKPMVIGVTIPF,saure,ATCC 25923,35.0751874,1.545,development,4,DBAASP
dbaasp_10653,LIGSLVRGILPLF,saure,ATCC 25923,46.34469197,1.666,development,1,DBAASP
dbaasp_847,LLPIVGNLLKSLL,saure,ATCC 25923,2.999162519,0.477,development,5,DBAASP
dbaasp_12190,RHSRLQREPQVQWLEQQVAKRRTKR,saure,ATCC 25923,100,2,development,1,DBAASP
dbaasp_365,GCKKFRRFKLKCKQKLWLWCG,saure,ATCC 25923,388.150366,2.589,development,2,DBAASP
dbaasp_3746,AAPRGGKGFFCKLFKDC,saure,ATCC 25923,27.35268726,1.437,development,1,DBAASP
dbaasp_14632,RWKRIVVIRKRR,saure,ATCC 25923,255.8585887,2.408,development,4,DBAASP
dbaasp_3721,GILGNIVGMGKQVVCGLSGLC,saure,ATCC 25923,2.546830253,0.406,development,1,DBAASP
dbaasp_13197,VDKKPYLPRPRPPRRIYNR,saure,ATCC 25923,6.652731562,0.823,development,1,DBAASP
dbaasp_13585,VDKPPYLPRPTPPRRIYNR,saure,ATCC 25923,55.20774393,1.742,development,1,DBAASP
dbaasp_19097,FRQWYRRVRRYWQRF,saure,ATCC 25923,7.99834255,0.903,development,3,DBAASP
dbaasp_3838,RWCFRVCYRGICYRKCR,saure,ATCC 25923,1,0,development,1,DBAASP
dbaasp_12195,YYHFWHRGVTKRSLSPHRPRHSRLQR,saure,ATCC 25923,3.999447498,0.602,development,1,DBAASP
dbaasp_18758,GSKKPVPIIYCNAATGKCQRM,saure,ATCC 25923,100,2,development,4,DBAASP
dbaasp_6749,YRWWRWARRW,saure,ATCC 25923,1.559552503,0.193,development,2,DBAASP
dbaasp_5226,RRWCFRVCYRGRFCYRKCR,saure,ATCC 25923,0.384591782,-0.415,development,4,DBAASP
dbaasp_1067,KKCPIVVIRVCK,saure,ATCC 25923,46.77351413,1.67,development,4,DBAASP
dbaasp_15841,CLKSGAICHPVFCPRRYKQIGTCGLPGTKCCKKP,saure,ATCC 25923,136.1444682,2.134,development,4,DBAASP
dbaasp_19010,INLKAIAAFAKALI,saure,ATCC 25923,34.75361614,1.541,development,2,DBAASP
dbaasp_18391,KRCIGWRWRRWPRLRK,saure,ATCC 25923,1.790605854,0.253,development,5,DBAASP
dbaasp_7145,RFRRLRWKTRWRLKKI,saure,ATCC 25923,32.28494122,1.509,development,5,DBAASP
dbaasp_14972,IRIRPIRIRP,saure,ATCC 25923,127.9381304,2.107,development,4,DBAASP
dbaasp_10175,WFKKLLKKALRLWKKVL,saure,ATCC 25923,7.328245331,0.865,development,5,DBAASP
dbaasp_4625,FVQWFSRFLGRIL,saure,ATCC 25923,5.997910763,0.778,development,2,DBAASP
dbaasp_3121,GLLKAIKTLL,saure,ATCC 25923,9.506047937,0.978,development,2,DBAASP
dbaasp_14145,LKLSPKTKKTLKKVLKGAIKGAIAIASMA,saure,ATCC 25923,2.500345362,0.398,development,1,DBAASP
dbaasp_19854,FLPIVAKLLSGLE,saure,ATCC 25923,127.9381304,2.107,development,4,DBAASP
dbaasp_19257,IAKAILPLALKALKKLIK,saure,ATCC 25923,1,0,development,2,DBAASP
dbaasp_17676,GFFKRIRTFF,saure,ATCC 25923,15.99558029,1.204,development,4,DBAASP
dbaasp_10402,RLLFRKIRRLKR,saure,ATCC 25923,78.16278046,1.893,development,2,DBAASP
DRAMP03405,GLLRKGGEKIGEKLKKIGQKIKNFFQKLVPQPE,saure,ATCC 25923,31.9889511,1.505,development,3,DRAMP
dbaasp_14869,GLLSRLRDRLSDRGRRLGEKIERIGQKIKDLSERFQS,saure,ATCC 25923,0.011220185,-1.95,development,3,DBAASP
dbaasp_12833,INWLAIAAKVAGML,saure,ATCC 25923,11.0153931,1.042,development,1,DBAASP
dbaasp_12515,KAAKTVFKLFKLQAKRAIEA,saure,ATCC 25923,127.9381304,2.107,development,1,DBAASP
dbAMP_25309,GLFGKLQKKFGRKAISYAVKKARGKH,saure,ATCC 25923,2.722701308,0.435,development,2,dbAMP
dbAMP_19489,LRLKKHRWKYRVPP,saure,ATCC 25923,26.91534804,1.43,development,1,dbAMP
dbaasp_13778,KIIRVIRGIIRRR,saure,ATCC 25923,9.506047937,0.978,development,5,DBAASP
dbaasp_9007,FFHHIFRGVVHVGKTIHRLVTG,saure,ATCC 25923,1.599558029,0.204,development,3,DBAASP
dbaasp_17313,VFAWNVCVYRNVVRVCHRRAN,saure,ATCC 25923,12.58925412,1.1,development,2,DBAASP
dbaasp_3120,GLLARIKTLL,saure,ATCC 25923,25.94179362,1.414,development,4,DBAASP
dbaasp_10222,SFLDKFKDVAIGVAKGAGTGVLKALLCKLDNSC,saure,ATCC 25923,149.9684836,2.176,development,5,DBAASP
dbAMP_25443,SAVWRRWRRFWLRKRRKR,saure,ATCC 25923,63.97348355,1.806,development,1,dbAMP
dbaasp_14713,AIWRKATRRLVKLIV,saure,ATCC 25923,11.99499303,1.079,development,3,DBAASP
dbaasp_3648,KEKLKLKCKAPKCYNDKLACT,saure,ATCC 25923,82.98507675,1.919,development,4,DBAASP
dbAMP_00302,AKKVFKRLEKLFSKIQNDK,saure,ATCC 25923,1.798870915,0.255,development,3,dbAMP
dbaasp_10326,IKWKRWWWR,saure,ATCC 25923,22.43881924,1.351,development,2,DBAASP
dbaasp_1430,KRFGRLAKSFLRMRILLPRRKILLAS,saure,ATCC 25923,7.99834255,0.903,development,5,DBAASP
dbaasp_9231,SGKLYYRRKK,saure,ATCC 25923,100,2,development,3,DBAASP
dbaasp_4380,KLVKRFKKFFRKLKKS,saure,ATCC 25923,0.968277856,-0.014,development,1,DBAASP
dbAMP_27606,IWKRWWWKR,saure,ATCC 25923,6.251726928,0.796,development,1,dbAMP
dbaasp_7052,RLKRWWKFL,saure,ATCC 25923,2.398832919,0.38,development,2,DBAASP
dbaasp_18304,GRFRRLRKKTRKRLKKIGKVLKWIWWIVGSIPLGCG,saure,ATCC 25923,0.000463447,-3.334,development,5,DBAASP
dbaasp_1550,RGARIVVIRVAR,saure,ATCC 25923,23.01441817,1.362,development,3,DBAASP
dbAMP_25307,TFKRKNGSRKNGHRPGGYSLIALGNKKVLKAPYMESI,saure,ATCC 25923,2.098939884,0.322,development,5,dbAMP
dbAMP_19013,KWIVWRWRFKR,saure,ATCC 25923,4.864072057,0.687,development,4,dbAMP
dbaasp_20249,NCNFLCKVKQRLRSVSSTSHIGMAIPRPRG,saure,ATCC 25923,3.741105883,0.573,development,2,DBAASP
dbaasp_4617,LLQWLSKLLGRWL,saure,ATCC 25923,5.997910763,0.778,development,4,DBAASP
dbaasp_3736,VVKFSYRKGSPAPQKN,saure,ATCC 25923,111.9437883,2.049,development,3,DBAASP
dbaasp_6007,GIGSILGVIAKGLPTLISWIKNR,saure,ATCC 25923,5.00034535,0.699,development,3,DBAASP
dbaasp_17875,KLFKKLFKKLFK,saure,ATCC 25923,2.398832919,0.38,development,5,DBAASP
dbaasp_6169,FLPVIASVAAKVLPKVFCFITKKC,saure,ATCC 25923,1.499684836,0.176,development,3,DBAASP
dbaasp_18216,APCKLGCKIKKVKQKIKQKLKAKVNAVKTVIGKISEHLG,saure,ATCC 25923,100.461579,2.002,development,3,DBAASP
dbaasp_3790,GMASKAGSVAGKIAKFALGAL,saure,ATCC 25923,79.9834255,1.903,development,3,DBAASP
dbAMP_19475,LRLWKRRWKYRVPP,saure,ATCC 25923,51.64163693,1.713,development,3,dbAMP
dbaasp_11365,ANVGFVIQLQARLRGFLVRQKFA,saure,ATCC 25923,1.071519305,0.03,development,2,DBAASP
dbAMP_27530,RGRKGGRRKK,saure,ATCC 25923,31.9889511,1.505,development,3,dbAMP
dbaasp_16585,DILIIVGGKRRKKRRR,saure,ATCC 25923,3.999447498,0.602,development,2,DBAASP
dbaasp_5396,KRFKKFFKKLKNSVKKRAKKFFKKPKVIGVTFPF,saure,ATCC 25923,10.09252886,1.004,development,1,DBAASP
dbaasp_16916,LFSIIWKLNRKLIKA,saure,ATCC 25923,63.97348355,1.806,development,5,DBAASP
dbaasp_6757,RWRYRW,saure,ATCC 25923,9.954054174,0.998,development,2,DBAASP
dbaasp_12577,RFRPPIRRPPIRPPFYP,saure,ATCC 25923,63.97348355,1.806,development,4,DBAASP
dbAMP_19509,LRLKKRRWHYRVPP,saure,ATCC 25923,6.622165037,0.821,development,3,dbAMP
dbaasp_1787,GIGKFLHSAKKFAKAFVAEIMNS,saure,ATCC 25923,10.09252886,1.004,development,5,DBAASP
dbaasp_4414,GLKKIFKAGLGSLVKGIKAHVAS,saure,ATCC 25923,250.0345362,2.398,development,1,DBAASP
dbaasp_16901,CASYFCRWWWAA,saure,ATCC 25923,63.97348355,1.806,development,5,DBAASP
dbAMP_19490,LRLKKTRWKYRVPP,saure,ATCC 25923,54.82769649,1.739,development,4,dbAMP
dbaasp_5670,YSKSLPLSVLNP,saure,ATCC 25923,24.60367604,1.391,development,1,DBAASP
dbaasp_3751,CVDIGFSPTGKRPPFCPYPG,saure,ATCC 25923,47.20630413,1.674,development,3,DBAASP
dbaasp_17698,WRKWRKWRKWRK,saure,ATCC 25923,3.999447498,0.602,development,4,DBAASP
dbAMP_14850,AKKVFKRLEKLFSKIFNFK,saure,ATCC 25923,106.1695557,2.026,development,3,dbAMP
DRAMP03871,YQWQRRMRKL,saure,ATCC 25923,308.318795,2.489,development,2,DRAMP
dbaasp_10246,FLQHIIGALTHIF,saure,ATCC 25923,12.91219274,1.111,development,2,DBAASP
dbaasp_3588,NFLDTLINLAKKFI,saure,ATCC 25923,50.0034535,1.699,development,3,DBAASP
dbaasp_13584,VPKPPYLPRPRPPRRKYNH,saure,ATCC 25923,3.404081897,0.532,development,1,DBAASP
dbaasp_1136,GLLSVLGSVAKHVLPHVVPVIAEHL,saure,ATCC 25923,1.169499391,0.068,development,1,DBAASP
dbaasp_17807,KELEEK,saure,ATCC 25923,413.047502,2.616,development,2,DBAASP
dbaasp_19017,GWINKIQKKIEKIGNKILGGMAKAGPVVHKLAKGEFQ,saure,ATCC 25923,3.990249024,0.601,development,2,DBAASP
dbaasp_1084,RICRIVVIRCIR,saure,ATCC 25923,21.57744409,1.334,development,4,DBAASP
dbaasp_4157,GIGGALLSAGKAALKGLAKVLV,saure,ATCC 25923,4.720630413,0.674,development,1,DBAASP
dbaasp_18834,RWFHFNGRWFHF,saure,ATCC 25923,12.70574105,1.104,development,2,DBAASP
dbaasp_12512,KVFKSVVKLLEKTVLKKFSK,saure,ATCC 25923,63.97348355,1.806,development,4,DBAASP
dbaasp_12595,RFRFFFRFR,saure,ATCC 25923,3.999447498,0.602,development,2,DBAASP
dbaasp_17330,GLHKVMREVLGY,saure,ATCC 25923,127.9381304,2.107,development,2,DBAASP
dbaasp_12115,GFGCNGPWSEDDLRCHRHCKSIKGYRGGYCAKGGFVCKCY,saure,ATCC 25923,0.899497582,-0.046,development,5,DBAASP
dbaasp_6170,FLPLIAGVAASILPKIFCFITKKC,saure,ATCC 25923,2.999162519,0.477,development,5,DBAASP
dbaasp_4741,GWGSFFKKAAHVGKHVGKAALT,saure,ATCC 25923,10,1,development,1,DBAASP
dbaasp_5717,GLLSNVAGLLKQFAKGGVNAVLNPK,saure,ATCC 25923,127.9381304,2.107,development,2,DBAASP
dbAMP_20719,WKKIWKPGIKKWIKQKRPRVRLSA,saure,ATCC 25923,31.9889511,1.505,development,3,dbAMP
dbaasp_19636,KFAKFAKKFAKFAKGGRPKPQQFFGLM,saure,ATCC 25923,41.49540426,1.618,development,5,DBAASP
dbaasp_12901,KTVGKLALKHWL,saure,ATCC 25923,14.99684836,1.176,development,2,DBAASP
dbaasp_2402,GLKDIFKAGLGSLVKGIAAHVAN,saure,ATCC 25923,199.986187,2.301,development,4,DBAASP
dbaasp_13978,KWKKLLKKPLLKKLLK,saure,ATCC 25923,0.779830111,-0.108,development,2,DBAASP
dbaasp_7073,IRMRIRVLL,saure,ATCC 25923,3.999447498,0.602,development,4,DBAASP
dbaasp_1585,ILGTILGLLKSL,saure,ATCC 25923,7.99834255,0.903,development,5,DBAASP
dbaasp_3690,SVMGTVKDLLIGAGKSAAQSVLKSLSCKLSNDC,saure,ATCC 25923,0.997700064,-0.001,development,5,DBAASP
dbaasp_4623,FVQWFSKFLGKIL,saure,ATCC 25923,5.997910763,0.778,development,2,DBAASP
dbaasp_6168,FLPLIAGVAANFLPKIFCLISKKC,saure,ATCC 25923,2.999162519,0.477,development,4,DBAASP
dbAMP_25425,YGFYTHVFRLKKWMQKVIDRFGG,saure,ATCC 25923,63.97348355,1.806,development,4,dbAMP
dbaasp_4736,GFFKKAWRKVKHAGRRVLDTAKGVGRHYVNNWLNRYR,saure,ATCC 25923,3.580964371,0.554,development,3,DBAASP
dbaasp_10349,GFVALLKKLPLILKHLH,saure,ATCC 25923,14.99684836,1.176,development,1,DBAASP
dbaasp_11364,DHNNEIVKIQSLLRANKARDDYK,saure,ATCC 25923,91.83325965,1.963,development,5,DBAASP
dbaasp_11571,KKCKGYRCRPVGFSSPISRRINDSENIYLPFGV,saure,ATCC 25923,53.08844442,1.725,development,2,DBAASP
dbaasp_13262,VDKPPYLRRPRPPRRIYNR,saure,ATCC 25923,3.288516309,0.517,development,3,DBAASP
dbaasp_17674,KWWKRWKKWW,saure,ATCC 25923,7.99834255,0.903,development,4,DBAASP
dbaasp_14658,FLQKIIGALGHLF,saure,ATCC 25923,3.097419299,0.491,development,3,DBAASP
dbaasp_14207,GRWRWWWRWRF,saure,ATCC 25923,15.99558029,1.204,development,4,DBAASP
dbaasp_10641,GRFRRLRKKTRKRLKKIGKVLKWI,saure,ATCC 25923,3.999447498,0.602,development,4,DBAASP
dbaasp_16176,FVKSFWKKLGRIL,saure,ATCC 25923,3.801893963,0.58,development,5,DBAASP
dbaasp_18170,FVQWFSKALGRIL,saure,ATCC 25923,14.99684836,1.176,development,2,DBAASP
dbaasp_3780,GLGSLLGKAFKFGLKTVGKMMAGAPREQ,saure,ATCC 25923,5.997910763,0.778,development,2,DBAASP
dbaasp_4556,QLKVDLWGTRSGIQPEQHSSGKSDVRRWRSRY,saure,ATCC 25923,100,2,development,2,DBAASP
dbaasp_16886,RKEKIKKRIGKIDRL,saure,ATCC 25923,134.2764961,2.128,development,2,DBAASP
dbaasp_20268,WIKKIWKKIIKKIK,saure,ATCC 25923,1.99986187,0.301,development,4,DBAASP
dbAMP_05269,KRFWPVVIRTVVAGYNLYRAIKKK,saure,ATCC 25923,1,0,development,3,dbAMP
dbaasp_4611,ACQFWSCNSSCISRGYRQGYCWGIQYKYCQCQ,saure,ATCC 25923,13.15224832,1.119,development,1,DBAASP
dbaasp_1026,FVQWFSKFLGRIL,saure,ATCC 25923,1.25025903,0.097,development,1,DBAASP
dbaasp_17358,KLGKKLGKLGKKLGKLGKKLG,saure,ATCC 25923,3.999447498,0.602,development,5,DBAASP
dbaasp_19521,AKVVKKLTKGVAGLLK,saure,ATCC 25923,127.9381304,2.107,development,1,DBAASP
dbaasp_14708,KVWTLFRAAGKLMAK,saure,ATCC 25923,25.00345362,1.398,development,2,DBAASP
dbaasp_18649,LLRWWWRLL,saure,ATCC 25923,31.9889511,1.505,development,1,DBAASP
dbaasp_19580,KIIIKIKKKIKIIIK,saure,ATCC 25923,50.0034535,1.699,development,4,DBAASP
dbaasp_4379,LVKRFKKFFRKLKKS,saure,ATCC 25923,1.032761406,0.014,development,3,DBAASP
dbaasp_4404,ITIPPIVKNTLKKFIKGAVSALMS,saure,ATCC 25923,10,1,development,5,DBAASP
dbaasp_3899,LLGMIPVAISAISALSKL,saure,ATCC 25923,25.00345362,1.398,development,4,DBAASP
dbaasp_11894,LNALKKVFQKIHEAIKKI,saure,ATCC 25923,3.999447498,0.602,development,1,DBAASP
dbaasp_4358,GVVDILKGAAKDIAGHLASKVMNKL,saure,ATCC 25923,109.9005839,2.041,development,3,DBAASP
dbaasp_16924,KWWRLLHKKQ,saure,ATCC 25923,355.6313186,2.551,development,5,DBAASP
dbaasp_12610,KKWRKWLKALAKK,saure,ATCC 25923,29.99162519,1.477,development,5,DBAASP
dbAMP_25333,FIFHIIKGLFHAGKMIHGLVT,saure,ATCC 25923,3.723917063,0.571,development,1,dbAMP
dbaasp_11228,KIAKGALKALKIAKVALKAL,saure,ATCC 25923,7.99834255,0.903,development,3,DBAASP
dbaasp_19514,KRLKKIFKKMIKIF,saure,ATCC 25923,12.5025903,1.097,development,3,DBAASP
dbaasp_1086,RLCRIVPVIRVCR,saure,ATCC 25923,40.92606597,1.612,development,1,DBAASP
dbaasp_3744,VTPPWARIYYGCAKA,saure,ATCC 25923,119.1242008,2.076,development,3,DBAASP
dbaasp_9008,FFHHIFRGIVHVGKTVHRLVTG,saure,ATCC 25923,1.599558029,0.204,development,3,DBAASP
dbaasp_5887,FLKLLKKLL,saure,ATCC 25923,14.5881426,1.164,development,4,DBAASP
dbaasp_4626,FVRWFSKFLGRIL,saure,ATCC 25923,5.997910763,0.778,development,1,DBAASP
dbaasp_7051,RIRRWKFRW,saure,ATCC 25923,1.300169578,0.114,development,1,DBAASP
dbaasp_1680,FFPLLFGALSSHLPKLF,saure,ATCC 25923,1.958844674,0.292,development,3,DBAASP
dbaasp_10288,FRRPFKWPRRFFKFF,saure,ATCC 25923,1.99986187,0.301,development,3,DBAASP
dbaasp_7668,KKLGEPSCNKLK,saure,ATCC 25923,18.83649089,1.275,development,3,DBAASP
dbaasp_3561,AILTTLANWARKFL,saure,ATCC 25923,37.49730022,1.574,development,4,DBAASP
dbAMP_25407,GKYGFYTHVFRLKKWIQKVIDQFGE,saure,ATCC 25923,127.9381304,2.107,development,4,dbAMP
dbaasp_1668,FKTWKRPPFQTSCWGIIKE,saure,ATCC 25923,11.77605974,1.071,development,5,DBAASP
dbaasp_12494,FLPFFAACAITRKC,saure,ATCC 25923,2.978516429,0.474,development,5,DBAASP
dbaasp_4399,FKIPPIVKDTLKKFFKGGIAGVMGQ,saure,ATCC 25923,5.00034535,0.699,development,4,DBAASP
dbaasp_18754,GSKKPVPIIYCNRRTGKCQRF,saure,ATCC 25923,0.500034535,-0.301,development,4,DBAASP
dbaasp_6167,FLGAIAGVAAKFLPKVFCFITKKC,saure,ATCC 25923,2.999162519,0.477,development,2,DBAASP
dbaasp_10244,FLQHIIGALGHLF,saure,ATCC 25923,6.807693587,0.833,development,4,DBAASP
dbaasp_3141,GLLKKIKTLL,saure,ATCC 25923,19.86094917,1.298,development,1,DBAASP
dbaasp_20010,AGLFKKLARAIKKGFKK,saure,ATCC 25923,2.488857318,0.396,development,2,DBAASP
dbAMP_25448,CKYKWR,saure,ATCC 25923,72.27698036,1.859,development,1,dbAMP
dbaasp_19103,FLQLIGRVLSGIL,saure,ATCC 25923,1.499684836,0.176,development,2,DBAASP
dbaasp_16332,RRIPFWPIPLRWQWPPPWFPPSFPIPRISRKR,saure,ATCC 25923,1.99986187,0.301,development,2,DBAASP
dbaasp_3944,RPRCWIKIKFRCKSLKF,saure,ATCC 25923,4.275628862,0.631,development,4,DBAASP
dbaasp_12845,KFLKLKWLKSWKNFK,saure,ATCC 25923,50.0034535,1.699,development,2,DBAASP
dbaasp_13992,FLGALWHALSKLL,saure,ATCC 25923,7.99834255,0.903,development,4,DBAASP
dbaasp_3705,GVFTLIKGATQLIGKTLGKELGKTGLELMACKITNQC,saure,ATCC 25923,5.597576015,0.748,development,4,DBAASP
dbaasp_4227,FLPVIAGLAAKVLPKLFCAITKKC,saure,ATCC 25923,2.500345362,0.398,development,1,DBAASP
dbaasp_17356,KALKALKKALKALKKALKALK,saure,ATCC 25923,7.99834255,0.903,development,1,DBAASP
dbaasp_8428,RFCFKGTPCG,saure,ATCC 25923,4.56036916,0.659,development,4,DBAASP
dbaasp_4361,ILGKLLKTAAGLLSNL,saure,ATCC 25923,7.99834255,0.903,development,2,DBAASP
dbaasp_2025,RWCVYAYVRVRGVLVRYRRCW,saure,ATCC 25923,1.99986187,0.301,development,4,DBAASP
dbaasp_3781,WCPPMIPLCSRF,saure,ATCC 25923,199.986187,2.301,development,3,DBAASP
dbaasp_1730,VRLRIRVAVRRA,saure,ATCC 25923,8.298507675,0.919,development,4,DBAASP
dbaasp_4585,KRLRRVWRRWR,saure,ATCC 25923,5.00034535,0.699,development,5,DBAASP
dbAMP_24576,YCSFNVTPKFKRWQLYFRGRMWCP,saure,ATCC 25923,16.14358557,1.208,development,4,dbAMP
dbaasp_7447,GLLKRIKTLL,saure,ATCC 25923,2.197859873,0.342,development,1,DBAASP
dbaasp_4569,WKSYVRRW,saure,ATCC 25923,100,2,development,4,DBAASP
dbaasp_8986,PVVIRTVVAGYNLYRAIKKK,saure,ATCC 25923,44.05548635,1.644,development,1,DBAASP
dbaasp_12887,GWRTLLKKAEVKTVGKLALKHYL,saure,ATCC 25923,4.149540426,0.618,development,3,DBAASP
dbaasp_13580,VRKPPYLPRPRWPRRIYNR,saure,ATCC 25923,0.199526231,-0.7,development,2,DBAASP
dbaasp_19606,VRVRRRRFRVRV,saure,ATCC 25923,15.99558029,1.204,development,5,DBAASP
dbaasp_5609,FLPIIGKLLSGLL,saure,ATCC 25923,0.879022517,-0.056,development,4,DBAASP
dbaasp_8612,NLCASLRARHTIPQCKKFGRR,saure,ATCC 25923,2.582260191,0.412,development,1,DBAASP
dbaasp_7083,RRWKIVVIRWRR,saure,ATCC 25923,0.699841996,-0.155,development,1,DBAASP
dbAMP_25320,GLFGKLIKKKGRKAISYAVKKARGKH,saure,ATCC 25923,2.301441817,0.362,development,5,dbAMP
dbaasp_2203,NFLGTLVNLAKKIL,saure,ATCC 25923,15.99558029,1.204,development,5,DBAASP
dbaasp_4389,RGVAKFASKGLGKDLAKLGVDLVACKISKQC,saure,ATCC 25923,199.986187,2.301,development,3,DBAASP
dbaasp_19011,KAIAAFAKKFI,saure,ATCC 25923,42.07266284,1.624,development,2,DBAASP
dbaasp_8427,FLPAVLRVAAKVGPAVFCAITQKC,saure,ATCC 25923,1.006931669,0.003,development,3,DBAASP
DRAMP01411,GILSGLLGVGKMLVCGLSGLC,saure,ATCC 25923,5.997910763,0.778,development,5,DRAMP
dbaasp_5499,AGYLLGKINLKALAALAKKIL,saure,ATCC 25923,7.396052751,0.869,development,3,DBAASP
dbAMP_14776,KPVPIIYCNRRTGKCQRM,saure,ATCC 25923,8.994975815,0.954,development,3,dbAMP
dbaasp_11236,GIKDLLKGAAKALVKTVLK,saure,ATCC 25923,4.698941086,0.672,development,5,DBAASP
dbaasp_20043,FWRRRWF,saure,ATCC 25923,15.99558029,1.204,development,4,DBAASP
dbaasp_10743,GIGSMLLGLAKNVGMSLLNKAQCKISGKC,saure,ATCC 25923,51.40436516,1.711,development,1,DBAASP
dbAMP_05292,KRMGIFHLFWAGLRKLGNLIKNKIQQGIENFLG,saure,ATCC 25923,2.249054606,0.352,development,2,dbAMP
dbaasp_7085,RLRRIVVIRVFR,saure,ATCC 25923,1,0,development,5,DBAASP
dbaasp_3194,ALWKTMLKKLGTMALHAGKAAFGAAADTISQ,saure,ATCC 25923,38.01893963,1.58,development,1,DBAASP
dbaasp_3134,KRIKTLL,saure,ATCC 25923,71.44963261,1.854,development,4,DBAASP
dbaasp_14631,RWRRIVVIRVRR,saure,ATCC 25923,255.8585887,2.408,development,5,DBAASP
dbAMP_02479,GEGFLGMLLHGVGHAIHGLIHGK,saure,ATCC 25923,2.697739432,0.431,development,5,dbAMP
dbAMP_15956,FLGELWNVAKSVF,saure,ATCC 25923,10.71519305,1.03,development,3,dbAMP
dbaasp_3654,ILPFVAGVAAEMMQHVYCAASKKC,saure,ATCC 25923,4.549880602,0.658,development,1,DBAASP
dbaasp_9972,GLFKKLRRKIKKGFKKIFKRLPPIGVGVSIPLAGKR,saure,ATCC 25923,5.17606832,0.714,development,5,DBAASP
dbaasp_3584,FFPMLAGVAARVVPKVICLITKKC,saure,ATCC 25923,12.5025903,1.097,development,3,DBAASP
dbaasp_3583,FLPVLAGLTPSIVPKLVCLLTKKC,saure,ATCC 25923,25.00345362,1.398,development,2,DBAASP
dbaasp_10609,GCRRWCYKQRCVTYCRGR,saure,ATCC 25923,7.99834255,0.903,development,2,DBAASP
dbaasp_10606,GCRALCYKQRCVTYCRGA,saure,ATCC 25923,31.9889511,1.505,development,1,DBAASP
dbaasp_13981,KKLLKKPLLKKLLKKL,saure,ATCC 25923,0.779830111,-0.108,development,4,DBAASP
dbaasp_12429,WKLLSKAQEKFGKNKSR,saure,ATCC 25923,122.179966,2.087,development,4,DBAASP
dbaasp_19951,WRWRWRWRWRWR,saure,ATCC 25923,1.99986187,0.301,development,4,DBAASP
dbaasp_7084,RLWRIVVIRVKR,saure,ATCC 25923,0.899497582,-0.046,development,1,DBAASP
dbaasp_10321,KKRWWWWWR,saure,ATCC 25923,2.666858665,0.426,development,5,DBAASP
dbaasp_7681,VQLRIRVCVIRK,saure,ATCC 25923,10.91440336,1.038,development,5,DBAASP
dbaasp_15563,GFGCPFNQGQCHKHCQSIRRRGGYCDGFLKTRCVCYR,saure,ATCC 25923,0.079983426,-1.097,development,1,DBAASP
dbaasp_16031,GFGSLLGKALRLWKKVL,saure,ATCC 25923,2.142890601,0.331,development,3,DBAASP
dbaasp_14208,GRWRWWWRWRL,saure,ATCC 25923,1.99986187,0.301,development,3,DBAASP
dbaasp_1439,GGLRSLGRKILRAWKKYGPQATPATRQ,saure,ATCC 25923,7.99834255,0.903,development,2,DBAASP
dbaasp_1241,ILGTILGLLKGL,saure,ATCC 25923,15.99558029,1.204,development,2,DBAASP
dbAMP_19453,LRVKKRRWKYRVPP,saure,ATCC 25923,13.39676687,1.127,development,3,dbAMP
dbaasp_4579,QLKVDLWGTRSGI,saure,ATCC 25923,100,2,development,2,DBAASP
dbaasp_13572,VDKPPYLPRPRRPRRIYNR,saure,ATCC 25923,13.15224832,1.119,development,5,DBAASP
dbaasp_12135,HGVSGHGQHGTHG,saure,ATCC 25923,6.397348355,0.806,development,2,DBAASP
dbaasp_10354,FASGIAGMAGKLF,saure,ATCC 25923,199.986187,2.301,development,2,DBAASP
dbaasp_7079,RKFRWWVIR,saure,ATCC 25923,1.399587323,0.146,development,5,DBAASP
dbaasp_8170,ATCDLLSPFKVGHAACAAHCIARGKRGGWCDKRAVCNCRK,saure,ATCC 25923,0.014554591,-1.837,development,5,DBAASP
dbaasp_17657,GLLKRFKTLL,saure,ATCC 25923,127.9381304,2.107,development,1,DBAASP
dbaasp_2279,GLLKPLLKIAAKVGSNLL,saure,ATCC 25923,5.997910763,0.778,development,5,DBAASP
dbaasp_17873,ARRWWWRRA,saure,ATCC 25923,15.99558029,1.204,development,2,DBAASP
dbaasp_18388,PKRWGRWLRKIRRWRC,saure,ATCC 25923,3.580964371,0.554,development,1,DBAASP
dbaasp_13790,LRRPPRWPRRLLRR,saure,ATCC 25923,6.546361741,0.816,development,1,DBAASP
dbaasp_8981,IKRFWPVVIRTVVAGYNLYRAIKKK,saure,ATCC 25923,1.172195366,0.069,development,5,DBAASP
dbaasp_16893,RLFRRVKKVAG,saure,ATCC 25923,190.5460718,2.28,development,1,DBAASP
dbaasp_2162,ILGKIWKGIKSLF,saure,ATCC 25923,1.798870915,0.255,development,5,DBAASP
dbaasp_17530,SKCAQWQRRMKKVRGPSVTCVKKTSRFECI,saure,ATCC 25923,0.354813389,-0.45,development,3,DBAASP
dbaasp_3659,QLPFVAGVACEMCQCVYCAASKKC,saure,ATCC 25923,4.497798549,0.653,development,3,DBAASP
dbaasp_4119,FLPAVLRVAAKVVPTVFCLISKKC,saure,ATCC 25923,6.194410751,0.792,development,2,DBAASP
dbaasp_17354,KLAKLAK,saure,ATCC 25923,95.06047937,1.978,development,4,DBAASP
dbaasp_13982,LLKKPLLKKLLKKL,saure,ATCC 25923,0.779830111,-0.108,development,1,DBAASP
dbaasp_4388,GFSSIFRGVAKFASKGLGKDLAKLGVDLVA,saure,ATCC 25923,100,2,development,3,DBAASP
dbaasp_4581,KSDVRRWRSRY,saure,ATCC 25923,100,2,development,1,DBAASP
dbaasp_2129,FDVMGIIKKIASAL,saure,ATCC 25923,29.99162519,1.477,development,3,DBAASP
dbaasp_5709,SLFGTFAKMALKGASKLIPHLLPSRQQ,saure,ATCC 25923,1,0,development,4,DBAASP
dbaasp_1182,KIRVRLSA,saure,ATCC 25923,138.3566379,2.141,development,1,DBAASP
dbaasp_7356,ALWKTLLKKVLKAAA,saure,ATCC 25923,2.999162519,0.477,development,1,DBAASP
dbaasp_17285,RRGWARRLAAAYGRR,saure,ATCC 25923,29.99162519,1.477,development,5,DBAASP
dbaasp_20005,RGLFKKLLRKIKKGFKK,saure,ATCC 25923,1.129795915,0.053,development,3,DBAASP
dbaasp_4924,GLLGPLLKIAAKVGKNLL,saure,ATCC 25923,2.999162519,0.477,development,1,DBAASP
dbaasp_16910,GLKKVIKLLRPLL,saure,ATCC 25923,31.9889511,1.505,development,4,DBAASP
dbaasp_13891,KWCFRVCYRGICYRKCRG,saure,ATCC 25923,1.99986187,0.301,development,2,DBAASP
dbaasp_20065,LRCHFWCRS,saure,ATCC 25923,15.59552503,1.193,development,3,DBAASP
dbaasp_16987,RWWKWWK,saure,ATCC 25923,13.83566379,1.141,development,5,DBAASP
dbaasp_8769,LLSNVAGLLKQFAK,saure,ATCC 25923,86.29785478,1.936,development,4,DBAASP
dbaasp_8203,FLKGIVGMLGKLF,saure,ATCC 25923,2.999162519,0.477,development,2,DBAASP
dbaasp_14242,TRWRWWWRWRA,saure,ATCC 25923,1,0,development,2,DBAASP
dbaasp_19945,WRQWRQWRQWRQWRQWRQ,saure,ATCC 25923,31.9889511,1.505,development,5,DBAASP
dbaasp_8029,FLPVLGKVIKLVGGLL,saure,ATCC 25923,3.097419299,0.491,development,3,DBAASP
dbaasp_12606,RIIRRIRRIIR,saure,ATCC 25923,31.9889511,1.505,development,5,DBAASP
dbaasp_17659,GWWKRWKTWW,saure,ATCC 25923,7.99834255,0.903,development,4,DBAASP
dbaasp_11933,GLNALKKVFQGIHEAIKKINNHVQ,saure,ATCC 25923,7.99834255,0.903,development,4,DBAASP
dbaasp_8983,RFWPVVIRTVVAGYNLYRAIKKK,saure,ATCC 25923,0.424619564,-0.372,development,5,DBAASP
dbaasp_9549,KKRLKKIFKKPMVIGVTIPF,saure,ATCC 25923,6.792036326,0.832,development,4,DBAASP
dbaasp_11809,EVASFDKSKLK,saure,ATCC 25923,10139.11386,4.006,development,3,DBAASP
dbAMP_19519,LRLKKRRWKYRVPI,saure,ATCC 25923,13.18256739,1.12,development,3,dbAMP
dbaasp_16429,LKKLCARLKKLCARLKKLCAR,saure,ATCC 25923,63.97348355,1.806,development,4,DBAASP
dbaasp_13635,KWLKKWLKKWLK,saure,ATCC 25923,1.99986187,0.301,development,1,DBAASP
dbaasp_17653,GAAKRAKTAL,saure,ATCC 25923,511.6818355,2.709,development,5,DBAASP
dbAMP_15981,KLLKWWKKLL,saure,ATCC 25923,7.99834255,0.903,development,4,dbAMP
dbaasp_165,KWKSFIKKLTSAAKKVVTTAKPLISS,saure,ATCC 25923,22.49054606,1.352,development,4,DBAASP
dbaasp_2368,INLKAIAALAKKLL,saure,ATCC 25923,3.419794425,0.534,development,1,DBAASP
dbaasp_7670,GWLDVAKKIGKAAFNVAKNFI,saure,ATCC 25923,1,0,development,3,DBAASP
dbAMP_25312,KWRRAVRAI,saure,ATCC 25923,1.142878335,0.058,development,1,dbAMP
dbaasp_4408,GLKKIFKAGLGSLVKGIAAHVAS,saure,ATCC 25923,250.0345362,2.398,development,5,DBAASP
dbaasp_18817,RWLRLPGRWLRL,saure,ATCC 25923,4.602565736,0.663,development,5,DBAASP
dbaasp_9468,FLSMIPHIVSGVAALAKHL,saure,ATCC 25923,6.251726928,0.796,development,4,DBAASP
dbaasp_19573,KIIKKIIKIIKKIIK,saure,ATCC 25923,12.5025903,1.097,development,3,DBAASP
dbaasp_14646,KCRRWQWRMKK,saure,ATCC 25923,127.9381304,2.107,development,4,DBAASP
dbaasp_11851,RIVQRIAKWAKKWYKAGK,saure,ATCC 25923,13.70881766,1.137,development,3,DBAASP
dbaasp_19856,FLPKVKKLLEGLL,saure,ATCC 25923,127.9381304,2.107,development,2,DBAASP
DRAMP01410,GILSGILGVGKMLVCGLSGLC,saure,ATCC 25923,2.999162519,0.477,development,2,DRAMP
dbaasp_7827,GWGDTFGKVLKNFAKVAGVKAAK,saure,ATCC 25923,63.97348355,1.806,development,4,DBAASP
dbaasp_7589,RWWRWWRRWWW,saure,ATCC 25923,47.20630413,1.674,development,4,DBAASP
dbaasp_16325,RWKQVKVKR,saure,ATCC 25923,82.60379496,1.917,development,3,DBAASP
dbaasp_3673,GLLDTFKNMAINAAHGAGVSVLNALSCKLKKTC,saure,ATCC 25923,1.866379691,0.271,development,4,DBAASP
dbaasp_6748,RRWYRWAWRMR,saure,ATCC 25923,2.930893245,0.467,development,1,DBAASP
dbaasp_3713,GIFLKVLGVGKKVLCGVSGLC,saure,ATCC 25923,2.60615355,0.416,development,3,DBAASP
dbaasp_8870,GFGCNGPWSEKDMHCHNHCKSIKGYKGGYCAKGGFICKCY,saure,ATCC 25923,0.013995873,-1.854,development,2,DBAASP
dbaasp_9006,FFHHVFRGIVHVGKTIHRLVTG,saure,ATCC 25923,2.098939884,0.322,development,4,DBAASP
dbaasp_14478,RWRRPIRRRPIRPPFYW,saure,ATCC 25923,31.9889511,1.505,development,5,DBAASP
dbaasp_13934,GWLKKIGKKIERVGQHTRDATIQAIGVAQQAANVAATLKG,saure,ATCC 25923,60.81350013,1.784,development,2,DBAASP
dbaasp_8436,FFPSIAGLAAKFLPKIFCSITKRC,saure,ATCC 25923,1.892343619,0.277,development,2,DBAASP
dbaasp_490,ELDRICGYGTARCRKKCRSQEYRIGRCPNTYACCLRK,saure,ATCC 25923,22.96148648,1.361,development,4,DBAASP
dbAMP_25223,FLSMIPHIAGGIASLVKNL,saure,ATCC 25923,31.9889511,1.505,development,1,dbAMP
dbaasp_1320,GLFDVIKKVASVIGGL,saure,ATCC 25923,2.999162519,0.477,development,2,DBAASP
dbAMP_20709,WKKIWKPGIKKWIKGGGK,saure,ATCC 25923,127.9381304,2.107,development,1,dbAMP
dbaasp_10645,GVFRVLRKVTRVVLKVIGKVLKWI,saure,ATCC 25923,1.99986187,0.301,development,3,DBAASP
DRAMP04013,GLVTGLLKTAGKLLGDLFGSLTG,saure,ATCC 25923,12.5025903,1.097,development,1,DRAMP
dbaasp_12621,RRLIWLILRLLR,saure,ATCC 25923,1.99986187,0.301,development,5,DBAASP
dbaasp_806,GIGAVLKVLTTGLPALISWIKRKRQQ,saure,ATCC 25923,4.395416154,0.643,development,3,DBAASP
dbaasp_7095,YKFRWRIYI,saure,ATCC 25923,2.897343588,0.462,development,4,DBAASP
dbaasp_17861,IWRWWWRWI,saure,ATCC 25923,1.99986187,0.301,development,5,DBAASP
dbaasp_12864,PKLAIRITCKIHKKVAISV,saure,ATCC 25923,121.8989599,2.086,development,5,DBAASP
dbaasp_19638,KFAKFAKKFAKFAKGGKPQQFFGLM,saure,ATCC 25923,45.18559444,1.655,development,2,DBAASP
dbaasp_6009,GLLNVIKDTAQNLFAAALEKLKCKVTKCN,saure,ATCC 25923,159.9558029,2.204,development,4,DBAASP
dbAMP_24592,IGKEFKRIVERIKRFLRELVRPLR,saure,ATCC 25923,5.445026528,0.736,development,4,dbAMP
dbaasp_18790,GWWRRTVRRVRNAVRRV,saure,ATCC 25923,116.1448614,2.065,development,2,DBAASP
dbaasp_12505,KIGVLKKYFKIGALIKAIIK,saure,ATCC 25923,7.99834255,0.903,development,1,DBAASP
dbaasp_4410,GLKKIFKKGLGSLVKGIAAHVAS,saure,ATCC 25923,250.0345362,2.398,development,3,DBAASP
dbaasp_17805,GKKTAEIEK,saure,ATCC 25923,1267.651866,3.103,development,2,DBAASP
dbaasp_18812,RWIKIPGRWIKI,saure,ATCC 25923,26.00159563,1.415,development,5,DBAASP
dbaasp_20265,WIRRIWRRIR,saure,ATCC 25923,3.999447498,0.602,development,4,DBAASP
dbaasp_10562,RRRYIGRYVRFWK,saure,ATCC 25923,8.394599865,0.924,development,2,DBAASP
dbaasp_18666,FLFSAGKAIHRLIRRRRR,saure,ATCC 25923,1.798870915,0.255,development,3,DBAASP
dbaasp_17804,EDLAKALAKK,saure,ATCC 25923,2338.837239,3.369,development,4,DBAASP
dbaasp_7057,KRWWRKWWR,saure,ATCC 25923,0.699841996,-0.155,development,1,DBAASP
dbaasp_19889,KKFKETADKLIESAKQQLESLAKEMK,saure,ATCC 25923,399.0249024,2.601,development,5,DBAASP
dbaasp_8374,FLPGLIKAAVGIGSTIFCKISKKC,saure,ATCC 25923,6.295061829,0.799,development,5,DBAASP
dbaasp_5480,KGIVGMLGKLF,saure,ATCC 25923,39.99447498,1.602,development,2,DBAASP
dbaasp_12229,FLRSLLRGAKAIYRGARAGWRG,saure,ATCC 25923,1.905460718,0.28,development,5,DBAASP
dbaasp_13776,KWFKVYKGIYKKK,saure,ATCC 25923,33.0369541,1.519,development,1,DBAASP
dbaasp_2404,GLKEIFKAGLGSLVKGIAAHVAS,saure,ATCC 25923,100,2,development,5,DBAASP
dbaasp_3786,LKIPGFVKDTLKKVAKGIFSAVAGAMTPS,saure,ATCC 25923,39.99447498,1.602,development,3,DBAASP
dbaasp_5610,FLPIIGKLLSG,saure,ATCC 25923,2.192804935,0.341,development,1,DBAASP
dbaasp_14190,GRWRWWWRWRW,saure,ATCC 25923,1.99986187,0.301,development,4,DBAASP
dbaasp_19098,WIQPKTKVIPYVRYL,saure,ATCC 25923,127.9381304,2.107,development,4,DBAASP
dbAMP_25313,KARRWVRAI,saure,ATCC 25923,4.742419853,0.676,development,3,dbAMP
dbaasp_13506,RRWCVYAYVRVRGVRVYAYVCW,saure,ATCC 25923,15.99558029,1.204,development,5,DBAASP
dbaasp_17864,WWRWWWRWW,saure,ATCC 25923,3.999447498,0.602,development,1,DBAASP
dbaasp_18826,RWFKFNGRWFKF,saure,ATCC 25923,5.701642723,0.756,development,1,DBAASP
dbaasp_7053,RWWRWRKWW,saure,ATCC 25923,0.599791076,-0.222,development,1,DBAASP
dbaasp_4455,HKTDSFVGLM,saure,ATCC 25923,447.7133042,2.651,development,5,DBAASP
dbaasp_7150,LLPIVGNLLKSLLGAKRKRAG,saure,ATCC 25923,100,2,development,1,DBAASP
dbaasp_19517,ASVVNKLTKGVAKLLK,saure,ATCC 25923,127.9381304,2.107,development,1,DBAASP
dbAMP_02292,FPVTWPTKWLKG,saure,ATCC 25923,138.6755829,2.142,development,3,dbAMP
dbaasp_19570,KLLKKVVKLFKKKKK,saure,ATCC 25923,50.0034535,1.699,development,5,DBAASP
dbaasp_12511,GQLNKFIKKAQRKFHEKFAK,saure,ATCC 25923,127.9381304,2.107,development,3,DBAASP
dbaasp_13211,VDKPPYLPRRRPPRRIYNR,saure,ATCC 25923,6.576578374,0.818,development,5,DBAASP
dbaasp_10396,WRRRYRRWRRRRRWRRRPRR,saure,ATCC 25923,1.559552503,0.193,development,4,DBAASP
dbaasp_4152,GIGTKFLGGVKTALKGALKELAFTYVN,saure,ATCC 25923,6.760829754,0.83,development,3,DBAASP
dbaasp_17249,FLKMLKKLL,saure,ATCC 25923,14.35489433,1.157,development,5,DBAASP
dbaasp_12108,DEMKLDGFNMHLE,saure,ATCC 25923,40.45758917,1.607,development,5,DBAASP
dbaasp_12697,GIGAVLKWLPALIKRKRQQ,saure,ATCC 25923,0.05794287,-1.237,development,2,DBAASP
dbaasp_5882,RSMRLSFRARGYGFR,saure,ATCC 25923,21.72701179,1.337,development,5,DBAASP
dbaasp_3668,ILPFVAGVAAMEMEHVYCAASKKC,saure,ATCC 25923,1.918668741,0.283,development,2,DBAASP
dbaasp_3803,SALVGCGTKSYPPKPCFGR,saure,ATCC 25923,12.70574105,1.104,development,1,DBAASP
dbAMP_19521,LRLKKRRWKYRVPQ,saure,ATCC 25923,52.36004366,1.719,development,2,dbAMP
dbaasp_10217,FFPLVLGALGSILPKVFGK,saure,ATCC 25923,9.397233106,0.973,development,4,DBAASP
dbaasp_7584,NGVQPKYRWWRWWRRWW,saure,ATCC 25923,35.97493352,1.556,development,5,DBAASP
dbaasp_2159,ILGKIWEGIKSLF,saure,ATCC 25923,1.698243652,0.23,development,1,DBAASP
dbaasp_19512,KKRVKKFFRKPRVIGVTFPF,saure,ATCC 25923,50.0034535,1.699,development,1,DBAASP
dbaasp_8816,FKRLKKLAKKIWNWK,saure,ATCC 25923,3.999447498,0.602,development,1,DBAASP
dbaasp_12760,GRRYKKFRWKFKGLFLFLG,saure,ATCC 25923,26.36331386,1.421,development,4,DBAASP
dbaasp_10487,FFGWLIKGAIHAGKAIHPLIHRRRH,saure,ATCC 25923,2.999162519,0.477,development,1,DBAASP
dbaasp_17868,IRRWWWRRI,saure,ATCC 25923,3.999447498,0.602,development,4,DBAASP
dbaasp_478,KKAAAAFAAFAAWFAAFAAAAKKKK,saure,ATCC 25923,31.9889511,1.505,development,2,DBAASP
dbaasp_18828,RWLRLNGRWLRL,saure,ATCC 25923,8.892011179,0.949,development,2,DBAASP
dbAMP_19513,LRLKKRRWKYRVPG,saure,ATCC 25923,27.22701308,1.435,development,2,dbAMP
dbaasp_2292,GFLGPLLKLGLKGAAKLLPQLLPSRQQ,saure,ATCC 25923,2.500345362,0.398,development,5,DBAASP
dbaasp_131,GLRKRLRKFRNKIKQKLKKI,saure,ATCC 25923,3.999447498,0.602,development,4,DBAASP
DRAMP01953,GLLDSLKNLAINAAKGAGQSVLNTLSCKLSKTC,saure,ATCC 25923,17.98870915,1.255,development,4,DRAMP
dbAMP_24834,KNKRKRRRRRRGGRRRR,saure,ATCC 25923,2.249054606,0.352,development,2,dbAMP
dbaasp_1558,KIWVIRWR,saure,ATCC 25923,14.06047524,1.148,development,1,DBAASP
dbaasp_10712,YSWPRMPRIPRLPRYPRYPRYPRWPRWPRQPTIYA,saure,ATCC 25923,7.99834255,0.903,development,5,DBAASP
dbaasp_19947,WRNWRNWRNWRNWRN,saure,ATCC 25923,15.99558029,1.204,development,1,DBAASP
dbaasp_20045,VWRRRWV,saure,ATCC 25923,127.9381304,2.107,development,5,DBAASP
dbaasp_19602,IRIRRRRFRIRI,saure,ATCC 25923,3.999447498,0.602,development,5,DBAASP
DRAMP03873,LRWQNEMRKV,saure,ATCC 25923,299.9162519,2.477,development,2,DRAMP
dbaasp_6756,YWRWRW,saure,ATCC 25923,9.66050879,0.985,development,4,DBAASP
dbaasp_1063,RRLCRIVVIRVCRR,saure,ATCC 25923,35.97493352,1.556,development,3,DBAASP
dbaasp_10705,FLGGLIKRPPAMICAVRKKC,saure,ATCC 25923,114.5512941,2.059,development,3,DBAASP
dbaasp_9406,IFGAIWPLALGALKNLIK,saure,ATCC 25923,3.999447498,0.602,development,4,DBAASP
dbaasp_11235,GFKDLLKGAAKALVKTVLK,saure,ATCC 25923,18.79316817,1.274,development,5,DBAASP
dbaasp_10605,GCRRLCWRQRCVTWCRGR,saure,ATCC 25923,15.99558029,1.204,development,2,DBAASP
dbaasp_4583,KSLRRVWRSWR,saure,ATCC 25923,59.97910763,1.778,development,4,DBAASP
dbaasp_14883,GLFDIIAKIAESF,saure,ATCC 25923,363.9150361,2.561,development,2,DBAASP
dbaasp_12507,KGKKGVIIAILLFAIIYKKK,saure,ATCC 25923,127.9381304,2.107,development,3,DBAASP
dbaasp_3212,KWKIFRRWW,saure,ATCC 25923,1.584893192,0.2,development,2,DBAASP
dbaasp_14,GIWDTIKSMGKVFAGKILQNL,saure,ATCC 25923,15.99558029,1.204,development,3,DBAASP
dbaasp_368,GRRYKKFKWRFRGRFWFWG,saure,ATCC 25923,12.07813835,1.082,development,3,DBAASP
dbAMP_25418,WRNGRWWRNGRWWRNGRW,saure,ATCC 25923,3.999447498,0.602,development,2,dbAMP
dbaasp_12203,YYHFWHRGVTKRSLSPHRPR,saure,ATCC 25923,5.997910763,0.778,development,1,DBAASP
dbaasp_13068,AARIILRNRFR,saure,ATCC 25923,127.9381304,2.107,development,1,DBAASP
dbaasp_9132,VGRKHSILNCIPYLKKKKIMRL,saure,ATCC 25923,24.43430553,1.388,development,5,DBAASP
dbaasp_1217,AAGMGFFGAR,saure,ATCC 25923,25.40972706,1.405,development,1,DBAASP
dbaasp_3007,ALWKTIIKGAGKMIGSLAKNLLGSQAQPES,saure,ATCC 25923,50.0034535,1.699,development,1,DBAASP
dbaasp_18652,VVRWWWRVV,saure,ATCC 25923,7.99834255,0.903,development,2,DBAASP
dbAMP_24841,VDRGWGNGCGLFGKGG,saure,ATCC 25923,3.19889511,0.505,development,3,dbAMP
dbaasp_20078,FRWRRRWRF,saure,ATCC 25923,1.99986187,0.301,development,4,DBAASP
dbaasp_3563,FLPLIASLAANFVPKIFCKITKKC,saure,ATCC 25923,1.199499303,0.079,development,3,DBAASP
dbaasp_4402,ITIPPIVKDTLKKFIKGAISGVM,saure,ATCC 25923,19.9986187,1.301,development,5,DBAASP
dbaasp_4889,GLLCYCRKGHCKRGERVRGTCGIRFLYCCPRR,saure,ATCC 25923,1,0,development,1,DBAASP
dbAMP_17003,WRKLWRPGLKRWLK,saure,ATCC 25923,7.99834255,0.903,development,2,dbAMP
dbaasp_4742,GWGSFFKKAAHVGKHVGKA,saure,ATCC 25923,19.9986187,1.301,development,4,DBAASP
dbaasp_13983,KKPLLKKLLKKL,saure,ATCC 25923,0.779830111,-0.108,development,1,DBAASP
dbaasp_6804,GIGKHVGKALKGLKGLLKGLGEC,saure,ATCC 25923,127.9381304,2.107,development,3,DBAASP
dbAMP_27541,GMASLWAKVLPHVVKLIK,saure,ATCC 25923,63.97348355,1.806,development,1,dbAMP
dbaasp_14027,IHHIHHIIHHIHHIIHHIHHI,saure,ATCC 25923,63.97348355,1.806,development,1,DBAASP
dbAMP_19465,LRLKKRRWKYRWPP,saure,ATCC 25923,6.353309319,0.803,development,5,dbAMP
dbaasp_11527,FSGGDCRGLRRRCFCTR,saure,ATCC 25923,251.1886432,2.4,development,5,DBAASP
dbaasp_14439,KKWRKWLAKKW,saure,ATCC 25923,4.055085354,0.608,development,3,DBAASP
dbaasp_19641,KFAKFAKKFAKFAKGGQFFGLM,saure,ATCC 25923,25.82260191,1.412,development,5,DBAASP
dbaasp_19523,AKVVNKLTKGVAKLLK,saure,ATCC 25923,127.9381304,2.107,development,1,DBAASP
dbaasp_17857,WRWWWRW,saure,ATCC 25923,3.999447498,0.602,development,4,DBAASP
dbaasp_7066,RWRWWWRVY,saure,ATCC 25923,3.30369541,0.519,development,2,DBAASP
dbaasp_19857,FLPKVAKLLEKLL,saure,ATCC 25923,7.99834255,0.903,development,3,DBAASP
dbaasp_20017,TRRKFWKKVLNGALKIA,saure,ATCC 25923,2.333458062,0.368,development,2,DBAASP
dbaasp_3779,GIGKFLHSAGKFGKAFIGEIMKS,saure,ATCC 25923,50.0034535,1.699,development,2,DBAASP
dbaasp_18348,RLWDIVRRWVGWLGPLGVRGC,saure,ATCC 25923,50.46612976,1.703,development,2,DBAASP
dbAMP_15872,FRIRVRVAKKFGKAFVGEIM,saure,ATCC 25923,3.427677865,0.535,development,1,dbAMP
dbAMP_05281,KRIGLIRLIGKILRGLRRLG,saure,ATCC 25923,2.978516429,0.474,development,3,dbAMP
dbaasp_481,RRRAAFAAWAAFAARRR,saure,ATCC 25923,31.9889511,1.505,development,4,DBAASP
dbAMP_16529,FKKLKKLFSKLFSFK,saure,ATCC 25923,1,0,development,2,dbAMP
dbaasp_20004,RGLFKKLRRKIKKGFKK,saure,ATCC 25923,2.21819642,0.346,development,3,DBAASP
dbaasp_5566,FKRLKKLFKKIWNWK,saure,ATCC 25923,0.500034535,-0.301,development,5,DBAASP
dbaasp_3566,GVFSFLKTGAKLLGSTLLKMAGKAGAEHLACKATNQC,saure,ATCC 25923,5.997910763,0.778,development,1,DBAASP
dbaasp_1472,GLFSVVTGVLKAVGKNVAKNVGGSLLEQLKCKISGGC,saure,ATCC 25923,29.99162519,1.477,development,3,DBAASP
dbaasp_2015,RRWCFRVCYRGFCYRKCR,saure,ATCC 25923,0.204644464,-0.689,development,3,DBAASP
dbaasp_3784,GLGSLLGKAFKFGLKTVGKMMGGAPREE,saure,ATCC 25923,5.997910763,0.778,development,3,DBAASP
dbAMP_19481,LRLKWRRWKYRVPP,saure,ATCC 25923,51.64163693,1.713,development,2,dbAMP
dbaasp_13574,VDKPPYLPRPRYPRRIYNR,saure,ATCC 25923,13.12199899,1.118,development,1,DBAASP
dbaasp_17245,FLKQLKKLL,saure,ATCC 25923,115.0800389,2.061,development,3,DBAASP
dbAMP_24644,TVYQHQKAMKPWIQPKTKVIPYVRYL,saure,ATCC 25923,7.816278046,0.893,development,4,dbAMP
dbaasp_19846,FLPIEAKLLSGLL,saure,ATCC 25923,127.9381304,2.107,development,4,DBAASP
dbaasp_19643,KFAKFAKKFAKFAKGGFGLM,saure,ATCC 25923,14.52111618,1.162,development,4,DBAASP
dbaasp_13676,RRLWKKTWKRLW,saure,ATCC 25923,15.99558029,1.204,development,3,DBAASP
dbaasp_3650,ENMFNIKSSVESDSFWG,saure,ATCC 25923,102.0939484,2.009,development,3,DBAASP
dbaasp_3651,EMLKKKKEVKMERKT,saure,ATCC 25923,105.9253725,2.025,development,4,DBAASP
dbaasp_3697,GLFSKFAGKGIKNFLNKGVKHIGKE,saure,ATCC 25923,1.555965632,0.192,development,2,DBAASP
dbaasp_16175,FVKWFSKKLGRIL,saure,ATCC 25923,15.41700453,1.188,development,2,DBAASP
dbaasp_12869,MSAEVVVKKVDGDALELG,saure,ATCC 25923,138.9952631,2.143,development,4,DBAASP
dbaasp_3211,KKRWVWIRY,saure,ATCC 25923,7.362070975,0.867,development,5,DBAASP
dbaasp_16912,IVIKSLGKFLKNVGGFAG,saure,ATCC 25923,63.97348355,1.806,development,1,DBAASP
dbaasp_12835,INWLAIAAAVAGML,saure,ATCC 25923,358.0964371,2.554,development,4,DBAASP
dbaasp_19016,GWINKIQKKIEKIGNNILGGMAKAGPVVHKLAKGEFQ,saure,ATCC 25923,7.99834255,0.903,development,3,DBAASP
dbaasp_16991,WWRWWKWW,saure,ATCC 25923,5.701642723,0.756,development,1,DBAASP
dbaasp_12619,RRLIRLILRLLR,saure,ATCC 25923,1.99986187,0.301,development,4,DBAASP
dbaasp_20007,RGLFKKLLRLIKKGFKK,saure,ATCC 25923,1.137627286,0.056,development,4,DBAASP
dbaasp_4456,HSDAVFTDNYTRLRKQMAVKKYLNSILN,saure,ATCC 25923,151.0080154,2.179,development,3,DBAASP
dbaasp_1674,FVGPVLKIAAGILPTAICKIYKKC,saure,ATCC 25923,0.462381021,-0.335,development,4,DBAASP
dbaasp_16145,RKLDLKLDLKLDL,saure,ATCC 25923,24.49063242,1.389,development,1,DBAASP
dbaasp_4412,GLKKIFKAGLGSLKKGIAAHVAS,saure,ATCC 25923,250.0345362,2.398,development,3,DBAASP
dbaasp_16582,DILIIVGG,saure,ATCC 25923,63.97348355,1.806,development,5,DBAASP
dbaasp_16776,LNLKKLLAVAKKIL,saure,ATCC 25923,7.99834255,0.903,development,2,DBAASP
dbaasp_5247,RRIRPRPPRLPRPRPRPL,saure,ATCC 25923,127.9381304,2.107,development,4,DBAASP
dbaasp_10404,GLLRKWGKKWKEFLRRVWK,saure,ATCC 25923,12.82330583,1.108,development,5,DBAASP
dbaasp_19553,ASVVKWLTKWVAKLLK,saure,ATCC 25923,3.999447498,0.602,development,5,DBAASP
dbaasp_15801,FLGAILKIGHALAKTVLPMVTNAFKPKQ,saure,ATCC 25923,7.99834255,0.903,development,3,DBAASP
dbaasp_9974,GLFKKLRRKIKKGFKKIFKRL,saure,ATCC 25923,10.71519305,1.03,development,2,DBAASP
dbaasp_19853,FLPIVAKLLSGEL,saure,ATCC 25923,127.9381304,2.107,development,2,DBAASP
dbaasp_19250,IAGAILPLALGALKNLIK,saure,ATCC 25923,1.99986187,0.301,development,1,DBAASP
dbaasp_4756,RGGGLCYCRRRFCVCVGR,saure,ATCC 25923,8.128305162,0.91,development,3,DBAASP
dbaasp_18814,RWFKFPGRWFKF,saure,ATCC 25923,3.19889511,0.505,development,1,DBAASP
dbaasp_19843,FEPIVAKLLSGLL,saure,ATCC 25923,127.9381304,2.107,development,5,DBAASP
dbaasp_11258,GLYNFIKVLGRTVFGLYKQF,saure,ATCC 25923,15.99558029,1.204,development,4,DBAASP
dbaasp_15627,SSRRKPCKGWLCKLKLRGGYTLIGSATNLNRP,saure,ATCC 25923,3.372873087,0.528,development,1,DBAASP
dbaasp_18049,GWKRKRFGLLPIVGNLLKSLL,saure,ATCC 25923,3.999447498,0.602,development,5,DBAASP
dbaasp_16331,RRIPFWPPNLPGPRRPPWFLPDFRIPRIPRKR,saure,ATCC 25923,31.9889511,1.505,development,1,DBAASP
dbaasp_18741,FKAWRWAWRWKKLAAPS,saure,ATCC 25923,7.379042301,0.868,development,2,DBAASP
dbaasp_16777,LNLKKLLKVAKKIL,saure,ATCC 25923,15.99558029,1.204,development,3,DBAASP
dbaasp_20014,AGLFKKLARAIAKGFKA,saure,ATCC 25923,5.296634439,0.724,development,3,DBAASP
dbaasp_1183,QKKIRVRLSA,saure,ATCC 25923,108.3926914,2.035,development,1,DBAASP
dbaasp_6884,GRFRRLRKKTRKRLKKIGKVLKWIPPIVGSIPLG,saure,ATCC 25923,1,0,development,4,DBAASP
dbAMP_20715,WIKIWKPGIKKWKK,saure,ATCC 25923,127.9381304,2.107,development,4,dbAMP
dbaasp_3734,FLPKLFAGIISKNF,saure,ATCC 25923,13.30454418,1.124,development,1,DBAASP
dbaasp_3748,APDRPRKFCGILG,saure,ATCC 25923,141.579378,2.151,development,4,DBAASP
dbaasp_4699,FKCRRWQWRMKKLGA,saure,ATCC 25923,16.18080038,1.209,development,1,DBAASP
dbaasp_11351,NVLLWG,saure,ATCC 25923,187.4994508,2.273,development,1,DBAASP
dbaasp_3719,GILGNIVGMGKKVVCGLSGLC,saure,ATCC 25923,5.649369748,0.752,development,1,DBAASP
dbaasp_12763,GCKKYRRFRWKFKGKLFLFG,saure,ATCC 25923,3.140508694,0.497,development,3,DBAASP
dbaasp_7011,KFFRKLKKSVKKRAKKFFKKPRVIGVSIPF,saure,ATCC 25923,2.208004733,0.344,development,5,DBAASP
dbaasp_12842,PMARNKKLLKKLRLKIAFK,saure,ATCC 25923,56.1047976,1.749,development,5,DBAASP
dbaasp_2196,GLFTLIKGAAKLIGKTVAKEAGKTGLELMACKITNQC,saure,ATCC 25923,1.339676687,0.127,development,4,DBAASP
DRAMP01476,GIFSLIKGAAQLIGKTVAKEAGKTGLELMACKVTKQC,saure,ATCC 25923,31.9889511,1.505,development,2,DRAMP
dbAMP_19476,LRLLKRRWKYRVPP,saure,ATCC 25923,13.42764961,1.128,development,4,dbAMP
dbaasp_14710,AILRKATRRLVQLIVSG,saure,ATCC 25923,25.00345362,1.398,development,5,DBAASP
dbaasp_18176,FLQLWSKGVLRIL,saure,ATCC 25923,60.95368972,1.785,development,5,DBAASP
dbaasp_14258,RWRWWWRWRF,saure,ATCC 25923,1.99986187,0.301,development,2,DBAASP
dbaasp_5718,GFMSKVANFAKKFAKGGVNAIMNQK,saure,ATCC 25923,127.9381304,2.107,development,4,DBAASP
dbaasp_16174,FVKWFSKFLGRIL,saure,ATCC 25923,3.801893963,0.58,development,2,DBAASP
dbaasp_5845,FWGLKGLKGPGKFSKKL,saure,ATCC 25923,25.00345362,1.398,development,5,DBAASP
dbaasp_12191,SPHRPRHSRLQREPQVQWLEQQVAKRRTKR,saure,ATCC 25923,100,2,development,1,DBAASP
dbaasp_7821,SVKKFWGGVKAIFKGARKGLK,saure,ATCC 25923,7.99834255,0.903,development,3,DBAASP
dbaasp_14024,IHHIHHHIHHIHHHIHHIHHHIHHIHHH,saure,ATCC 25923,63.97348355,1.806,development,4,DBAASP
dbAMP_02406,FWQKMSFA,saure,ATCC 25923,1.698243652,0.23,development,4,dbAMP
dbaasp_8350,MWITNGGVANWYFVLAR,saure,ATCC 25923,12.5025903,1.097,development,4,DBAASP
dbaasp_8306,FKRLKKLISWIKRKRQQ,saure,ATCC 25923,1.99986187,0.301,development,4,DBAASP
dbaasp_6753,RWWRYWR,saure,ATCC 25923,2.098939884,0.322,development,4,DBAASP
dbaasp_10591,TRRKFWKKVLNGALKIAPFLLG,saure,ATCC 25923,14.75706533,1.169,development,3,DBAASP
DBAASPR_461,DCLSGRYKGPCAVWDNETCRRVCKEEGRSSGHCSPSLKCWCEGC,saure,ATCC 25923,245.0354897,2.38922899,development,5,DBAASP
DBAASPR_917,FLPKTLRKFFCRIRGGRCAVLNCLGKEEQIGRCSNSGRKCCRKKK,saure,ATCC 25923,4.816692227,0.682748897,development,5,DBAASP
DBAASPR_919,GIINTLQKYYCRVRGGRCAVLSCLPKEEQIGKCSTRGRKCCRRKK,saure,ATCC 25923,29.06302785,1.463340858,development,4,DBAASP
DBAASPS_1023,GIFSKLAGKKIKNLLISGLKG,saure,ATCC 25923,218.9780001,2.340400485,development,5,DBAASP
DBAASPR_1121,GIGDPVTCLKSGAICHPVFCPRRYKQIGTCGLPGTKCCKKP,saure,ATCC 25923,23.07211709,1.363087447,development,2,DBAASP
DBAASPR_1651,RFRPPIRRPPIRPPFYPPFRPPIRPPIFPPIRPPFRPPLGPFP,saure,ATCC 25923,38.84792074,1.589367779,development,3,DBAASP
DBAASPR_1964,KTCMTKKEGWGRCLIDTTCAHSCRKYGYMGGKCQGITRRCYCLLNC,saure,ATCC 25923,24.41702827,1.387692806,development,3,DBAASP
DBAASPR_3692,GLFSKFVGKGIKNFLIKGVKHIGKEVGMDVIRVGIDVAGCKIKGVC,saure,ATCC 25923,0.246915578,-0.60745151,development,3,DBAASP
DBAASPR_3693,GLFSKFSGKGIKNFLIKGVKHIGKEVGMDVIRTGIDVAGCKIKGEC,saure,ATCC 25923,0.266400993,-0.57446416,development,2,DBAASP
DBAASPR_3694,GLFSKFAGKGIKDLIFKGVKHIGKEVGMDVIRTGIDVAGCKIKGEC,saure,ATCC 25923,1.110004057,0.045324566,development,2,DBAASP
DBAASPR_3695,GLFTKFAGKGIKDLIFKGVKHIGKEVGMDVIRTGIDVAGCKIKGEC,saure,ATCC 25923,0.573902915,-0.241161569,development,4,DBAASP
DBAASPR_3696,GLFSKFAGKGIKNFLIKGVKHIGKEVGMDVIRTGIDVAGCKIKGEC,saure,ATCC 25923,0.349516475,-0.456532348,development,5,DBAASP
DBAASPR_3698,GIFSKISGKAIKNLFIKGAKNVGKEVGMDVVRTGIDVVGCKIKGEC,saure,ATCC 25923,0.9149929,-0.038582276,development,3,DBAASP
DBAASPR_3699,KISGKAIKNLFIKGAKNVGKEVGMDVVRTGIDVVGCKIKGEC,saure,ATCC 25923,1.498530629,0.175665624,development,2,DBAASP
DBAASPR_3700,GIFSKISGKAIKNLFIKGAKNVGKRVGMDVVRTGMDVVGCKIKGEC,saure,ATCC 25923,2.266225604,0.355303142,development,4,DBAASP
DBAASPR_3701,GIFSKISGKAIKNLFIKGAENVGKHVGMDVVRTGIDVVGCKIKGEC,saure,ATCC 25923,1.785066575,0.251654418,development,4,DBAASP
DBAASPR_3702,GIFSKISGKAIKNLFIKGAKNVGKEVGMDVVRTGMDVVGCKIKGEC,saure,ATCC 25923,0.849421642,-0.070876678,development,4,DBAASP
DBAASPR_3935,FLWGLIPGAISAVTSLIKK,saure,ATCC 25923,15.88497783,1.200986613,development,3,DBAASP
DBAASPR_4321,YKQCHKKGGHCFPKEKICLPPSSDFGKMDCRWRWKCCKKGSG,saure,ATCC 25923,40.90141162,1.611738297,development,4,DBAASP
DBAASPR_4570,KNIGNSVSCLRNKGVCMPGKCAPKMKQIGTCGMPQVKCCKRK,saure,ATCC 25923,17.67333864,1.247318599,development,2,DBAASP
DBAASPS_4593,GIIKKIIKKI,saure,ATCC 25923,148.0448001,2.170393158,development,1,DBAASP
DBAASPS_4594,GIIKKIIKKIIKKI,saure,ATCC 25923,6.565119702,0.817242649,development,5,DBAASP
DBAASPS_4595,GIIKKIIKKIIKKIIKKI,saure,ATCC 25923,8.503839504,0.929615055,development,5,DBAASP
DBAASPS_5145,DAEFRHDSGYEVHHQKLVFFAEDVGSNKGAIIGLMVGGVVIA,saure,ATCC 25923,1.384552139,0.141309315,development,1,DBAASP
DBAASPS_5148,DAEFRHDSGYEVRHQKLVFFAEDVGSNKGAIIGLMVGGVVIA,saure,ATCC 25923,2.757469637,0.440510739,development,2,DBAASP
DBAASPS_5149,AIVVGGVMLGIIAGKNSGVDEAFFVLKQHHVEYGSDHRFEAD,saure,ATCC 25923,11.07641711,1.044399302,development,5,DBAASP
DBAASPR_5175,CLAGRLDKQCTCRRSQPSRRSGHEVGRPSPHCGPSRQCGCHMD,saure,ATCC 25923,237.6255002,2.375893044,development,1,DBAASP
DBAASPR_5187,GKIPVKAIKQAGKVIGKGLRAINIAGTTHDVVSFFRPKKKKH,saure,ATCC 25923,1.377107283,0.138967775,development,5,DBAASP
DBAASPR_5356,FAVWGCADYRGYCRAACFAFEYSLGPKGCTEGYVCCVPNTF,saure,ATCC 25923,14.35773433,1.157085913,development,2,DBAASP
DBAASPR_5620,SPIHACRYQRGVCIPGPCRWPYYRVGSCGSGLKSCCVRNRWA,saure,ATCC 25923,0.569074004,-0.244831253,development,1,DBAASP
DBAASPR_5835,RRSRRGRGGGRRGGSGGRGGRGGGGRSGAGSSIAGVGSRGGGGGRHYA,saure,ATCC 25923,1.403619506,0.147249395,development,4,DBAASP
DBAASPR_5858,GFGCPWNRYQCHSHCRSIGRLGGYCAGSLRLTCTCYRS,saure,ATCC 25923,3.746293881,0.573601843,development,4,DBAASP
DBAASPS_6082,GIINTLQKYYARVRGGRYAVLSVLPKEEQIGKVSTRGRKKVRRKK,saure,ATCC 25923,2.402833969,0.380723763,development,3,DBAASP
DBAASPR_6384,INLKAIAALAKKLF,saure,ATCC 25923,6.063919998,0.782753463,development,5,DBAASP
DBAASPS_6651,GKALWKTLLKKVLKA,saure,ATCC 25923,85.06200005,1.92973559,development,2,DBAASP
DBAASPS_6758,WRWRW,saure,ATCC 25923,11.24821586,1.051083642,development,2,DBAASP
DBAASPS_6759,RWRWR,saure,ATCC 25923,58.20693443,1.764974727,development,1,DBAASP
DBAASPR_8198,GASPALWGCDSFLGYCRIACFAHEASVGQKDCAEGMICCLPNVF,saure,ATCC 25923,80.10036997,1.903634522,development,1,DBAASP
DBAASPR_8426,GIFSKFAGRGLKNLFMKGAKKIGKEVGMDVLRTGIDIAGCKIRGEC,saure,ATCC 25923,1.017308842,0.007452819,development,5,DBAASP
DBAASPR_8430,GIFSKFAGKGLKNLFMKGAKTIGKEVGMDVLRTGIDIAGCKIKGEC,saure,ATCC 25923,1.034804086,0.014858135,development,3,DBAASP
DBAASPR_8435,GIFSKFVGKGLKNLFMKGAKTIGREVGMDVLRTGIDIAGCKIKGEC,saure,ATCC 25923,0.511467126,-0.291182275,development,3,DBAASP
DBAASPR_9157,VWLSALKFIGKHLAKHQLSKL,saure,ATCC 25923,1.210509999,0.082968381,development,1,DBAASP
DBAASPR_9235,VSFPWSCAALSGVCRQGACLPSELYFGPLGCGKGSLCCVSYFL,saure,ATCC 25923,5.582510171,0.746829523,development,2,DBAASP
DBAASPS_9887,WKWKWKPGKWKWKW,saure,ATCC 25923,16.50879999,1.217715506,development,2,DBAASP
DBAASPR_10071,MDSFQKIEKIGEGTYGVVYKAKDKVSGRLVALKKIRLENESEGVPSTA,saure,ATCC 25923,26.38594999,1.421372735,development,4,DBAASP
DBAASPS_10338,KKVVFKVKFKK,saure,ATCC 25923,1.425889999,0.154086023,development,5,DBAASP
DBAASPR_10587,SMATPHVAGAAALILSKHPTWTNAQVRDRLESTATYLGNSFYYGK,saure,ATCC 25923,26.14104285,1.417322909,development,2,DBAASP
DBAASPS_10674,CKKKC,saure,ATCC 25923,3.285069204,0.516544523,development,1,DBAASP
DBAASPR_10691,MWGRILGTVAKYGPKAVSWAWQHKWELINMGDLAFRYIQRIWG,saure,ATCC 25923,1.62218606,0.210100665,development,2,DBAASP
DBAASPS_11063,WKKIWKPGIKKWIK,saure,ATCC 25923,120.7328001,2.081825273,development,2,DBAASP
DBAASPR_11223,ILGEIWKGIKDIL,saure,ATCC 25923,149.8880001,2.175766865,development,2,DBAASP
DBAASPS_11342,KKDQLGKNEEGAPQEGILEDMPVDPDNEAYEMPSEEGYQDYEPEA,saure,ATCC 25923,130.2909399,2.114914217,development,5,DBAASP
DBAASPS_11405,LGDFFRKSKEKIGKEFKRIVQRIKDFLRNLAKRHHGYKRKFH,saure,ATCC 25923,4.755352452,0.677182711,development,4,DBAASP
DBAASPS_11406,ALGDFFRKSKEKIGKEFKRIVQRIKDFLRNLAKRHHGYKRKFHLEY,saure,ATCC 25923,11.6154074,1.065034447,development,2,DBAASP
DBAASPS_11733,DLIWKLLVKAQEKFGRGKPSKRVKKMRRQWQACKSSHHHHHH,saure,ATCC 25923,2.321440383,0.365757535,development,4,DBAASP
DBAASPR_12416,GLFSKKGGKGGKSWIKGVFKGIKGIGKEVGGDVIRTGIEIAACKIKGEC,saure,ATCC 25923,1.877375548,0.273551157,development,1,DBAASP
DBAASPS_12456,WRYRW,saure,ATCC 25923,57.73720855,1.761455783,development,4,DBAASP
DBAASPS_12457,WRWRY,saure,ATCC 25923,57.73720855,1.761455783,development,5,DBAASP
DBAASPS_12529,GLLRASSKWGRKYYVDLAGCAKA,saure,ATCC 25923,3.102695301,0.491739128,development,3,DBAASP
DBAASPS_12860,PMKLLKRLGKKIRLAAAFK,saure,ATCC 25923,35.00624,1.544145466,development,3,DBAASP
DBAASPS_13588,YNHNF,saure,ATCC 25923,208.1220001,2.318317991,development,4,DBAASP
DBAASPS_13877,GLLKR,saure,ATCC 25923,5.548465092,0.744172858,development,2,DBAASP
DBAASPS_14029,MGIINTLQKYYCRVRGGRCAVLSCLPKEEQIGKCSTRGRKCCRRKK,saure,ATCC 25923,26.49274998,1.423127041,development,4,DBAASP
DBAASPS_15060,KRIVKRIKDFLR,saure,ATCC 25923,203.5654385,2.308704045,development,5,DBAASP
DBAASPS_15063,KRIVQRIKKFLR,saure,ATCC 25923,201.8904286,2.30511573,development,1,DBAASP
DBAASPS_15068,KRIVKRIKKFLR,saure,ATCC 25923,201.8849009,2.305103839,development,1,DBAASP
DBAASPS_15606,GFLKKIGKKLEGAVQRTRDATIQTIAVAQAAANVAATAKQG,saure,ATCC 25923,244.0489891,2.387477013,development,1,DBAASP
DBAASPS_15621,GFLKKVGKKLEGASDLTRDATIQTIAVAQAAANVAATAKQG,saure,ATCC 25923,248.9226633,2.396064439,development,3,DBAASP
DBAASPS_15624,AACSLGSLLNVGCNSCACAAHCLATRGKNGACNSQRRCVCNK,saure,ATCC 25923,30.26071198,1.480879142,development,1,DBAASP
DBAASPR_16392,GIFDVLKNLAKGVITSLAS,saure,ATCC 25923,24.342,1.386356258,development,2,DBAASP
DBAASPS_17235,FLKALKKLL,saure,ATCC 25923,119.2438545,2.076436006,development,2,DBAASP
DBAASPR_17237,SPRVCIRVCRNGVCYRRCWG,saure,ATCC 25923,19.07144,1.280383486,development,3,DBAASP
DBAASPS_17289,RRGWARAPAFAFGRR,saure,ATCC 25923,53.22300005,1.726099351,development,3,DBAASP
DBAASPS_17307,RRWARRLAFAFRR,saure,ATCC 25923,10.03855501,1.001671203,development,2,DBAASP
DBAASPS_17375,CKLAKLAKKLAKLAK,saure,ATCC 25923,78.66507916,1.895781984,development,1,DBAASP
DBAASPS_17376,KLAKLAKKLAKLAKC,saure,ATCC 25923,78.66507916,1.895781984,development,5,DBAASP
DBAASPS_18194,FVPWFSKFLKRIL,saure,ATCC 25923,5.598278504,0.7480545,development,1,DBAASP
DBAASPR_18209,FFPLIFGALSSILPKIL,saure,ATCC 25923,23.45499998,1.370235437,development,5,DBAASP
DBAASPN_18368,VGALAVVVWLWLWLWG,saure,ATCC 25923,7.757559995,0.889725143,development,4,DBAASP
DBAASPS_18791,FVPWFSKFKGRIE,saure,ATCC 25923,164.299,2.21563492,development,3,DBAASP
DBAASPS_18792,FVPWFSKKLGREL,saure,ATCC 25923,160.8970002,2.206547947,development,4,DBAASP
DBAASPS_18793,FVPWFKKFLERIL,saure,ATCC 25923,5.382560996,0.73098896,development,4,DBAASP
DBAASPS_18797,FVPWKSKFEGRIL,saure,ATCC 25923,160.8970002,2.206547947,development,2,DBAASP
DBAASPS_18798,FVPKFSKELGRIL,saure,ATCC 25923,153.591,2.186365768,development,1,DBAASP
DBAASPS_18804,FVPWFKKFLGRIE,saure,ATCC 25923,166.9069999,2.222474551,development,5,DBAASP
DBAASPS_18805,FVPWKSKFLGREL,saure,ATCC 25923,160.8970002,2.206547947,development,4,DBAASP
DBAASPS_18808,FVPWFEKFLKRIL,saure,ATCC 25923,5.382560996,0.73098896,development,5,DBAASP
DBAASPS_18810,FVPWFCKFLCRIL,saure,ATCC 25923,167.3180001,2.223542665,development,1,DBAASP
DBAASPS_18893,RRWWWWRRW,saure,ATCC 25923,3.14578,0.497728347,development,2,DBAASP
DBAASPS_18905,IKKILSKIKKLL,saure,ATCC 25923,4.386209983,0.642089419,development,5,DBAASP
DBAASPR_19005,GIINTLQRYYCRIRSGRCALLSCLPKEEQIGRCSSTGRKCCRRKK,saure,ATCC 25923,12.29304943,1.089659628,development,3,DBAASP
DBAASPS_19015,GWINEEKIQKKIDEKIGNNILGGMAKAVVHKLAKGEFQ,saure,ATCC 25923,15.10874359,1.179228351,development,5,DBAASP
DBAASPS_19076,LRRRLLLLR,saure,ATCC 25923,77.28576,1.888099482,development,1,DBAASP
DBAASPS_20323,ATAWKVPPGLQPIRPIRIRPLCGNDKS,saure,ATCC 25923,42.88740983,1.632329818,development,2,DBAASP
DBAASPS_20347,GIFKVLKNLAKGVITSLAS,saure,ATCC 25923,6.119724002,0.786731836,development,2,DBAASP
DBAASPS_20348,GIFDVLKNLAKGVITSLKS,saure,ATCC 25923,50.13650002,1.700154013,development,4,DBAASP
DBAASPS_20349,GIFKVLKNLAKGVITSLKS,saure,ATCC 25923,12.62837501,1.10134747,development,5,DBAASP
DBAASPS_20350,KLLLRLRKLLRR,saure,ATCC 25923,31.60200002,1.499714569,development,3,DBAASP
DBAASPS_20535,VVKTVVSRAYTRAGLAQRLGWHDLRHSTRT,saure,ATCC 25923,145.5204507,2.162924031,development,1,DBAASP
DBAASPS_20536,MMGAPTRRFKHHAWHETTVARRATARYVGGLSSRFVTR,saure,ATCC 25923,113.6344583,2.055510046,development,1,DBAASP
DBAASPS_20537,VNRVTRVIATRRNEAERIGVPLYF,saure,ATCC 25923,176.6604059,2.247139224,development,2,DBAASP
DBAASPS_20538,VEKSEKAISGARRGSPIVNRHVVHLEHVRLKGPYRLSDRLSSAPRTSTRV,saure,ATCC 25923,89.21517732,1.950438743,development,4,DBAASP
DBAASPS_20580,RLFRRVKKVAGKIAKRIWKILRR,saure,ATCC 25923,2.69992562,0.4313518,development,3,DBAASP
DBAASPS_20581,RLFRRVKKVAGKIAKRIW,saure,ATCC 25923,3.508843844,0.545164041,development,4,DBAASP
DBAASPS_20582,RLFRRVKKVAGKIAKRI,saure,ATCC 25923,30.64339589,1.486336892,development,5,DBAASP
DBAASPS_20583,RLFRRVKKVAGKIAKR,saure,ATCC 25923,64.88680333,1.812156379,development,2,DBAASP
DBAASPS_20584,RLFRRVKKVAGKIAK,saure,ATCC 25923,141.2234475,2.149906809,development,1,DBAASP
DBAASPS_20595,RLFRRVKKVAGKIA,saure,ATCC 25923,152.2468424,2.182548294,development,2,DBAASP
DBAASPS_20596,RLFRRVKKVAGKI,saure,ATCC 25923,159.1351827,2.201766207,development,2,DBAASP
DBAASPS_20597,RLFRRVKKVAGK,saure,ATCC 25923,171.4875264,2.234232536,development,5,DBAASP
DBAASPR_20598,LKTKALNKLKQKLQAVGNLIGSVIKG,saure,ATCC 25923,276.9459803,2.442395066,development,3,DBAASP
DBAASPS_20599,RLFRRVKKVAGKIAKRIWK,saure,ATCC 25923,3.317787343,0.520848546,development,2,DBAASP
DBAASPR_20725,KRFKKFFKKLRKSVKKRVKKFFKKPKVIGVSIPF,saure,ATCC 25923,7.623856128,0.882174692,development,3,DBAASP
DBAASPS_20753,VKKLVKKAVKKLVKKA,saure,ATCC 25923,116.1900801,2.065169051,development,1,DBAASP
DBAASPS_20754,VKKLVKKLVKKAVKKA,saure,ATCC 25923,116.1900801,2.065169051,development,5,DBAASP
DBAASPS_20755,VKKLVKKLVKKLVKKA,saure,ATCC 25923,59.441597,1.774090469,development,4,DBAASP
DBAASPS_20756,VKKLVKKLVKKAVKKL,saure,ATCC 25923,29.720798,1.473060466,development,3,DBAASP
DBAASPS_20757,VKKLVKKLVKKLVKKL,saure,ATCC 25923,15.19704001,1.181759007,development,4,DBAASP
DBAASPS_20758,VKKWVKKAVKKWVKKA,saure,ATCC 25923,125.541756,2.098788199,development,2,DBAASP
DBAASPS_20759,VKKWVKKWVKKAVKKA,saure,ATCC 25923,125.541756,2.098788199,development,1,DBAASP
DBAASPS_20760,VKKWVKKWVKKAVKKW,saure,ATCC 25923,16.61384001,1.220470024,development,3,DBAASP
DBAASPS_20761,VKKWVKKWVKKWVKKA,saure,ATCC 25923,8.30692,0.919440028,development,3,DBAASP
DBAASPS_20762,VKKWVKKWVKKWVKKW,saure,ATCC 25923,4.383739998,0.641844788,development,4,DBAASP
DBAASPS_20826,WWRWWRRRW,saure,ATCC 25923,3.14578,0.497728347,development,5,DBAASP
DBAASPS_20827,WWRWRRRWW,saure,ATCC 25923,3.14578,0.497728347,development,2,DBAASP
DBAASPS_20834,WRRWRWRWW,saure,ATCC 25923,3.14578,0.497728347,development,2,DBAASP
DBAASPS_20837,WWWRRRRWW,saure,ATCC 25923,1.572889999,0.196698351,development,4,DBAASP
DBAASPS_20838,RLRLRLRLL,saure,ATCC 25923,20.86715702,1.319463284,development,3,DBAASP
DBAASPS_20839,RIRIRIRWL,saure,ATCC 25923,2.766204,0.441884205,development,3,DBAASP
DBAASPS_20840,RIRWRIRIL,saure,ATCC 25923,2.561300003,0.40846045,development,5,DBAASP
DBAASPS_20841,RIRWRIRWL,saure,ATCC 25923,5.414839995,0.733585628,development,1,DBAASP
DBAASPS_20842,RIRIRWRWL,saure,ATCC 25923,5.848027699,0.767009421,development,4,DBAASP
DBAASPS_20853,RWRIRIRWL,saure,ATCC 25923,2.707420001,0.432555633,development,4,DBAASP
DBAASPS_20854,RIRWRWRIL,saure,ATCC 25923,3.682091199,0.566094541,development,3,DBAASP
DBAASPS_20855,RWRWRWRIL,saure,ATCC 25923,3.324374,0.521709877,development,1,DBAASP
DBAASPS_20856,RWRIRWRWL,saure,ATCC 25923,6.1636467,0.789837737,development,3,DBAASP
DBAASPS_20883,WRIRRRWPRLPRPRWRPLPFPR,saure,ATCC 25923,24.41415998,1.387641786,development,5,DBAASP
DBAASPS_20889,RWRWRWRWW,saure,ATCC 25923,3.14578,0.497728347,development,5,DBAASP
DBAASPS_20890,WRRRWWWWR,saure,ATCC 25923,3.14578,0.497728347,development,5,DBAASP
DBAASPR_20913,ALLDKLKSLGKVVGKVALGVVQNYLNPRQ,saure,ATCC 25923,100.0256,2.000111165,development,3,DBAASP
DBAASPR_20915,AWLDKLKSIGKVVGKVAIGVAKNLLNPQ,saure,ATCC 25923,11.86259999,1.074179886,development,4,DBAASP
DBAASPS_20966,RRWWWRWRW,saure,ATCC 25923,3.14578,0.497728347,development,3,DBAASP
DBAASPS_20967,RWRWRRWWW,saure,ATCC 25923,3.14578,0.497728347,development,5,DBAASP
DBAASPS_20983,RWWWWRRWR,saure,ATCC 25923,3.14578,0.497728347,development,2,DBAASP
DBAASPS_20987,IKQVKKLFKK,saure,ATCC 25923,128.4653599,2.108786038,development,2,DBAASP
DBAASPR_21035,TLSAC,saure,ATCC 25923,14.808001,1.170496435,development,1,DBAASP
DBAASPS_21036,WRRRRWWWW,saure,ATCC 25923,3.14578,0.497728347,development,5,DBAASP
DBAASPS_21049,WRRWRWWRW,saure,ATCC 25923,3.14578,0.497728347,development,3,DBAASP
DBAASPS_21050,LLRLLRRRL,saure,ATCC 25923,38.64287997,1.587069486,development,3,DBAASP
DBAASPS_21051,LLRLRRRLL,saure,ATCC 25923,77.28576,1.888099482,development,4,DBAASP
DBAASPS_21052,LLLRRRRLL,saure,ATCC 25923,77.28576,1.888099482,development,5,DBAASP
DBAASPS_21053,RRLLLLRRL,saure,ATCC 25923,77.28576,1.888099482,development,3,DBAASP
DBAASPS_21073,RIIDLLWRVRR,saure,ATCC 25923,191.3433702,2.281813419,development,2,DBAASP
DBAASPS_21074,KFVTVWVR,saure,ATCC 25923,66.19520005,1.820826499,development,2,DBAASP
DBAASPS_21076,GWKRKRFGPQKPKFVTVWVR,saure,ATCC 25923,10.01636,1.000709925,development,5,DBAASP
DBAASPS_21077,RIIRLLWRVRRPQKPGWKRKRFG,saure,ATCC 25923,6.011519996,0.778984296,development,4,DBAASP
DBAASPS_21078,GWKRKRFGKFVTVWVR,saure,ATCC 25923,8.210160005,0.914351621,development,1,DBAASP
DBAASPS_21079,RIIRLLWRVRRGWKRKRFG,saure,ATCC 25923,5.108420005,0.708286597,development,5,DBAASP
DBAASPS_21080,RIIDLLWRVRRGWKRKRFG,saure,ATCC 25923,10.05244001,1.00227149,development,1,DBAASP
DBAASPS_21081,KFVTVWVRGWKRKRFG,saure,ATCC 25923,8.210160005,0.914351621,development,3,DBAASP
DBAASPS_21142,IFKAIWSGINRLF,saure,ATCC 25923,7.987763612,0.902425204,development,1,DBAASP
DBAASPS_21161,TGKASQFFGLM,saure,ATCC 25923,151.8630399,2.181452089,development,5,DBAASP
DBAASPS_21162,LKKWTGKASQFFGLM,saure,ATCC 25923,223.2537498,2.348798762,development,2,DBAASP
DBAASPS_21163,LKKWTLKASQFFGLM,saure,ATCC 25923,230.4358398,2.362550026,development,3,DBAASP
DBAASPS_21164,LKKWLKKWTGKASQFFGLM,saure,ATCC 25923,9.207640002,0.964148331,development,2,DBAASP
DBAASPS_21165,LKKWLKKWTLKASQFFGLM,saure,ATCC 25923,4.71604,0.67357748,development,1,DBAASP
DBAASPS_21166,LKKWLKKWTPKASQFFGLM,saure,ATCC 25923,74.94335995,1.87473316,development,2,DBAASP
DBAASPS_21179,LRRLRLRLL,saure,ATCC 25923,77.28576,1.888099482,development,5,DBAASP
DBAASPS_21181,RRLLLRLRL,saure,ATCC 25923,77.28576,1.888099482,development,5,DBAASP
DBAASPR_21256,TTLRLNTLAYKVAWLVNVKAFWAAGRALKKVGR,saure,ATCC 25923,2.152574435,0.332958178,development,1,DBAASP
DBAASPS_21320,GMPVL,saure,ATCC 25923,193.9230415,2.287629414,development,3,DBAASP
DBAASPS_21321,SKPVL,saure,ATCC 25923,184.27192,2.265459161,development,4,DBAASP
DBAASPS_21322,HCPVL,saure,ATCC 25923,211.3778051,2.325059384,development,5,DBAASP
DBAASPS_21323,TRPVL,saure,ATCC 25923,68.40921124,1.835114583,development,5,DBAASP
DBAASPR_21500,GLFGRLRDSLRRGGQKILEKVERIGDRIKDIFRG,saure,ATCC 25923,25.28043473,1.402784538,development,3,DBAASP
DBAASPR_21501,RITKQPWAPPQAARICQFVLIRVCR,saure,ATCC 25923,33.88000666,1.529943487,development,5,DBAASP
DBAASPR_21502,RFRLPFRRPPIRIHPPPFYPPFRRFLGRR,saure,ATCC 25923,26.69139369,1.426371251,development,4,DBAASP
DBAASPS_21504,NFFKRIRRAGKRIRKAIISA,saure,ATCC 25923,12.02494999,1.080083279,development,4,DBAASP
DBAASPS_21509,KRLKKIGKVLKWIPPIVGSI,saure,ATCC 25923,148.4806401,2.171669831,development,1,DBAASP
DBAASPS_21510,KRLKKIGKVLKWIAKIVGSI,saure,ATCC 25923,9.304119998,0.968675303,development,1,DBAASP
DBAASPS_21515,KRLKKIGKVLKWI,saure,ATCC 25923,105.99616,2.025290132,development,5,DBAASP
DBAASPR_21523,ASKKGKCNFMCKVKQKLRAIGSKTVIGTVVHKI,saure,ATCC 25923,5.204768242,0.716401396,development,4,DBAASP
DBAASPS_21704,KVLGRLV,saure,ATCC 25923,78.40300004,1.894332681,development,3,DBAASP
DBAASPS_21707,KVLGRLVKVLGRLV,saure,ATCC 25923,1.55103,0.190620198,development,4,DBAASP
DBAASPS_21747,CWTKSIPPKPCRLLRKFFRKLKKSV,saure,ATCC 25923,20.90923699,1.320338185,development,1,DBAASP
DBAASPS_21757,SPAGRNSRRRRCRFCCGCCPDMVGCGTCCKF,saure,ATCC 25923,27.45776002,1.438665105,development,1,DBAASP
DBAASPS_21760,RRRRCRFCC,saure,ATCC 25923,10.0448,1.001941294,development,3,DBAASP
DBAASPS_21794,KKYRYHLKPF,saure,ATCC 25923,371.1029981,2.569494463,development,4,DBAASP
DBAASPS_21924,GWKTNKYGTLYGGGGGLKKLLLLLKKLG,saure,ATCC 25923,42.98721544,1.633339314,development,3,DBAASP
DBAASPS_21925,FTPNTDIITRTTGGGGGLKKLLLLLKKLG,saure,ATCC 25923,84.58178535,1.927276848,development,5,DBAASP
DBAASPS_21926,GWKTNKYGTLYGGGLKKLLLLLKKLG,saure,ATCC 25923,5.587517547,0.7472189,development,2,DBAASP
DBAASPS_21928,LKKLLLLLKKLGGGWKTNKYGTLY,saure,ATCC 25923,5.819405203,0.764878598,development,2,DBAASP
DBAASPS_21929,LKKLLLLLKKLGGGFTPNTDIITRTT,saure,ATCC 25923,44.82576417,1.651527702,development,1,DBAASP
DBAASPS_21942,LARVARRVIRFIRRAW,saure,ATCC 25923,6.115650004,0.786442623,development,5,DBAASP
DBAASPR_21943,RRRLARRLIFFIRRAW,saure,ATCC 25923,6.557220002,0.816719755,development,4,DBAASP
DBAASPS_21944,LKLLKGLGKLLKL,saure,ATCC 25923,22.26968012,1.347713979,development,2,DBAASP
DBAASPS_21945,LKLLGKLKGLLKL,saure,ATCC 25923,44.53936028,1.648743975,development,4,DBAASP
DBAASPS_21946,KLLLKGLGKLLLK,saure,ATCC 25923,178.157441,2.250803966,development,5,DBAASP
DBAASPS_21947,KLLGKLLLKGLLK,saure,ATCC 25923,89.07872064,1.949773971,development,2,DBAASP
DBAASPS_21948,KKLLLGLGLLLKK,saure,ATCC 25923,89.07872064,1.949773971,development,1,DBAASP
DBAASPS_21949,GLKKLLLLLKKLG,saure,ATCC 25923,1.39185501,0.143593997,development,1,DBAASP
DBAASPS_21969,FSLAPYAPAPVNGGGLKKLLLLLKKLG,saure,ATCC 25923,92.1046134,1.964281384,development,3,DBAASP
DBAASPS_21970,GLKKLLLLLKKLGGGFSLAPYAPAPVN,saure,ATCC 25923,2.878269171,0.459131406,development,4,DBAASP
DBAASPS_21971,YTLSDRSHNPFNGGGLKKLLLLLKKLG,saure,ATCC 25923,5.36273888,0.729386651,development,5,DBAASP
DBAASPS_21972,GLKKLLLLLKKLGGGYTLSDRSHNPFN,saure,ATCC 25923,2.681369438,0.428356655,development,3,DBAASP
DBAASPS_21980,WRLWWWRRW,saure,ATCC 25923,2.613007378,0.417140636,development,4,DBAASP
DBAASPS_21981,WRRLWWWRW,saure,ATCC 25923,5.226014748,0.718170631,development,4,DBAASP
DBAASPS_21982,LWWRWWRWR,saure,ATCC 25923,2.613007378,0.417140636,development,2,DBAASP
DBAASPS_21983,LWRRWRWWW,saure,ATCC 25923,5.226014748,0.718170631,development,3,DBAASP
DBAASPS_21984,SLRLLWSLLLRWW,saure,ATCC 25923,146.9454845,2.167156245,development,5,DBAASP
DBAASPS_21985,SLRLLWSLLLRWWGGGYTLSDRSHNPFN,saure,ATCC 25923,76.51353231,1.883738252,development,5,DBAASP
DBAASPS_21986,YTLSDRSHNPFNGGGSLRLLWSLLLRWW,saure,ATCC 25923,76.51353231,1.883738252,development,1,DBAASP
DBAASPS_21991,RLRLRRLLL,saure,ATCC 25923,77.28576,1.888099482,development,2,DBAASP
DBAASPS_22018,RFLRKIRRFR,saure,ATCC 25923,172.6759174,2.237231772,development,1,DBAASP
DBAASPS_22020,RLLLLRRLR,saure,ATCC 25923,77.28576,1.888099482,development,1,DBAASP
DBAASPS_22021,LRRRRLLLL,saure,ATCC 25923,77.28576,1.888099482,development,5,DBAASP
DBAASPS_22022,LRRLRLLRL,saure,ATCC 25923,77.28576,1.888099482,development,3,DBAASP
DBAASPS_22060,KWKKNWTKIIQGFLKGGIGTILNLKKK,saure,ATCC 25923,10.016905,1.000733555,development,3,DBAASP
DBAASPS_22061,GWKDFKKTIKKLLRGASRLLKF,saure,ATCC 25923,5.016607799,0.700410149,development,3,DBAASP
DBAASPS_22062,LKKLKWLAHRLKGMLKKYLKPTAASS,saure,ATCC 25923,20.03852298,1.301865707,development,4,DBAASP
DBAASPS_22083,PRPRPPR,saure,ATCC 25923,1.862535002,0.270104443,development,5,DBAASP
DBAASPR_22165,ALWKTLLKKVGKVAGKAVLNAVTNMANQNEQ,saure,ATCC 25923,21.06745301,1.323612034,development,3,DBAASP
DBAASPR_22166,ALWKTLLKKVGKVAGKAVLNAVTNMANQN,saure,ATCC 25923,4.938863997,0.693627067,development,2,DBAASP
DBAASPR_22201,FLPLLAGLAASFLPTIFCKISRKC,saure,ATCC 25923,2.394399896,0.379196685,development,1,DBAASP
DBAASPS_22223,PAWRKAFRWAKRMLKKAA,saure,ATCC 25923,2.441791002,0.387708489,development,3,DBAASP
DBAASPS_22224,AWRKAFRWAKRMLKKAA,saure,ATCC 25923,4.882187,0.68861441,development,4,DBAASP
DBAASPS_22225,WRKAFRWAKRMLKKAA,saure,ATCC 25923,4.923864397,0.692306084,development,4,DBAASP
DBAASPS_22226,RKAFRWAKRMLKKAA,saure,ATCC 25923,7.275020995,0.861834251,development,2,DBAASP
DBAASPS_22227,KAFRWAKRMLKKAA,saure,ATCC 25923,18.80119899,1.274185546,development,5,DBAASP
DBAASPS_22228,WRKAFRWAKRMLKKA,saure,ATCC 25923,7.526014002,0.876565022,development,4,DBAASP
DBAASPS_22229,WRKAFRWAKRMLKK,saure,ATCC 25923,7.446855006,0.871972898,development,3,DBAASP
DBAASPS_22230,WRKAFRWAKRMLK,saure,ATCC 25923,78.33188001,1.89393855,development,2,DBAASP
DBAASPS_22231,WRKAFRWAKRML,saure,ATCC 25923,158.50464,2.20004198,development,4,DBAASP
DBAASPS_22232,WRKAFRWAKRM,saure,ATCC 25923,161.4826501,2.208125868,development,4,DBAASP
DBAASPS_22233,WRKAFRWAKR,saure,ATCC 25923,154.7403002,2.189603435,development,4,DBAASP
DBAASPS_22234,WRKFRWKRMLKK,saure,ATCC 25923,19.44018999,1.288700505,development,3,DBAASP
DBAASPS_22235,WRFRWKRMLK,saure,ATCC 25923,9.952403997,0.997927997,development,3,DBAASP
DBAASPS_22236,WRFRWRMLK,saure,ATCC 25923,9.927072005,0.996821172,development,2,DBAASP
DBAASPS_22237,WRFRWRMK,saure,ATCC 25923,9.99823999,0.999923557,development,2,DBAASP
DBAASPS_22238,WRFRWRK,saure,ATCC 25923,9.98272,0.99924889,development,2,DBAASP
DBAASPS_22239,WRFRWRW,saure,ATCC 25923,2.502023999,0.398291471,development,2,DBAASP
DBAASPS_22240,WFKRRWKRMLKK,saure,ATCC 25923,24.74206001,1.393435856,development,3,DBAASP
DBAASPS_22241,RFKRWWKRMLKK,saure,ATCC 25923,19.44018999,1.288700505,development,1,DBAASP
DBAASPS_22280,WWKKWWKKWWK,saure,ATCC 25923,44.53100001,1.648662448,development,4,DBAASP
DBAASPS_22283,KVLGRLVKVLGRLA,saure,ATCC 25923,42.05113671,1.62377774,development,2,DBAASP
DBAASPS_22284,KVLGRLVKVLGRAV,saure,ATCC 25923,42.44229748,1.627798885,development,3,DBAASP
DBAASPS_22285,KVLGRLVKVLGALV,saure,ATCC 25923,21.84447095,1.339341531,development,2,DBAASP
DBAASPS_22286,KVLGRLVKVLARLV,saure,ATCC 25923,5.114967917,0.708842914,development,4,DBAASP
DBAASPS_22287,KVLGRLVKVAGRLV,saure,ATCC 25923,42.44229748,1.627798885,development,4,DBAASP
DBAASPS_22288,KVLGRLVKALGRLV,saure,ATCC 25923,42.05113671,1.62377774,development,2,DBAASP
DBAASPS_22289,KVLGRLVAVLGRLV,saure,ATCC 25923,10.71728814,1.030084907,development,2,DBAASP
DBAASPS_22290,KVLGRLAKVLGRLV,saure,ATCC 25923,21.02556834,1.322747744,development,1,DBAASP
DBAASPS_22291,KVLGRAVKVLGRLV,saure,ATCC 25923,42.44229748,1.627798885,development,2,DBAASP
DBAASPS_22292,KVLGALVKVLGRLV,saure,ATCC 25923,5.461117741,0.73728154,development,3,DBAASP
DBAASPS_22293,KVLARLVKVLGRLV,saure,ATCC 25923,2.557483962,0.407812919,development,5,DBAASP
DBAASPS_22294,KVAGRLVKVLGRLV,saure,ATCC 25923,42.44229748,1.627798885,development,5,DBAASP
DBAASPS_22295,KALGRLVKVLGRLV,saure,ATCC 25923,21.02556834,1.322747744,development,3,DBAASP
DBAASPS_22296,AVLGRLVKVLGRLV,saure,ATCC 25923,10.71728814,1.030084907,development,3,DBAASP
DBAASPS_22311,FLWKLIPGAISAVTSLIKK,saure,ATCC 25923,7.671638235,0.884888115,development,4,DBAASP
DBAASPS_22312,FLWKLIPKAISAVTSLIKK,saure,ATCC 25923,3.709325601,0.569294957,development,1,DBAASP
DBAASPS_22313,FLWKLIPKAIKAVTSLIKK,saure,ATCC 25923,1.819983451,0.260067439,development,1,DBAASP
DBAASPS_22314,FLWKLIPKAIKKVTSLIKK,saure,ATCC 25923,3.547801672,0.549959334,development,5,DBAASP
DBAASPS_22315,FLWKLIPKAIKKVKSLIKK,saure,ATCC 25923,1.752858762,0.243746924,development,5,DBAASP
DBAASPS_22316,FLWKLIPKAIKKVKKLIKK,saure,ATCC 25923,3.443700519,0.537025376,development,1,DBAASP
DBAASPS_22317,FLWKLIKKAIKKVKKLIKK,saure,ATCC 25923,13.59307559,1.133317732,development,2,DBAASP
DBAASPS_22386,IINVLTSIVTPIKNQLDKYQ,saure,ATCC 25923,27.81733323,1.444315493,development,2,DBAASP
DBAASPS_22387,KDNLKTIIVTAIKNILDKYQ,saure,ATCC 25923,3.43085366,0.535402194,development,3,DBAASP
DBAASPS_22388,IKNVLKSIVTPAKNQLDKYQ,saure,ATCC 25923,27.81729569,1.444314907,development,4,DBAASP
DBAASPS_22389,IIKDLLKIVTPIANQLIKYQ,saure,ATCC 25923,6.882088134,0.83772023,development,1,DBAASP
DBAASPS_22390,IINKDTLKVIPIKAQLDIYQ,saure,ATCC 25923,55.0110564,1.740449985,development,5,DBAASP
DBAASPS_22391,IINVKTSLKTIIKNALDKIQ,saure,ATCC 25923,3.549632908,0.550183442,development,1,DBAASP
DBAASPS_22392,IINVLKSILKPIKNQADKYI,saure,ATCC 25923,13.84180823,1.141192828,development,1,DBAASP
DBAASPS_22394,GIFSKLAPKKIKNLLISGLKG,saure,ATCC 25923,222.9849998,2.348275649,development,5,DBAASP
DBAASPS_22482,RRKWWW,saure,ATCC 25923,65.10400397,1.813607699,development,1,DBAASP
DBAASPS_22495,RRRRKWWWW,saure,ATCC 25923,12.126801,1.083746251,development,5,DBAASP
DBAASPS_22497,RRKWW,saure,ATCC 25923,106.3718401,2.026826672,development,5,DBAASP
DBAASPS_22498,RRRRKWWW,saure,ATCC 25923,10.63703999,1.026820792,development,4,DBAASP
DBAASPS_22499,RRRRKWWWWW,saure,ATCC 25923,13.61656,1.134067404,development,4,DBAASP
DBAASPS_22500,RRRRRRKWWWWW,saure,ATCC 25923,32.2312,1.508276475,development,5,DBAASP
DBAASPS_22501,RRRRRRKWWWWWW,saure,ATCC 25923,70.42143993,1.847704901,development,4,DBAASP
DBAASPS_22502,RRRRRRKWWWWWWW,saure,ATCC 25923,19.09512,1.280922392,development,4,DBAASP
DBAASPS_22504,WWKRR,saure,ATCC 25923,106.3718401,2.026826672,development,1,DBAASP
DBAASPS_22505,WWKRRR,saure,ATCC 25923,126.3641601,2.101623915,development,2,DBAASP
DBAASPS_22506,WWWWKRRR,saure,ATCC 25923,10.87728,1.036520308,development,3,DBAASP
DBAASPS_22507,WWWWKRRRR,saure,ATCC 25923,12.126801,1.083746251,development,4,DBAASP
DBAASPS_22508,WWWWKRRRRR,saure,ATCC 25923,13.37632001,1.12633665,development,1,DBAASP
DBAASPS_22509,WWWWWWKRRRRR,saure,ATCC 25923,16.35583998,1.213672853,development,1,DBAASP
DBAASPS_22510,WWWWWWKRRRRRR,saure,ATCC 25923,17.60536,1.24564491,development,2,DBAASP
DBAASPS_22511,WWWWWWKRRRRRRR,saure,ATCC 25923,75.41951999,1.877483764,development,3,DBAASP
DBAASPS_22560,LLKLLKKLL,saure,ATCC 25923,7.397174792,0.869065881,development,4,DBAASP
DBAASPS_22561,PLKLLKKLL,saure,ATCC 25923,60.06844355,1.778646379,development,4,DBAASP
DBAASPS_22562,ILKLLKKLL,saure,ATCC 25923,3.698587393,0.568035885,development,5,DBAASP
DBAASPS_22563,VLKLLKKLL,saure,ATCC 25923,59.95500493,1.777825443,development,3,DBAASP
DBAASPS_22564,WLKLLKKLL,saure,ATCC 25923,6.929119895,0.840678076,development,2,DBAASP
DBAASPS_22565,YLKLLKKLL,saure,ATCC 25923,28.28077841,1.451491359,development,1,DBAASP
DBAASPS_22566,FLKLLKKLLFLKLLKKLL,saure,ATCC 25923,14.45996278,1.160167175,development,5,DBAASP
DBAASPS_22631,GLLKKLLKKI,saure,ATCC 25923,74.02240001,1.869363162,development,1,DBAASP
DBAASPS_22632,GLLKKLLKKLLKKI,saure,ATCC 25923,13.1302395,1.118272648,development,1,DBAASP
DBAASPS_22633,GLLKKLLKKLLKKLLKKI,saure,ATCC 25923,8.503839504,0.929615055,development,3,DBAASP
DBAASPS_22634,GFFKKFFKKI,saure,ATCC 25923,41.36575696,1.616640976,development,2,DBAASP
DBAASPS_22635,GFFKKFFKKFFKKI,saure,ATCC 25923,14.76319901,1.169180474,development,5,DBAASP
DBAASPS_22636,GFFKKFFKKFFKKFFKKI,saure,ATCC 25923,19.18496,1.282960898,development,1,DBAASP
DBAASPS_22637,GWWKKWWKKWWKKI,saure,ATCC 25923,8.318559992,0.920048153,development,2,DBAASP
DBAASPS_22638,GWWKKWWKKWWKKWWKKI,saure,ATCC 25923,21.68352,1.336129785,development,2,DBAASP
DBAASPS_22639,GWWKKWWKKI,saure,ATCC 25923,5.795360001,0.763080419,development,2,DBAASP
DBAASPS_22748,KKCKFLCKVKKKLKSVGLQISMGI,saure,ATCC 25923,37.62477002,1.575473854,development,5,DBAASP
DBAASPS_22749,RRAGRSRGRSRGRPPGRPRLPGLNNPIAGIPGRK,saure,ATCC 25923,184.4174999,2.26580213,development,4,DBAASP
DBAASPS_22792,YGRKKRRQRRRKRIVQRIKDFLR,saure,ATCC 25923,5.138474693,0.710834222,development,4,DBAASP
DBAASPS_22822,WVKKVARKVVKIGRKVAR,saure,ATCC 25923,117.8304095,2.071257387,development,1,DBAASP
DBAASPR_22897,FLPFLGKLFSGIF,saure,ATCC 25923,11.88695999,1.075070801,development,3,DBAASP
DBAASPS_22912,GFGCPWNRYQCHSHSRSIGRLGGYCAGSLRLTCTSYRS,saure,ATCC 25923,15.09873257,1.178940493,development,1,DBAASP
DBAASPS_22913,GFGSPWNRYQCHSHCRSIGRLGGYSAGSLRLTCTCYRS,saure,ATCC 25923,15.09873257,1.178940493,development,2,DBAASP
DBAASPS_22914,GFGCPWNRYQSHSHCRSIGRLGGYCAGSLRLTSTCYRS,saure,ATCC 25923,15.09873257,1.178940493,development,3,DBAASP
DBAASPS_22998,GGGKRIVQRIKDFLR,saure,ATCC 25923,4.589555003,0.661770579,development,2,DBAASP
DBAASPS_22999,KRIVQRIKDFLRGGGK,saure,ATCC 25923,4.275188586,0.630955277,development,1,DBAASP
DBAASPS_23078,SAGFVSLVCRGCRWRRRRRRLRIVR,saure,ATCC 25923,38.94787603,1.590483779,development,1,DBAASP
DBAASPS_23079,RRSGSRRCRCAWWRGVRCRRSPSRA,saure,ATCC 25923,19.14150001,1.281975968,development,1,DBAASP
DBAASPS_23080,FCDGISSVLGWCRYPHRRFRCTCR,saure,ATCC 25923,291.9500003,2.46530848,development,2,DBAASP
DBAASPS_23148,KLVFFKGFAWNVCVYRNGVRVCHRRAN,saure,ATCC 25923,13.85671999,1.141660441,development,2,DBAASP
DBAASPS_23149,KFFKGFAWNVCVYRNGVRVCHRRAN,saure,ATCC 25923,6.503779997,0.813165842,development,3,DBAASP
DBAASPS_23237,GFGCNGPWYEDDGRCHNHCKSIKGYKGGYCAKGGFVCKCY,saure,ATCC 25923,3.628124679,0.559682203,development,5,DBAASP
DBAASPS_23240,GFGCPWDEMQCHNHCKSIKGYKGGYCAKGGFVCKCY,saure,ATCC 25923,3.993355674,0.601337993,development,5,DBAASP
DBAASPS_23267,RWGRFLRKIRRFRRKDVT,saure,ATCC 25923,13.07756141,1.116526768,development,4,DBAASP
DBAASPS_23268,RWGRFLRKIRRFRRKDVTQ,saure,ATCC 25923,24.85369251,1.395390921,development,3,DBAASP
DBAASPS_23269,RWKYRVPPLRLKKR,saure,ATCC 25923,33.74883813,1.528258826,development,1,DBAASP
DBAASPS_23330,KKKKLKKILKKLFQFINQLDNQLQDIKQNK,saure,ATCC 25923,29.77303898,1.473823166,development,3,DBAASP
DBAASPS_23334,KKKKLKKILKKLFQFINQLDNQLQDIKKKK,saure,ATCC 25923,29.90199999,1.475700237,development,1,DBAASP
DBAASPS_23339,KKKKKLKKILKKLFQFINQLDNQLQDIKKKKK,saure,ATCC 25923,31.976799,1.504834987,development,1,DBAASP
DBAASPS_23428,IRIRPGRIRI,saure,ATCC 25923,159.8207999,2.2036333,development,3,DBAASP
DBAASPS_23429,RIRIRPGRIRIR,saure,ATCC 25923,49.95136299,1.698547343,development,2,DBAASP
DBAASPS_23430,IRIRIRPGRIRIRI,saure,ATCC 25923,14.29839999,1.155287442,development,3,DBAASP
DBAASPS_23431,KWKWKPGKWKWK,saure,ATCC 25923,54.11711996,1.733334676,development,1,DBAASP
DBAASPS_23432,FRFRPGRFRF,saure,ATCC 25923,44.30976003,1.646499398,development,5,DBAASP
DBAASPS_23433,RFRFRPGRFRFR,saure,ATCC 25923,27.15296001,1.43381718,development,1,DBAASP
DBAASPS_23435,FRFRFRPGRFRFRF,saure,ATCC 25923,3.982839999,0.60019286,development,4,DBAASP
DBAASPS_23476,FLFSLIKKAIGGLISAFK,saure,ATCC 25923,4.095336188,0.612289559,development,1,DBAASP
DBAASPS_23477,FLFSLRKAGGLISAFK,saure,ATCC 25923,72.92881401,1.862899151,development,1,DBAASP
DBAASPS_23478,FLFSLIRKAIGGLWSAFK,saure,ATCC 25923,1.94693741,0.28935199,development,1,DBAASP
DBAASPS_23627,VRRVVRVPRRPVRVVRRV,saure,ATCC 25923,36.06128,1.557041138,development,3,DBAASP
DBAASPS_23628,IRRIIRIPRRPIRIIRRI,saure,ATCC 25923,4.732140003,0.675057585,development,2,DBAASP
DBAASPS_23629,FRRFFRFPRRPFRFFRRF,saure,ATCC 25923,21.10583998,1.324402641,development,5,DBAASP
DBAASPS_23630,LRRLLRLPRRPLRLLRRL,saure,ATCC 25923,2.36607,0.374027589,development,5,DBAASP
DBAASPS_23631,IIRIIRRGGRRIIRII,saure,ATCC 25923,252.6144102,2.402458121,development,1,DBAASP
DBAASPS_23632,IIRIIRRPGRRIIRII,saure,ATCC 25923,257.7433797,2.411187519,development,1,DBAASP
DBAASPS_23633,FFRFFRRGGRRFFRFF,saure,ATCC 25923,71.86271997,1.856503651,development,5,DBAASP
DBAASPS_23634,FFRFFRRPGRRFFRFF,saure,ATCC 25923,36.57247999,1.563154411,development,3,DBAASP
DBAASPS_23635,LLRLLRRGGRRLLRLL,saure,ATCC 25923,31.57680099,1.49936813,development,1,DBAASP
DBAASPS_23636,LLRLLRRPGRRLLRLL,saure,ATCC 25923,32.21792202,1.508097526,development,3,DBAASP
DBAASPS_23637,GLRLLRRLLRRLLRLP,saure,ATCC 25923,8.054480993,0.906037561,development,1,DBAASP
DBAASPS_23703,VNFKLLSHSLLVTLRSHL,saure,ATCC 25923,12.03368982,1.080398813,development,2,DBAASP
DBAASPS_23710,FRPPIRRPPIRPPFYPPFRPPIRPPIFPPIRPPFRPP,saure,ATCC 25923,4.649063884,0.667365514,development,3,DBAASP
DBAASPR_23787,LIVAASLVYDFYTWIAKKVALLRIAKKVLYLARNA,saure,ATCC 25923,15.99987998,1.204116725,development,3,DBAASP
DBAASPS_23842,PMAKLLPRIKKKILAAAFK,saure,ATCC 25923,68.57120005,1.83614175,development,4,DBAASP
DBAASPS_23843,PMARNKPKILKRILAKIFK,saure,ATCC 25923,36.33584004,1.560335205,development,1,DBAASP
DBAASPS_23859,FLVKLIL,saure,ATCC 25923,295.8103157,2.471013315,development,3,DBAASP
DBAASPS_23860,FLVKLILKILRR,saure,ATCC 25923,41.33586727,1.616327054,development,4,DBAASP
DBAASPS_23861,FLVKLIKKILRR,saure,ATCC 25923,10.23563051,1.0101146,development,2,DBAASP
DBAASPS_23862,FLVKKIKKILRR,saure,ATCC 25923,162.1235878,2.209846206,development,3,DBAASP
DBAASPS_23986,KRIVRRIKIFLR,saure,ATCC 25923,50.06068985,1.69949683,development,4,DBAASP
DBAASPS_24149,ARWVRRVLKKKMV,saure,ATCC 25923,214.0403099,2.330495571,development,2,DBAASP
DBAASPS_24150,ARWVRRVLKKVMK,saure,ATCC 25923,26.75504002,1.427405605,development,5,DBAASP
DBAASPS_24164,ILGRIWKGIKDIL,saure,ATCC 25923,9.537188007,0.979420344,development,5,DBAASP
DBAASPS_24166,ILGRIFKGIKDIL,saure,ATCC 25923,18.586374,1.269194672,development,5,DBAASP
DBAASPS_24167,ILGRIVKGIKDIL,saure,ATCC 25923,71.94300003,1.856988544,development,5,DBAASP
DBAASPS_24168,ILGKIWKGIKDIL,saure,ATCC 25923,149.894,2.175784249,development,5,DBAASP
DBAASPS_24199,WRIRRRWPRLPRPRWRPLPFPRPGPRP,saure,ATCC 25923,56.90192004,1.755126921,development,1,DBAASP
DBAASPS_24200,WRIRRRWPRLPRPRWRPRFPPP,saure,ATCC 25923,48.571682,1.686383143,development,5,DBAASP
DBAASPS_24201,WRIRRRWPRLPRPRWRPRFPPPFPIPR,saure,ATCC 25923,58.34400006,1.765996201,development,5,DBAASP
DBAASPS_24202,WRIRRRWPRLPRPRWRPWFPPR,saure,ATCC 25923,24.99863998,1.397916382,development,1,DBAASP
DBAASPS_24203,WRIRRRWPRLPRPRWRPWFPPRFPIPR,saure,ATCC 25923,14.9424,1.174420358,development,4,DBAASP
DBAASPS_24207,RCWKRWWRWWKRCWR,saure,ATCC 25923,0.525462266,-0.279458466,development,3,DBAASP
dbaasp_17654,GALKRAKTAL,saure,ATCC 25923,511.6818355,2.709,heldout_test,-1,DBAASP
dbaasp_9110,FLKGIVGKLGKLF,saure,ATCC 25923,5.997910763,0.778,heldout_test,-1,DBAASP
dbaasp_3714,GILSGILGVGKKLVCGLSGLC,saure,ATCC 25923,2.944421634,0.469,heldout_test,-1,DBAASP
dbAMP_10445,RGRKSSRRK,saure,ATCC 25923,89.94975815,1.954,heldout_test,-1,dbAMP
dbaasp_629,GGLRSLGRKILRAWKKYG,saure,ATCC 25923,1.99986187,0.301,heldout_test,-1,DBAASP
dbaasp_4232,GLLSTFKNLATNVAGTVIDTLKCKVTGGCRT,saure,ATCC 25923,79.9834255,1.903,heldout_test,-1,DBAASP
dbaasp_16764,LNLKAALAVAKKIL,saure,ATCC 25923,31.9889511,1.505,heldout_test,-1,DBAASP
dbaasp_10287,FRRFFKWFRRPFKFF,saure,ATCC 25923,5.00034535,0.699,heldout_test,-1,DBAASP
dbaasp_18381,RWGRWLRKIRRWRPKC,saure,ATCC 25923,3.580964371,0.554,heldout_test,-1,DBAASP
dbaasp_11835,GIGKFLKKAKKFGKAFV,saure,ATCC 25923,17.29816359,1.238,heldout_test,-1,DBAASP
dbaasp_3658,IIPFVAGVAAEMMEHVYCAASKKC,saure,ATCC 25923,8.7096359,0.94,heldout_test,-1,DBAASP
dbaasp_12764,SRRYKKFRWKFKGRWFWFG,saure,ATCC 25923,6.039486294,0.781,heldout_test,-1,DBAASP
dbaasp_4149,GIGTKFLGGVKTALKGALKELASTYVN,saure,ATCC 25923,1.729816359,0.238,heldout_test,-1,DBAASP
dbaasp_3828,AAFRGCWTKNYSPKPCL,saure,ATCC 25923,51.52286446,1.712,heldout_test,-1,DBAASP
dbaasp_7077,RRRWWKLMM,saure,ATCC 25923,5.495408739,0.74,heldout_test,-1,DBAASP
dbaasp_19944,WRQWRQWRQWRQWRQ,saure,ATCC 25923,31.9889511,1.505,heldout_test,-1,DBAASP
dbaasp_18993,GLLSRLRDFLSDRGRRLGEKIERIGQKIKDLSERFQS,saure,ATCC 25923,0.001790606,-2.747,heldout_test,-1,DBAASP
dbaasp_3646,FIFPKKNIINSLFGR,saure,ATCC 25923,9.015711376,0.955,heldout_test,-1,DBAASP
dbaasp_7631,KLAKLAKKLAKLAK,saure,ATCC 25923,5.997910763,0.778,heldout_test,-1,DBAASP
dbAMP_25024,WKLFKKILKYL,saure,ATCC 25923,50.0034535,1.699,heldout_test,-1,dbAMP
dbaasp_1560,RIWVIWRR,saure,ATCC 25923,1.713957308,0.234,heldout_test,-1,DBAASP
dbaasp_13693,WRVRWKVRWRVK,saure,ATCC 25923,1.99986187,0.301,heldout_test,-1,DBAASP
dbaasp_12856,KKINNTILSGLDSVASFS,saure,ATCC 25923,136.4583137,2.135,heldout_test,-1,DBAASP
dbaasp_3586,FLPILGNLLSGLL,saure,ATCC 25923,50.0034535,1.699,heldout_test,-1,DBAASP
dbaasp_19522,ASVVKKLTKKVAGLLK,saure,ATCC 25923,127.9381304,2.107,heldout_test,-1,DBAASP
dbaasp_16774,GNLKALAAVAKKIL,saure,ATCC 25923,127.9381304,2.107,heldout_test,-1,DBAASP
dbaasp_17309,FMSVAKTILKRLFRVYAHIY,saure,ATCC 25923,3.999447498,0.602,heldout_test,-1,DBAASP
dbaasp_6913,LQKYYCRVRGGRCAVLS,saure,ATCC 25923,102.3292992,2.01,heldout_test,-1,DBAASP
dbaasp_18123,KWKSFLKTKKSAKKTVLHTALKAISS,saure,ATCC 25923,85.90135215,1.934,heldout_test,-1,DBAASP
dbaasp_3820,GMASTAGSVLGKLAKAVAIGAL,saure,ATCC 25923,199.986187,2.301,heldout_test,-1,DBAASP
dbaasp_13668,WFKIIKK,saure,ATCC 25923,1059.253725,3.025,heldout_test,-1,DBAASP
dbAMP_19516,LRLKKRRWKYRVPF,saure,ATCC 25923,6.486344335,0.812,heldout_test,-1,dbAMP
dbaasp_18816,RWIRIPGRWIRI,saure,ATCC 25923,12.70574105,1.104,heldout_test,-1,DBAASP
dbaasp_15608,GWLRDFGKRIERTGQNIRDATIQTIGIAQEAANVAATLKG,saure,ATCC 25923,237.1373706,2.375,heldout_test,-1,DBAASP
dbaasp_18174,FVQWFSKLLGRIL,saure,ATCC 25923,14.99684836,1.176,heldout_test,-1,DBAASP
dbaasp_16528,RRWQWRMKKLGA,saure,ATCC 25923,3.126079367,0.495,heldout_test,-1,DBAASP
dbaasp_10042,KWKLFKKIRGGRLCYCRRRFCVCV,saure,ATCC 25923,10.66596121,1.028,heldout_test,-1,DBAASP
dbaasp_16526,PAWFKARRWAWRMLKKAA,saure,ATCC 25923,2.21819642,0.346,heldout_test,-1,DBAASP
dbaasp_4418,FLPILASLAAKFGPKLFSLVTKKS,saure,ATCC 25923,2.999162519,0.477,heldout_test,-1,DBAASP
dbaasp_10744,GFMGDTLKGIARNAALALMNAAQCKLSGKC,saure,ATCC 25923,13.18256739,1.12,heldout_test,-1,DBAASP
dbaasp_13636,KWGKKWGKKWGK,saure,ATCC 25923,63.97348355,1.806,heldout_test,-1,DBAASP
dbaasp_3680,GLLDTIKNMALNAAKSAGVSVLNSLSCKLSKTC,saure,ATCC 25923,3.630780548,0.56,heldout_test,-1,DBAASP
dbaasp_10399,RNFFKRIRRAGKRIRKAIISAAPAVETLAQAQKIIKGGD,saure,ATCC 25923,5.00034535,0.699,heldout_test,-1,DBAASP
dbaasp_18129,KWKSKLKTFKSLKKTVLHTALKAISS,saure,ATCC 25923,21.67704105,1.336,heldout_test,-1,DBAASP
dbaasp_4559,SGIQPEQHSS,saure,ATCC 25923,100,2,heldout_test,-1,DBAASP
dbaasp_9984,FFHHIFRGIVHVGKKIHRLVKG,saure,ATCC 25923,0.950604794,-0.022,heldout_test,-1,DBAASP
dbaasp_268,KWKSFLKTFKSAKKTVLHTLLKAISS,saure,ATCC 25923,7.99834255,0.903,heldout_test,-1,DBAASP
dbaasp_12109,AAGKGLVSNLLEK,saure,ATCC 25923,48.97788194,1.69,heldout_test,-1,DBAASP
dbaasp_17303,RRGWARRLLRAFAFGRR,saure,ATCC 25923,29.99162519,1.477,heldout_test,-1,DBAASP
dbaasp_13775,KKWFRVYRGIYRRR,saure,ATCC 25923,15.99558029,1.204,heldout_test,-1,DBAASP
dbaasp_4918,GFKDLLKGAAKALVKAVLF,saure,ATCC 25923,2.999162519,0.477,heldout_test,-1,DBAASP
dbaasp_4156,GIGGVLLGAGKATLKGLAKVLAEKYAN,saure,ATCC 25923,7.244359601,0.86,heldout_test,-1,DBAASP
dbaasp_1202,RLARIVPIRVAR,saure,ATCC 25923,178.2378767,2.251,heldout_test,-1,DBAASP
dbaasp_16773,KNLKALLAVAKKIL,saure,ATCC 25923,63.97348355,1.806,heldout_test,-1,DBAASP
dbaasp_3442,GFGMALKLLKKVL,saure,ATCC 25923,3.133285724,0.496,heldout_test,-1,DBAASP
dbaasp_15889,RWKKIGWVWKWI,saure,ATCC 25923,1.99986187,0.301,heldout_test,-1,DBAASP
dbAMP_24947,ARRARKWARRALKLA,saure,ATCC 25923,2.999162519,0.477,heldout_test,-1,dbAMP
dbaasp_3476,FLSTLWNAAKSIF,saure,ATCC 25923,10,1,heldout_test,-1,DBAASP
dbaasp_19572,KLLKKLLKLLKKLLK,saure,ATCC 25923,25.00345362,1.398,heldout_test,-1,DBAASP
dbaasp_10245,FIHHIIGALGHLF,saure,ATCC 25923,6.807693587,0.833,heldout_test,-1,DBAASP
dbaasp_9289,ICHHCI,saure,ATCC 25923,724.4359601,2.86,heldout_test,-1,DBAASP
dbaasp_4560,EQHSSGKSDV,saure,ATCC 25923,100,2,heldout_test,-1,DBAASP
dbaasp_19607,ARARRRRFRARA,saure,ATCC 25923,127.9381304,2.107,heldout_test,-1,DBAASP
dbaasp_7049,RLWWWWRRK,saure,ATCC 25923,2.098939884,0.322,heldout_test,-1,DBAASP
dbaasp_3738,DANVENGEDAEDLTDKFIGLMG,saure,ATCC 25923,85.70378452,1.933,heldout_test,-1,DBAASP
dbaasp_16358,KRIVQRIKDFLRAGPRRWWRW,saure,ATCC 25923,0.71285303,-0.147,heldout_test,-1,DBAASP
dbAMP_25339,GFFGKRKEYFKKFGASFKRRFANLKKRL,saure,ATCC 25923,29.10717118,1.464,heldout_test,-1,dbAMP
dbaasp_10154,FKAFRWAWRWKKLAAPS,saure,ATCC 25923,0.937562007,-0.028,heldout_test,-1,DBAASP
dbaasp_4154,GIGGKILGGLRTALKGAAKELAATYLH,saure,ATCC 25923,1.766037821,0.247,heldout_test,-1,DBAASP
dbaasp_18378,RWRWRKRRWRKGLIP,saure,ATCC 25923,3.749730022,0.574,heldout_test,-1,DBAASP
dbaasp_7010,KIFGAIWPLALGALKNLIK,saure,ATCC 25923,3.999447498,0.602,heldout_test,-1,DBAASP
dbaasp_17241,FLKDLKKLL,saure,ATCC 25923,116.4126029,2.066,heldout_test,-1,DBAASP
dbaasp_18613,LKLLKKLL,saure,ATCC 25923,134.5860354,2.129,heldout_test,-1,DBAASP
dbaasp_7878,VDKPPYLPRPRPPRRIYNH,saure,ATCC 25923,27.16439269,1.434,heldout_test,-1,DBAASP
dbaasp_194,YVLAKRKRAIFI,saure,ATCC 25923,199.986187,2.301,heldout_test,-1,DBAASP
dbAMP_17006,GRKLWRKWLKRWLP,saure,ATCC 25923,3.999447498,0.602,heldout_test,-1,dbAMP
dbAMP_25152,FLWWLFKWAWK,saure,ATCC 25923,26.97739432,1.431,heldout_test,-1,dbAMP
dbaasp_1724,ILRRVRVRAVAI,saure,ATCC 25923,178.2378767,2.251,heldout_test,-1,DBAASP
dbaasp_17682,WRIWRIWRIWRI,saure,ATCC 25923,3.999447498,0.602,heldout_test,-1,DBAASP
dbaasp_5582,CVYAYVRVRGVLVRYRRCW,saure,ATCC 25923,8.994975815,0.954,heldout_test,-1,DBAASP
dbaasp_5351,GLFDIIKKIAESFKFSEAIKKIIDFLG,saure,ATCC 25923,127.9381304,2.107,heldout_test,-1,DBAASP
dbaasp_1450,KWKSFLKTFKVAVKTVLHTALKAISS,saure,ATCC 25923,5.495408739,0.74,heldout_test,-1,DBAASP
dbaasp_13730,RECRIGNGQCKNQCHENEIRIAYCIRPGTHCCLQQ,saure,ATCC 25923,6.165950019,0.79,heldout_test,-1,DBAASP
dbaasp_17808,YEESQAELEGSLK,saure,ATCC 25923,213.3044913,2.329,heldout_test,-1,DBAASP
dbaasp_12765,GIGKFSKKGAAARRRKVSLKAL,saure,ATCC 25923,220.2926463,2.343,heldout_test,-1,DBAASP
dbaasp_3893,LLGMIPLAISAISALSKL,saure,ATCC 25923,7.99834255,0.903,heldout_test,-1,DBAASP
dbaasp_17027,ILGTILGLLKNL,saure,ATCC 25923,7.99834255,0.903,heldout_test,-1,DBAASP
dbaasp_16004,GSVIRALMRMFARLVG,saure,ATCC 25923,36.39150361,1.561,heldout_test,-1,DBAASP
dbaasp_18656,FIHIIGGLFSAGKAIHRLIRRRRR,saure,ATCC 25923,11.29795915,1.053,heldout_test,-1,DBAASP
dbaasp_7068,LKRRWKWWI,saure,ATCC 25923,2.398832919,0.38,heldout_test,-1,DBAASP
dbaasp_14028,IHHIHHIIHHIHHIIHHIHHIIHHIHHI,saure,ATCC 25923,63.97348355,1.806,heldout_test,-1,DBAASP
dbaasp_18130,KWKSKLKTFKSLKKTVLHTLKKAISS,saure,ATCC 25923,10.61695557,1.026,heldout_test,-1,DBAASP
dbaasp_11468,LNLKALLAVAKKIL,saure,ATCC 25923,3.999447498,0.602,heldout_test,-1,DBAASP
dbaasp_15,DSHAKRHHGYKRKFHEKHHSHRGY,saure,ATCC 25923,132.4341535,2.122,heldout_test,-1,DBAASP
dbaasp_10742,FFGPLIKIATGVLPNLICKALGKC,saure,ATCC 25923,59.97910763,1.778,heldout_test,-1,DBAASP
dbaasp_11837,GKFLKKAKKFGKAFVKI,saure,ATCC 25923,133.3521432,2.125,heldout_test,-1,DBAASP
dbaasp_10488,FFGWLIKGAIHAPKAIHPLIHRRRH,saure,ATCC 25923,2.999162519,0.477,heldout_test,-1,DBAASP
dbaasp_20055,GWWRRRWWG,saure,ATCC 25923,3.999447498,0.602,heldout_test,-1,DBAASP
dbaasp_3153,KLLKVIKKLL,saure,ATCC 25923,7.638357836,0.883,heldout_test,-1,DBAASP
dbaasp_12770,ASHLGHHALDHLLK,saure,ATCC 25923,8165.823714,3.912,heldout_test,-1,DBAASP
dbaasp_20057,LWWRRRWWL,saure,ATCC 25923,3.999447498,0.602,heldout_test,-1,DBAASP
dbaasp_18818,RWFRFPGRWFRF,saure,ATCC 25923,1.99986187,0.301,heldout_test,-1,DBAASP
dbaasp_14973,IRIRIRPIRIRIRP,saure,ATCC 25923,3.999447498,0.602,heldout_test,-1,DBAASP
dbaasp_705,GIWKTIKSMGKVFAGAIKQNL,saure,ATCC 25923,100,2,heldout_test,-1,DBAASP
dbAMP_04206,GVCRCLCRRGVCRCLCRR,saure,ATCC 25923,4.477133042,0.651,heldout_test,-1,dbAMP
DRAMP01957,GLLDSFKNAMIGIAKSAGKTALNKIACKIDKTC,saure,ATCC 25923,71.9448978,1.857,heldout_test,-1,DRAMP
dbaasp_3132,LLKRIKTLL,saure,ATCC 25923,55.59042573,1.745,heldout_test,-1,DBAASP
dbaasp_19938,WRTWRTWRTWRTWRT,saure,ATCC 25923,3.999447498,0.602,heldout_test,-1,DBAASP
dbAMP_16998,WKKAWKPGAKKWAK,saure,ATCC 25923,127.9381304,2.107,heldout_test,-1,dbAMP
dbaasp_14237,RWRWWWRWRV,saure,ATCC 25923,3.999447498,0.602,heldout_test,-1,DBAASP
dbaasp_17306,KKGWAKKLAFAFGKK,saure,ATCC 25923,29.99162519,1.477,heldout_test,-1,DBAASP
dbaasp_366,GKKYRRFWKFKGKWFWFWG,saure,ATCC 25923,390.8408958,2.592,heldout_test,-1,DBAASP
dbAMP_27599,KWLRWVRRRWW,saure,ATCC 25923,5.794286964,0.763,heldout_test,-1,dbAMP
dbaasp_17660,GFLKRFKTLF,saure,ATCC 25923,63.97348355,1.806,heldout_test,-1,DBAASP
dbaasp_3708,GVFTLIKGATQLIGKTLGKELGKTGLELMACKITEQC,saure,ATCC 25923,0.928966387,-0.032,heldout_test,-1,DBAASP
dbAMP_16442,LFWKLLLKALRLWAKVL,saure,ATCC 25923,3.819442708,0.582,heldout_test,-1,dbAMP
dbaasp_17355,KLAKLAKKLAKLAKKLAKLAK,saure,ATCC 25923,3.999447498,0.602,heldout_test,-1,DBAASP
dbaasp_3565,SLLGTVKDLLIGAGKSAAQSVLKGLSCKLSKDC,saure,ATCC 25923,19.0107828,1.279,heldout_test,-1,DBAASP
dbaasp_10076,KSRQWQWKIRRTWPIFSIRR,saure,ATCC 25923,23.60478233,1.373,heldout_test,-1,DBAASP
dbaasp_14036,GGHKWKLFKKIGAVLKVL,saure,ATCC 25923,1,0,heldout_test,-1,DBAASP
dbaasp_11085,KRFKKFFRKLKKSVKKRKKEFKKKPRVIKVSIPF,saure,ATCC 25923,3.732501578,0.572,heldout_test,-1,DBAASP
dbaasp_18383,SRWGRWLRKIRRWRPK,saure,ATCC 25923,3.60578643,0.557,heldout_test,-1,DBAASP
dbaasp_11572,RKCNFLCKVKNKLKSVGSKSLIGSATHHGIYRV,saure,ATCC 25923,20.51162179,1.312,heldout_test,-1,DBAASP
dbaasp_12900,KKAEVKTVGKLALKHWL,saure,ATCC 25923,7.99834255,0.903,heldout_test,-1,DBAASP
dbaasp_5604,INLKAITALAKKLL,saure,ATCC 25923,6.698846094,0.826,heldout_test,-1,DBAASP
dbaasp_16406,WIKIWKKIIKKWKK,saure,ATCC 25923,7.99834255,0.903,heldout_test,-1,DBAASP
dbaasp_16455,RIIDRLWRVRRPQKPKFVIVWVR,saure,ATCC 25923,0.004168694,-2.38,heldout_test,-1,DBAASP
dbaasp_12454,RWWWRR,saure,ATCC 25923,4.864072057,0.687,heldout_test,-1,DBAASP
dbaasp_19849,FLPIVAKELSGLL,saure,ATCC 25923,127.9381304,2.107,heldout_test,-1,DBAASP
dbaasp_6088,KWCFRVCYRGICYRKCR,saure,ATCC 25923,1,0,heldout_test,-1,DBAASP
dbaasp_10072,SRSEKAGLQFPVGRIGRMLKK,saure,ATCC 25923,5.00034535,0.699,heldout_test,-1,DBAASP
dbaasp_11542,GSGSGSGSLKKIFKKPMVIGVTIPF,saure,ATCC 25923,25.40972706,1.405,heldout_test,-1,DBAASP
dbaasp_5476,GILKTIKSIASKLKRKAK,saure,ATCC 25923,25.40972706,1.405,heldout_test,-1,DBAASP
dbAMP_11661,VARGWKRKCPLFGKGG,saure,ATCC 25923,7.99834255,0.903,heldout_test,-1,dbAMP
dbaasp_3216,AVWKFVKRV,saure,ATCC 25923,189.2343619,2.277,heldout_test,-1,DBAASP
dbaasp_6228,KWKLFKKIEKVGQRVRDAVISAGPAVATVAQATALAK,saure,ATCC 25923,0.406443329,-0.391,heldout_test,-1,DBAASP
dbaasp_6922,AVLSWLPKEEQIGKWSTRGRKWWRRKK,saure,ATCC 25923,88.51156098,1.947,heldout_test,-1,DBAASP
dbaasp_17668,KWQWKWQWK,saure,ATCC 25923,142.8893959,2.155,heldout_test,-1,DBAASP
dbaasp_5697,GVLDTLKNVAIGVAKGAGTGVLKALLCQLDKSC,saure,ATCC 25923,199.986187,2.301,heldout_test,-1,DBAASP
dbaasp_16918,KIAKRIWKILRRR,saure,ATCC 25923,36.39150361,1.561,heldout_test,-1,DBAASP
dbAMP_20711,WKKIWKPGIKKWIKK,saure,ATCC 25923,63.97348355,1.806,heldout_test,-1,dbAMP
dbaasp_1727,VRFRIRVAVIRA,saure,ATCC 25923,8.336811846,0.921,heldout_test,-1,DBAASP
dbaasp_8145,KKAKKFGKAFVK,saure,ATCC 25923,375.8374043,2.575,heldout_test,-1,DBAASP
dbaasp_4174,RTKRRIKLIKNGVKKVKDILKNNNIIILPGSNEK,saure,ATCC 25923,0.559757601,-0.252,heldout_test,-1,DBAASP
dbaasp_13581,VPKPPYLPRPRPPRRKYNR,saure,ATCC 25923,1.686553025,0.227,heldout_test,-1,DBAASP
dbaasp_3660,ILPFVAGVAAEMMEHVYCAASKKC,saure,ATCC 25923,10.28016298,1.012,heldout_test,-1,DBAASP
dbaasp_3770,GVGKFLHSAKKFGQALVSEIMKS,saure,ATCC 25923,100,2,heldout_test,-1,DBAASP
dbaasp_4922,GLLGKLLKIAAKVGSNLL,saure,ATCC 25923,2.999162519,0.477,heldout_test,-1,DBAASP
dbaasp_13692,WKIKWKIKWKIK,saure,ATCC 25923,1.99986187,0.301,heldout_test,-1,DBAASP
dbAMP_05282,KRIRFFERIRDRLRDLGNRIKNRIRDFFS,saure,ATCC 25923,1.563147643,0.194,heldout_test,-1,dbAMP
dbaasp_16329,ARWRFKWAKK,saure,ATCC 25923,55.20774393,1.742,heldout_test,-1,DBAASP
dbaasp_1677,SIRDKIKTIAIDLAKSAGMGILKTLICKLDKSC,saure,ATCC 25923,4.677351413,0.67,heldout_test,-1,DBAASP
dbaasp_12598,IIRRIRRII,saure,ATCC 25923,63.97348355,1.806,heldout_test,-1,DBAASP
dbaasp_16977,SRDSRPVQPRVQPPPPPPKQKPSIYDTPIRRPGGRKTMYA,saure,ATCC 25923,511.6818355,2.709,heldout_test,-1,DBAASP
dbaasp_3223,KVFLGLK,saure,ATCC 25923,50.93308711,1.707,heldout_test,-1,DBAASP
dbaasp_10051,GLFDIWAWWRWRR,saure,ATCC 25923,17.10015315,1.233,heldout_test,-1,DBAASP
dbaasp_2282,GVIKSVLKGVAKTVALGML,saure,ATCC 25923,12.5025903,1.097,heldout_test,-1,DBAASP
dbaasp_6752,RRWWRWWR,saure,ATCC 25923,1.823895702,0.261,heldout_test,-1,DBAASP
dbaasp_3689,SVMGTVKDLLIGAGKSAAQSVLKSLSCKISNDC,saure,ATCC 25923,2.844461107,0.454,heldout_test,-1,DBAASP
dbaasp_5135,VRRFPWWWPFLRR,saure,ATCC 25923,8.072350302,0.907,heldout_test,-1,DBAASP
dbaasp_18163,FWSTLLSIGKSLL,saure,ATCC 25923,4.698941086,0.672,heldout_test,-1,DBAASP
dbAMP_19507,LRLKKRRWTYRVPP,saure,ATCC 25923,13.48962883,1.13,heldout_test,-1,dbAMP
dbaasp_4397,LKLSPETKDTLKKVLKGAIKGAIAIASLA,saure,ATCC 25923,5.00034535,0.699,heldout_test,-1,DBAASP
dbaasp_3674,GLLDTFKNLALNAAESAGVSVLNSLSCKLSKTC,saure,ATCC 25923,2.985382619,0.475,heldout_test,-1,DBAASP
dbaasp_4620,FLPWFSKFLGRIL,saure,ATCC 25923,2.999162519,0.477,heldout_test,-1,DBAASP
dbaasp_9003,FFHHAFRGIVHVGKTIHRLVTG,saure,ATCC 25923,4.295364268,0.633,heldout_test,-1,DBAASP
dbaasp_99,TLLKKVLKAAA,saure,ATCC 25923,2.999162519,0.477,heldout_test,-1,DBAASP
dbaasp_10205,FLPLLAGLAANFLPTIICKIARKC,saure,ATCC 25923,37.49730022,1.574,heldout_test,-1,DBAASP
dbAMP_25442,SAVWRWRRFWLRKRK,saure,ATCC 25923,63.97348355,1.806,heldout_test,-1,dbAMP
dbaasp_3685,GLLDTIKNMALNAAKSAGVSVLNTLSCKLSKTC,saure,ATCC 25923,2.570395783,0.41,heldout_test,-1,DBAASP
dbaasp_10699,GIHHILKYGKPS,saure,ATCC 25923,31.9889511,1.505,heldout_test,-1,DBAASP
dbaasp_8144,LKKAKKFGKAFV,saure,ATCC 25923,380.1893963,2.58,heldout_test,-1,DBAASP
dbaasp_8869,KILGKLWKGVKSIF,saure,ATCC 25923,7.816278046,0.893,heldout_test,-1,DBAASP
dbaasp_7677,VCWRIRVAVIRA,saure,ATCC 25923,22.49054606,1.352,heldout_test,-1,DBAASP
dbaasp_2323,FLGALFKALSKLL,saure,ATCC 25923,1,0,heldout_test,-1,DBAASP
dbAMP_27598,KWLRRPWRRWR,saure,ATCC 25923,5.794286964,0.763,heldout_test,-1,dbAMP
dbaasp_3787,IKIPAVVKDTLKKVAKGVLSAVAGALTQ,saure,ATCC 25923,39.99447498,1.602,heldout_test,-1,DBAASP
dbaasp_14700,KILKRLAAKIKKIL,saure,ATCC 25923,31.9889511,1.505,heldout_test,-1,DBAASP
dbaasp_4194,DSMGAVKLAKLLIDKMKCEVTKAC,saure,ATCC 25923,16.98243652,1.23,heldout_test,-1,DBAASP
dbAMP_10852,RWGKWFKKATHVGKHVGKAALTAYL,saure,ATCC 25923,5.508076964,0.741,heldout_test,-1,dbAMP
dbaasp_10074,KARQWQSKIRRTNPIFAIRR,saure,ATCC 25923,25.52701303,1.407,heldout_test,-1,DBAASP
dbaasp_9124,GTFIKQQRKQKQQRHHTSGTRKRMAK,saure,ATCC 25923,20.32357011,1.308,heldout_test,-1,DBAASP
dbaasp_12591,FKKLKKLFSKLWNWK,saure,ATCC 25923,6.397348355,0.806,heldout_test,-1,DBAASP
dbaasp_1163,GILDAIKAIAKAAG,saure,ATCC 25923,6.095368972,0.785,heldout_test,-1,DBAASP
dbaasp_3670,LAFVAGVAAEMMQHVYCAASKKC,saure,ATCC 25923,5.140436516,0.711,heldout_test,-1,DBAASP
dbaasp_19525,AKVVNKLTGKVAGLLK,saure,ATCC 25923,127.9381304,2.107,heldout_test,-1,DBAASP
dbAMP_22057,LRLKKRRWKYRVPP,saure,ATCC 25923,6.652731562,0.823,heldout_test,-1,dbAMP
dbAMP_12047,WLLVNG,saure,ATCC 25923,187.4994508,2.273,heldout_test,-1,dbAMP
dbAMP_19494,LRLKKRLWKYRVPP,saure,ATCC 25923,54.45026528,1.736,heldout_test,-1,dbAMP
dbAMP_15873,FRIRVRVKWKLFKKI,saure,ATCC 25923,125.025903,2.097,heldout_test,-1,dbAMP
dbaasp_11370,KNVNSIVKIQAFFRARKAQDDYR,saure,ATCC 25923,3.999447498,0.602,heldout_test,-1,DBAASP
dbaasp_3139,GLLKNIKTLL,saure,ATCC 25923,63.09573445,1.8,heldout_test,-1,DBAASP
dbaasp_20012,AGLFKKLARAIKKGFKA,saure,ATCC 25923,2.564484037,0.409,heldout_test,-1,DBAASP
dbaasp_3133,LKRIKTLL,saure,ATCC 25923,32.06269325,1.506,heldout_test,-1,DBAASP
dbaasp_14037,VIHKWKLFKKIGAVLKVL,saure,ATCC 25923,1,0,heldout_test,-1,DBAASP
dbaasp_18048,LLPIVGNLLKSLLCWKRKRFC,saure,ATCC 25923,3.999447498,0.602,heldout_test,-1,DBAASP
dbAMP_25417,WRNGRWWRNGRW,saure,ATCC 25923,3.999447498,0.602,heldout_test,-1,dbAMP
dbaasp_8862,IDGLKAIWKKVADLLKNT,saure,ATCC 25923,72.44359601,1.86,heldout_test,-1,DBAASP
dbaasp_10286,FRRFFKWPRRFFKFF,saure,ATCC 25923,5.00034535,0.699,heldout_test,-1,DBAASP
dbaasp_94,KTLLKKVLKAAA,saure,ATCC 25923,5.997910763,0.778,heldout_test,-1,DBAASP
dbaasp_3704,GLFTLIKGAAKLIGKTTAKEAGKTGKLEMACKITNQC,saure,ATCC 25923,0.575439937,-0.24,heldout_test,-1,DBAASP
dbaasp_19615,RIRIRRRRFRIRIR,saure,ATCC 25923,3.999447498,0.602,heldout_test,-1,DBAASP
dbAMP_17001,WKKVWKPGVKKWVK,saure,ATCC 25923,127.9381304,2.107,heldout_test,-1,dbAMP
dbAMP_27575,LKKLLKLCKKLCKLAG,saure,ATCC 25923,1,0,heldout_test,-1,dbAMP
dbaasp_16355,RRIRIRPPRLPRPRPRPWFPPRFPIPRIPGKR,saure,ATCC 25923,3.999447498,0.602,heldout_test,-1,DBAASP
dbaasp_19125,GFFKKARRKVKKAFRRVL,saure,ATCC 25923,14.42115352,1.159,heldout_test,-1,DBAASP
dbaasp_8034,FLPGLIKAAVGIGSTIFCKISRKC,saure,ATCC 25923,3.097419299,0.491,heldout_test,-1,DBAASP
dbAMP_25329,GLFGKLIKKFLRKAISYAVKKARGKH,saure,ATCC 25923,1.462177174,0.165,heldout_test,-1,dbAMP
dbaasp_447,KWKLFKKIGAVLKVL,saure,ATCC 25923,1.99986187,0.301,heldout_test,-1,DBAASP
dbaasp_5856,EQLKKCWNNYVQGHCRKICRVNEVPEALCENGRYCCLNIK,saure,ATCC 25923,63.24118514,1.801,heldout_test,-1,DBAASP
dbaasp_2206,FLSHIAGFLSNLF,saure,ATCC 25923,10,1,heldout_test,-1,DBAASP
dbAMP_11361,SYVGDCGSNGGSCVSSYCPYGNRLNYFCPLGRTCCRRSY,saure,ATCC 25923,1,0,heldout_test,-1,dbAMP
dbaasp_5806,GAFGNFLKGVAKKAGLKILSIAQCKLFGTC,saure,ATCC 25923,2.037042078,0.309,heldout_test,-1,DBAASP
dbaasp_8147,AKKFGKAFVKIL,saure,ATCC 25923,192.3091729,2.284,heldout_test,-1,DBAASP
dbaasp_19355,ATPKMEQFLQKLMKRMARLKASAV,saure,ATCC 25923,9.057326009,0.957,heldout_test,-1,DBAASP
dbaasp_10650,LVKLVAGIKKFLKWK,saure,ATCC 25923,72.94575103,1.863,heldout_test,-1,DBAASP
dbaasp_5252,PRPLPFPRPGPRPIPRPLPFPRPGPRPI,saure,ATCC 25923,127.9381304,2.107,heldout_test,-1,DBAASP
dbaasp_13573,VDKPPYLPRPRWPRRIYNR,saure,ATCC 25923,6.501296903,0.813,heldout_test,-1,DBAASP
dbaasp_1891,FLSTLLNVASKVVPTLFCKITKKC,saure,ATCC 25923,8.994975815,0.954,heldout_test,-1,DBAASP
dbaasp_4730,FWGALAKGALKLIVGSLFSSFSKKD,saure,ATCC 25923,299.9162519,2.477,heldout_test,-1,DBAASP
dbaasp_18729,GILGKLWEGVKSIK,saure,ATCC 25923,25.00345362,1.398,heldout_test,-1,DBAASP
dbaasp_13673,RRLRKKTWKRLW,saure,ATCC 25923,127.9381304,2.107,heldout_test,-1,DBAASP
dbaasp_19604,FRFRRRRFRFRF,saure,ATCC 25923,3.999447498,0.602,heldout_test,-1,DBAASP
dbaasp_1552,RLWRIVVIRVAR,saure,ATCC 25923,1.315224832,0.119,heldout_test,-1,DBAASP
dbaasp_19578,IKKIIKIIKKIIKKI,saure,ATCC 25923,12.5025903,1.097,heldout_test,-1,DBAASP
dbaasp_5712,NLLGSLLKTGLKVGSNLL,saure,ATCC 25923,31.9889511,1.505,heldout_test,-1,DBAASP
dbaasp_5249,RRIRPRPPRLPRPRP,saure,ATCC 25923,127.9381304,2.107,heldout_test,-1,DBAASP
dbAMP_24649,KWKSFAKTFKSAKKTVAHTALKAISS,saure,ATCC 25923,2.10862815,0.324,heldout_test,-1,dbAMP
dbaasp_5469,GILKTIKSIASKVANTVQKLKRKAKNAV,saure,ATCC 25923,16.71090614,1.223,heldout_test,-1,DBAASP
dbaasp_3800,AALRGCWTKSIPPKPCSGKR,saure,ATCC 25923,5.794286964,0.763,heldout_test,-1,DBAASP
dbaasp_19284,GLLGKILGAGKKVLCGVSGLC,saure,ATCC 25923,15.99558029,1.204,heldout_test,-1,DBAASP
dbaasp_4864,FRRWWKWFK,saure,ATCC 25923,0.70307232,-0.153,heldout_test,-1,DBAASP
dbaasp_6754,WWRWRW,saure,ATCC 25923,4.73151259,0.675,heldout_test,-1,DBAASP
dbaasp_15840,RWKLFKKIEKVGRNVRDGLIKAGPAIAVIGQAKSLGK,saure,ATCC 25923,124.1652308,2.094,heldout_test,-1,DBAASP
dbaasp_20044,WWRRRWW,saure,ATCC 25923,7.99834255,0.903,heldout_test,-1,DBAASP
dbaasp_11885,WLNALKKVFQGIHEAIKLIWNHVQ,saure,ATCC 25923,3.999447498,0.602,heldout_test,-1,DBAASP
dbaasp_13984,LKMLGMLFHNIRNILKTV,saure,ATCC 25923,127.9381304,2.107,heldout_test,-1,DBAASP
dbaasp_2370,FFHHIFRGIVHVGKTIHRLVTG,saure,ATCC 25923,1.049542429,0.021,heldout_test,-1,DBAASP
dbaasp_18756,GSKKPVPIIYCNARTGKCQRM,saure,ATCC 25923,1.99986187,0.301,heldout_test,-1,DBAASP
dbaasp_4171,ILGPVISTIGNALGGLLKNL,saure,ATCC 25923,51.40436516,1.711,heldout_test,-1,DBAASP
dbaasp_7082,RRWRVIVKW,saure,ATCC 25923,1.300169578,0.114,heldout_test,-1,DBAASP
dbaasp_18157,INLRAIAALAKKLL,saure,ATCC 25923,10.73989412,1.031,heldout_test,-1,DBAASP
dbaasp_20077,LRWRRRWRL,saure,ATCC 25923,7.99834255,0.903,heldout_test,-1,DBAASP
dbaasp_14633,RKRRIVVIRRKR,saure,ATCC 25923,255.8585887,2.408,heldout_test,-1,DBAASP
dbaasp_3777,GWASKIGQTLGKMAKVGLQELIQPK,saure,ATCC 25923,50.0034535,1.699,heldout_test,-1,DBAASP
dbaasp_3703,GIFTLIKGAAKLIGKTVAKEAGKTGLELMACKITNQC,saure,ATCC 25923,1.129795915,0.053,heldout_test,-1,DBAASP
dbaasp_10216,FLTGLIGGLMKALGK,saure,ATCC 25923,149.9684836,2.176,heldout_test,-1,DBAASP
dbaasp_6842,RRLFRRILRYL,saure,ATCC 25923,4.797334486,0.681,heldout_test,-1,DBAASP
dbaasp_5690,FITGLISGLMKAL,saure,ATCC 25923,12.5025903,1.097,heldout_test,-1,DBAASP
dbaasp_17720,WRIRPRPPRLPRPRPR,saure,ATCC 25923,63.97348355,1.806,heldout_test,-1,DBAASP
dbAMP_25336,GKLIKKFGRKAISYAVKKARGKH,saure,ATCC 25923,1.986094917,0.298,heldout_test,-1,dbAMP
dbaasp_14707,KVFTLFQARAQGKLMRI,saure,ATCC 25923,25.00345362,1.398,heldout_test,-1,DBAASP
dbaasp_19127,GFFKKAKRKVKKAG,saure,ATCC 25923,81.28305162,1.91,heldout_test,-1,DBAASP
dbaasp_10702,FLGGLIKPVPAMICAVRKKC,saure,ATCC 25923,117.4897555,2.07,heldout_test,-1,DBAASP
dbAMP_25310,GIKHILFMAKTKLPRATCTAEIKENCDRKK,saure,ATCC 25923,2.741574172,0.438,heldout_test,-1,dbAMP
dbaasp_9128,NYISFFRKCKNSQST,saure,ATCC 25923,35.48133892,1.55,heldout_test,-1,DBAASP
dbaasp_16765,LNLKALAAVAKKIL,saure,ATCC 25923,15.99558029,1.204,heldout_test,-1,DBAASP
dbaasp_8201,SSRRPCRGRSCGPRLRGGYTLIGRPVKNQNRPKYMWV,saure,ATCC 25923,46.66593803,1.669,heldout_test,-1,DBAASP
dbaasp_4382,GILDTFKGVAKGVAKDLAVHMLEKLKCKMTGC,saure,ATCC 25923,39.99447498,1.602,heldout_test,-1,DBAASP
dbaasp_5689,FISGLIGGLMKAL,saure,ATCC 25923,25.00345362,1.398,heldout_test,-1,DBAASP
dbaasp_4562,WKSDVRRWRSRY,saure,ATCC 25923,100,2,heldout_test,-1,DBAASP
dbaasp_17312,GFAWNVCVYRNGVRVCHRPAN,saure,ATCC 25923,26.66858665,1.426,heldout_test,-1,DBAASP
dbaasp_16907,KLVKKLLKKYITF,saure,ATCC 25923,63.97348355,1.806,heldout_test,-1,DBAASP
dbaasp_486,KKKKKKAAFAAFAAFAA,saure,ATCC 25923,31.9889511,1.505,heldout_test,-1,DBAASP
dbaasp_14440,KKWRKWLAKKWW,saure,ATCC 25923,3.622429984,0.559,heldout_test,-1,DBAASP
dbaasp_19551,ASVVKKLWKGVWKLLK,saure,ATCC 25923,1.99986187,0.301,heldout_test,-1,DBAASP
dbaasp_14475,RWRWPIRRPPIRPPFYR,saure,ATCC 25923,63.97348355,1.806,heldout_test,-1,DBAASP
dbaasp_12601,RRLRLLLRLRR,saure,ATCC 25923,3.999447498,0.602,heldout_test,-1,DBAASP
dbaasp_3723,GFMDTAKNVAKNMAGNLLDNLKCKITKAC,saure,ATCC 25923,0.80723503,-0.093,heldout_test,-1,DBAASP
dbaasp_16590,DILIIVGGRRRR,saure,ATCC 25923,63.97348355,1.806,heldout_test,-1,DBAASP
dbaasp_12600,WWRRWRRWW,saure,ATCC 25923,3.999447498,0.602,heldout_test,-1,DBAASP
dbAMP_17004,WKKLWKPGLKKWLK,saure,ATCC 25923,15.99558029,1.204,heldout_test,-1,dbAMP
dbaasp_17856,FRWWWRF,saure,ATCC 25923,7.99834255,0.903,heldout_test,-1,DBAASP
dbaasp_19286,GLLGKILGAGKKVL,saure,ATCC 25923,511.6818355,2.709,heldout_test,-1,DBAASP
dbaasp_19524,ASVVNKLTKKVAKLLK,saure,ATCC 25923,127.9381304,2.107,heldout_test,-1,DBAASP
dbAMP_02295,FPVTWPTKWWKS,saure,ATCC 25923,129.4195841,2.112,heldout_test,-1,dbAMP
dbaasp_1991,GLFGILGSVAKHVLPHVIPVVAEHL,saure,ATCC 25923,19.31968317,1.286,heldout_test,-1,DBAASP
dbaasp_4572,FIKRIARLLRKIF,saure,ATCC 25923,1.887991349,0.276,heldout_test,-1,DBAASP
dbAMP_20720,QKRPRVRLSAWKKIWKPGIKKWIK,saure,ATCC 25923,63.97348355,1.806,heldout_test,-1,dbAMP
dbaasp_13786,KVEIVAINDPFIDL,saure,ATCC 25923,1049.542429,3.021,heldout_test,-1,DBAASP
dbaasp_13774,WFRVYRGIYRRR,saure,ATCC 25923,71.9448978,1.857,heldout_test,-1,DBAASP
dbaasp_18042,LLPIVGALLKSLLGWKRKRFG,saure,ATCC 25923,7.99834255,0.903,heldout_test,-1,DBAASP
dbaasp_4176,RRGFWKRLRRRLRRFGDRIRNRFRNFREKLPDPFPG,saure,ATCC 25923,1.419057522,0.152,heldout_test,-1,DBAASP
dbaasp_16900,CASYFCRWWWLL,saure,ATCC 25923,7.99834255,0.903,heldout_test,-1,DBAASP
dbaasp_17304,RRGWARRLAFAFAFGRR,saure,ATCC 25923,26.30267992,1.42,heldout_test,-1,DBAASP
dbaasp_11397,YKAWRWAWRWK,saure,ATCC 25923,3.090295433,0.49,heldout_test,-1,DBAASP
dbaasp_18132,KWKSFLKTFKSAKKTVLHTLKKAISS,saure,ATCC 25923,41.78303666,1.621,heldout_test,-1,DBAASP
dbaasp_3771,GWASKIGQALGKVAKVGLQQFIQPK,saure,ATCC 25923,100,2,heldout_test,-1,DBAASP
dbaasp_491,ILPWKWPWWPWRR,saure,ATCC 25923,4.23642966,0.627,heldout_test,-1,DBAASP
dbaasp_3804,SALVGCWTKSYPPNPCFGRG,saure,ATCC 25923,11.69499391,1.068,heldout_test,-1,DBAASP
dbaasp_13986,LFNNYITAALKLLEKLYKV,saure,ATCC 25923,3.999447498,0.602,heldout_test,-1,DBAASP
dbaasp_8157,KFFKRLLKSVRRAVKKFRKKPRLIGLSTLL,saure,ATCC 25923,1.300169578,0.114,heldout_test,-1,DBAASP
dbaasp_18377,PKRWGRWLRKIRRWR,saure,ATCC 25923,1.874994508,0.273,heldout_test,-1,DBAASP
dbaasp_17680,WRIWRI,saure,ATCC 25923,127.9381304,2.107,heldout_test,-1,DBAASP
dbaasp_13886,FFHHIFRGKVHVGKTIHRLVTG,saure,ATCC 25923,1.207813835,0.082,heldout_test,-1,DBAASP
dbAMP_19492,LRLKKRYWKYRVPP,saure,ATCC 25923,26.54605562,1.424,heldout_test,-1,dbAMP
dbaasp_15890,RLKKIGWVLKWI,saure,ATCC 25923,3.999447498,0.602,heldout_test,-1,DBAASP
dbaasp_777,RVKRVWPLVIRTVIALYNLYRAIKKK,saure,ATCC 25923,1.99986187,0.301,heldout_test,-1,DBAASP
dbaasp_14716,PMKKLKLALRLAAKIAPVW,saure,ATCC 25923,7.99834255,0.903,heldout_test,-1,DBAASP
dbaasp_11841,MSGSHHHHHHGSSGENLYFQSLEVASFDKSKLK,saure,ATCC 25923,13.52072563,1.131,heldout_test,-1,DBAASP
dbaasp_13571,VPKPPYLPRPRPPRRIYNR,saure,ATCC 25923,3.396252726,0.531,heldout_test,-1,DBAASP
dbaasp_3148,GLLKRIKKLL,saure,ATCC 25923,4.295364268,0.633,heldout_test,-1,DBAASP
dbaasp_15094,GFGCNGPWSEDDIQCHNHCKSIKGYKGGYCARGGFVCKCY,saure,ATCC 25923,0.914113241,-0.039,heldout_test,-1,DBAASP
dbaasp_19576,KLLKKLKKKLKKLLK,saure,ATCC 25923,12.5025903,1.097,heldout_test,-1,DBAASP
dbAMP_24590,KWKLFKKIAKKFAKAFVAEIM,saure,ATCC 25923,1.496235656,0.175,heldout_test,-1,dbAMP
dbaasp_4557,QLKVDLWGTR,saure,ATCC 25923,100,2,heldout_test,-1,DBAASP
dbaasp_11361,ASEELLLRFQATSSGPILREEFE,saure,ATCC 25923,95.94006315,1.982,heldout_test,-1,DBAASP
dbaasp_19941,WRSWRSWRSWRSWRS,saure,ATCC 25923,15.99558029,1.204,heldout_test,-1,DBAASP
dbaasp_6751,RRWYRWWR,saure,ATCC 25923,1.857804455,0.269,heldout_test,-1,DBAASP
dbaasp_11890,ALNALKKVSQGIHEAIKLIANHVQ,saure,ATCC 25923,15.99558029,1.204,heldout_test,-1,DBAASP
dbaasp_12898,GWKTLLKKAEVKTVGKLALKHYL,saure,ATCC 25923,2.31739465,0.365,heldout_test,-1,DBAASP
dbaasp_3889,FLSLIPHIVSGVASIAKHF,saure,ATCC 25923,6.251726928,0.796,heldout_test,-1,DBAASP
dbaasp_7764,GFGCNGPWQEDDVKCHNHCKSIKGYKGGYCAKGGFVCKCY,saure,ATCC 25923,0.027989813,-1.553,heldout_test,-1,DBAASP
dbaasp_1882,FFPIVGKLLSGLF,saure,ATCC 25923,149.9684836,2.176,heldout_test,-1,DBAASP
dbaasp_4406,GIFPIFAKLLGKVIKVASSLISKGRTE,saure,ATCC 25923,5.00034535,0.699,heldout_test,-1,DBAASP
dbaasp_3802,SALVGCWTKSYPPKPCFGR,saure,ATCC 25923,5.997910763,0.778,heldout_test,-1,DBAASP
dbaasp_7149,LLPIVGNLLKSLLGWKRKAFG,saure,ATCC 25923,50.0034535,1.699,heldout_test,-1,DBAASP
dbaasp_13067,AARIILRGRFR,saure,ATCC 25923,15.99558029,1.204,heldout_test,-1,DBAASP
dbaasp_493,ILAWKWAWWAWRR,saure,ATCC 25923,2.208004733,0.344,heldout_test,-1,DBAASP
dbaasp_127,GLRKRLRKPRNKPKEKLKKI,saure,ATCC 25923,63.97348355,1.806,heldout_test,-1,DBAASP
dbaasp_19124,GFFKKAWRKVKHAGRRVL,saure,ATCC 25923,29.51209227,1.47,heldout_test,-1,DBAASP
dbaasp_11399,YRMWRWAWRWR,saure,ATCC 25923,1.442115352,0.159,heldout_test,-1,DBAASP
dbaasp_7118,FAVTWATKWWKG,saure,ATCC 25923,100,2,heldout_test,-1,DBAASP
dbaasp_19631,RRIRPRPPRLPRPRPR,saure,ATCC 25923,3.999447498,0.602,heldout_test,-1,DBAASP
dbaasp_19847,FLPIVEKLLSGLL,saure,ATCC 25923,127.9381304,2.107,heldout_test,-1,DBAASP
dbaasp_11231,KIAGKAGKIAKIAGKAGKIA,saure,ATCC 25923,63.97348355,1.806,heldout_test,-1,DBAASP
dbaasp_717,RRWQWRMKKLG,saure,ATCC 25923,83.75292821,1.923,heldout_test,-1,DBAASP
dbaasp_19003,GVITDTLKGVAKTVAAELLRKAHCKLTNSC,saure,ATCC 25923,47.75292737,1.679,heldout_test,-1,DBAASP
dbaasp_10652,KKLIKVFAKGFKKAKKLFKGIG,saure,ATCC 25923,51.99959965,1.716,heldout_test,-1,DBAASP
dbaasp_5243,RRIRPRPPRLPRPRPRPLPFPRPGPRPIPRPLPFP,saure,ATCC 25923,127.9381304,2.107,heldout_test,-1,DBAASP
dbaasp_13912,RFRRLRWKTRWRLKKICYCRRRFCVCV,saure,ATCC 25923,8.053784412,0.906,heldout_test,-1,DBAASP
dbaasp_7055,KRWWWWRFR,saure,ATCC 25923,0.699841996,-0.155,heldout_test,-1,DBAASP
dbaasp_17678,RWWRRWRRWW,saure,ATCC 25923,7.99834255,0.903,heldout_test,-1,DBAASP
dbaasp_4423,IKLSKKTKDNLKKVLKGAIKGAIAVAKMV,saure,ATCC 25923,3.097419299,0.491,heldout_test,-1,DBAASP
dbaasp_12861,PMARNKILGKILRKIAAFK,saure,ATCC 25923,29.78516429,1.474,heldout_test,-1,DBAASP
dbaasp_3717,GILSGVLGMGKKIVCGLSGLC,saure,ATCC 25923,4.425883724,0.646,heldout_test,-1,DBAASP
dbaasp_13675,WRLRWKTRWRLK,saure,ATCC 25923,1.99986187,0.301,heldout_test,-1,DBAASP
dbaasp_3204,RWRRWKWWL,saure,ATCC 25923,1.374041975,0.138,heldout_test,-1,DBAASP
dbaasp_7675,VQWRIRVCVIRA,saure,ATCC 25923,21.62718524,1.335,heldout_test,-1,DBAASP
dbaasp_14020,GLLSRLRDFLSDIGRRLGEKIERIGQKIKDLSEFFQS,saure,ATCC 25923,0.011376273,-1.944,heldout_test,-1,DBAASP
dbaasp_10560,KWFRVYRGIYRRR,saure,ATCC 25923,13.99587323,1.146,heldout_test,-1,DBAASP
dbaasp_4906,GFKDLLKKAAKALVKTVLF,saure,ATCC 25923,2.999162519,0.477,heldout_test,-1,DBAASP
dbAMP_25370,LLRKRLRKFRNKIKEKLKKIGQKIQGFVPKLVPRTES,saure,ATCC 25923,22.43881924,1.351,heldout_test,-1,dbAMP
dbaasp_17870,FRRWWWRRF,saure,ATCC 25923,1.99986187,0.301,heldout_test,-1,DBAASP
dbaasp_19528,AKVVNKLTKKVAKLLK,saure,ATCC 25923,127.9381304,2.107,heldout_test,-1,DBAASP
dbaasp_17863,FWRWWWRWF,saure,ATCC 25923,1.99986187,0.301,heldout_test,-1,DBAASP
dbAMP_25411,WKWKWKWKPGKWKWKWKW,saure,ATCC 25923,127.9381304,2.107,heldout_test,-1,dbAMP
dbaasp_17665,GIRWKFWKFT,saure,ATCC 25923,31.9889511,1.505,heldout_test,-1,DBAASP
dbaasp_661,ALWKDILKNVGKAAGKAVLNTVTDMVNQ,saure,ATCC 25923,2.999162519,0.477,heldout_test,-1,DBAASP
dbaasp_11253,LHRLVKLVAALLRGYASKVDTH,saure,ATCC 25923,1.99986187,0.301,heldout_test,-1,DBAASP
dbaasp_12603,RRFRFFFRFRR,saure,ATCC 25923,7.99834255,0.903,heldout_test,-1,DBAASP
dbAMP_24927,KRKRKILILIKRK,saure,ATCC 25923,37.32501578,1.572,heldout_test,-1,dbAMP
dbaasp_14241,SRWRWWWRWRA,saure,ATCC 25923,1,0,heldout_test,-1,DBAASP
dbaasp_9407,DIFGAIWPLALGALKNLIK,saure,ATCC 25923,7.99834255,0.903,heldout_test,-1,DBAASP
dbAMP_04733,ILGPVLSMVGSALGGLIKKI,saure,ATCC 25923,3.076096815,0.488,heldout_test,-1,dbAMP
dbaasp_17352,KLAKKLAKLAKKLA,saure,ATCC 25923,5.997910763,0.778,heldout_test,-1,DBAASP
dbaasp_4497,GLWDTIKQAGKKFFLNVLDKIRCKVAGGCRT,saure,ATCC 25923,4.634469197,0.666,heldout_test,-1,DBAASP
dbaasp_15609,GWLRDFGKRIERTGQNIRDATIQTIGIAQEAANVAATLK,saure,ATCC 25923,239.8832919,2.38,heldout_test,-1,DBAASP
dbaasp_12840,INWKKIKKKVKGML,saure,ATCC 25923,1.180320636,0.072,heldout_test,-1,DBAASP
dbaasp_12804,LKLMGIVKKVLGAL,saure,ATCC 25923,6.99841996,0.845,heldout_test,-1,DBAASP
dbaasp_260,RWRWRW,saure,ATCC 25923,4.864072057,0.687,heldout_test,-1,DBAASP
dbaasp_3143,GLLKRIKLLL,saure,ATCC 25923,6.095368972,0.785,heldout_test,-1,DBAASP
dbaasp_17308,LMGLFNRIIRKVVKLFN,saure,ATCC 25923,7.99834255,0.903,heldout_test,-1,DBAASP
dbaasp_1471,GLFDVVKGVLKGAGKNVAGSLLEQLKCKLSGGC,saure,ATCC 25923,29.99162519,1.477,heldout_test,-1,DBAASP
dbAMP_24587,GMASKAGAIAGKIAKVAWKALGGA,saure,ATCC 25923,74.98942093,1.875,heldout_test,-1,dbAMP
dbaasp_14880,GLFAIIKKIAESF,saure,ATCC 25923,11.27197456,1.052,heldout_test,-1,DBAASP
dbaasp_4161,ILGPVIKTIGGVIGGLLKNL,saure,ATCC 25923,4.797334486,0.681,heldout_test,-1,DBAASP
dbaasp_8771,LLRRVARLLKRFAK,saure,ATCC 25923,4.645152752,0.667,heldout_test,-1,DBAASP
dbaasp_19560,ASVVKWWWKWWWKLLK,saure,ATCC 25923,3.999447498,0.602,heldout_test,-1,DBAASP
dbaasp_817,YPSKPDNPGEDAPAEDMARYYSALRHYINLITRQRY,saure,ATCC 25923,117.4897555,2.07,heldout_test,-1,DBAASP
dbaasp_7819,SFKKFWGGVKAIFKGARKGWK,saure,ATCC 25923,1.99986187,0.301,heldout_test,-1,DBAASP
dbaasp_17353,KLAKKLAKLAKKLAKLAKKLA,saure,ATCC 25923,3.999447498,0.602,heldout_test,-1,DBAASP
dbaasp_1465,FIGAIARLLSKIF,saure,ATCC 25923,4.295364268,0.633,heldout_test,-1,DBAASP
dbaasp_15607,GFLKKIGKKLEGAVQRTRDATIQTIAVAQAAANVAATAKQ,saure,ATCC 25923,248.3133105,2.395,heldout_test,-1,DBAASP
dbaasp_10054,GLFDIWKKLRWRR,saure,ATCC 25923,71.12135137,1.852,heldout_test,-1,DBAASP
dbaasp_11259,GSLHGFMYRYLKNMVLNLF,saure,ATCC 25923,3.999447498,0.602,heldout_test,-1,DBAASP
dbaasp_16587,DILIIVGGKDRKKRRR,saure,ATCC 25923,63.97348355,1.806,heldout_test,-1,DBAASP
dbAMP_19514,LRLKKRRWKYRVPR,saure,ATCC 25923,12.91219274,1.111,heldout_test,-1,dbAMP
dbaasp_11891,LNALKKVFQGIHEAIKLI,saure,ATCC 25923,7.99834255,0.903,heldout_test,-1,DBAASP
dbAMP_19505,LRLKKRRWWYRVPP,saure,ATCC 25923,12.91219274,1.111,heldout_test,-1,dbAMP
dbAMP_16721,GCRRLCYKQRCVTYCRGPPR,saure,ATCC 25923,15.99558029,1.204,heldout_test,-1,dbAMP
dbaasp_364,GKKYRRFRWKFRKGRFWFWG,saure,ATCC 25923,5.767664634,0.761,heldout_test,-1,DBAASP
dbaasp_7063,KFKWWRMLI,saure,ATCC 25923,1.199499303,0.079,heldout_test,-1,DBAASP
dbaasp_12855,PMKKLFAAKILARVVAKIW,saure,ATCC 25923,118.3041556,2.073,heldout_test,-1,DBAASP
dbaasp_1470,FLPLLLAGLPKLLCLFFKKC,saure,ATCC 25923,14.99684836,1.176,heldout_test,-1,DBAASP
dbaasp_2144,FFGHLFKLATKIIPSLFQ,saure,ATCC 25923,2.999162519,0.477,heldout_test,-1,DBAASP
dbAMP_19512,LRLKKRRWKYLVPP,saure,ATCC 25923,27.22701308,1.435,heldout_test,-1,dbAMP
dbaasp_7088,RKWKIKWYW,saure,ATCC 25923,2.600159563,0.415,heldout_test,-1,DBAASP
dbaasp_17689,WRFWRFWRF,saure,ATCC 25923,3.999447498,0.602,heldout_test,-1,DBAASP
dbaasp_14705,GKSLVKWIVKSVRKA,saure,ATCC 25923,25.00345362,1.398,heldout_test,-1,DBAASP
dbaasp_7114,FPVTWKWWKWWKG,saure,ATCC 25923,19.9986187,1.301,heldout_test,-1,DBAASP
dbaasp_11262,FFYNVIKIYGNMAGRISK,saure,ATCC 25923,127.9381304,2.107,heldout_test,-1,DBAASP
dbaasp_17026,ILGTILGLLKTL,saure,ATCC 25923,7.99834255,0.903,heldout_test,-1,DBAASP
dbaasp_9131,MKTFLRLYRSLINKVLH,saure,ATCC 25923,7.56832895,0.879,heldout_test,-1,DBAASP
dbaasp_1676,SIRDKIKTIAIDLAKSAGTGVLKTLICKLDKSC,saure,ATCC 25923,1.345860354,0.129,heldout_test,-1,DBAASP
dbaasp_19516,ASVVKKLTKGVAGLLK,saure,ATCC 25923,127.9381304,2.107,heldout_test,-1,DBAASP
dbaasp_16892,GLFDIVKKVAG,saure,ATCC 25923,221.309471,2.345,heldout_test,-1,DBAASP
dbaasp_265,KWKSFLKTFKSAKKTVLHTALKAISS,saure,ATCC 25923,5.457578611,0.737,heldout_test,-1,DBAASP
dbaasp_15110,LRKVWRWLRRL,saure,ATCC 25923,10,1,heldout_test,-1,DBAASP
dbaasp_4393,ILGAILPLVSGLLSNKL,saure,ATCC 25923,127.9381304,2.107,heldout_test,-1,DBAASP
dbaasp_4175,RPWAGNGSVHRYTVLSPRLKTQ,saure,ATCC 25923,2.421029047,0.384,heldout_test,-1,DBAASP
dbaasp_5146,DAEFRHDSGYEVHHQKLVFFAEDVGSNKGAIIGLMVGGVV,saure,ATCC 25923,5.794286964,0.763,heldout_test,-1,DBAASP
dbAMP_19468,LYLKKRRWKYRVPP,saure,ATCC 25923,13.27394458,1.123,heldout_test,-1,dbAMP
dbaasp_5840,LLRHVVKILEKYL,saure,ATCC 25923,1.555965632,0.192,heldout_test,-1,DBAASP
dbaasp_16988,WRWWKWW,saure,ATCC 25923,6.576578374,0.818,heldout_test,-1,DBAASP
dbaasp_16354,RRIRFRPPRLPRPRPRPWIPPRFPFPRIPGKR,saure,ATCC 25923,3.999447498,0.602,heldout_test,-1,DBAASP
dbaasp_14022,IHHIHHHIHHIHHH,saure,ATCC 25923,63.97348355,1.806,heldout_test,-1,DBAASP
dbaasp_10718,WPRFPKPRKPTYPGPTYPGPTWPRPTWRRSATIDTEH,saure,ATCC 25923,31.9889511,1.505,heldout_test,-1,DBAASP
dbaasp_1892,FLPMLAGLAANFLPKIVCKITKKC,saure,ATCC 25923,8.994975815,0.954,heldout_test,-1,DBAASP
dbaasp_10710,FLGGLIKWWPWRR,saure,ATCC 25923,4.602565736,0.663,heldout_test,-1,DBAASP
dbaasp_12811,AFCWNVCVYRNAVRVCHRRCN,saure,ATCC 25923,0.097948999,-1.009,heldout_test,-1,DBAASP
DRAMP01412,GLLGSLFGAGKKVACALSGLC,saure,ATCC 25923,55.97576015,1.748,heldout_test,-1,DRAMP
dbaasp_17666,KWFKRIKTFW,saure,ATCC 25923,15.99558029,1.204,heldout_test,-1,DBAASP
dbAMP_24652,GIGKFAHSAKKFGKAFVGEIMNS,saure,ATCC 25923,4.988844875,0.698,heldout_test,-1,dbAMP
dbaasp_5607,INLKAIAALVKKLL,saure,ATCC 25923,13.42764961,1.128,heldout_test,-1,DBAASP
dbAMP_02735,GGLKKLGKKLEGAGKRVFKASEKALPVVVGIKAIGK,saure,ATCC 25923,3.419794425,0.534,heldout_test,-1,dbAMP
dbaasp_12204,YYHFWHRGVTKRSLSPH,saure,ATCC 25923,100,2,heldout_test,-1,DBAASP
dbaasp_10403,GLLWKWGWKWKEFLRIVGY,saure,ATCC 25923,417.8303666,2.621,heldout_test,-1,DBAASP
dbaasp_10713,YSWPRMPRIPRLPRYPRYPRYPRWPRHPTIYA,saure,ATCC 25923,15.99558029,1.204,heldout_test,-1,DBAASP
dbaasp_13876,GLLKRI,saure,ATCC 25923,0.895364766,-0.048,heldout_test,-1,DBAASP
dbaasp_17531,SKCRRWQRRMRKVRGPPVTCIKKAFRFECI,saure,ATCC 25923,0.335737614,-0.474,heldout_test,-1,DBAASP
dbaasp_9130,LRHKVYGYCVLGP,saure,ATCC 25923,43.05266105,1.634,heldout_test,-1,DBAASP
dbAMP_25350,ICLKKWPWWPWRRCK,saure,ATCC 25923,19.9986187,1.301,heldout_test,-1,dbAMP
dbaasp_10611,KCRRYCYRQRCVTYCRGR,saure,ATCC 25923,7.99834255,0.903,heldout_test,-1,DBAASP
dbaasp_17120,KRLFKRLFKYLRRF,saure,ATCC 25923,0.511681836,-0.291,heldout_test,-1,DBAASP
dbaasp_4910,GFKDLLKGAAKALVKTVKF,saure,ATCC 25923,50.0034535,1.699,heldout_test,-1,DBAASP
dbaasp_7074,RWWRKIWKW,saure,ATCC 25923,2.197859873,0.342,heldout_test,-1,DBAASP
dbaasp_12217,RLWDIVRRWVGWL,saure,ATCC 25923,2.301441817,0.362,heldout_test,-1,DBAASP
dbaasp_9442,RRWQWR,saure,ATCC 25923,203.2357011,2.308,heldout_test,-1,DBAASP
dbaasp_4997,CIAKGNGCQPSGVQGNCCSGHCHKEPGWVAGYCK,saure,ATCC 25923,25.00345362,1.398,heldout_test,-1,DBAASP
dbaasp_14616,GLSRLFTALK,saure,ATCC 25923,14.72312502,1.168,heldout_test,-1,DBAASP
dbaasp_10714,LRWTPTPSYPRYPTRSRGSRWSR,saure,ATCC 25923,31.9889511,1.505,heldout_test,-1,DBAASP
dbaasp_18822,RWFHFPGRWFHF,saure,ATCC 25923,3.19889511,0.505,heldout_test,-1,DBAASP
dbaasp_12853,MKKLFAALALAAVVAPVW,saure,ATCC 25923,136.1444682,2.134,heldout_test,-1,DBAASP
dbaasp_11366,TWLPAVIKIQAHWRGYRQRKIYL,saure,ATCC 25923,0.972747224,-0.012,heldout_test,-1,DBAASP
dbaasp_14884,GLFDIIKAIAESF,saure,ATCC 25923,363.9150361,2.561,heldout_test,-1,DBAASP
dbaasp_10709,FLGGLIKPWWPWRR,saure,ATCC 25923,17.41806873,1.241,heldout_test,-1,DBAASP
dbaasp_1468,FLSLALAALPKFLCLVFKKC,saure,ATCC 25923,14.99684836,1.176,heldout_test,-1,DBAASP
dbaasp_9127,KKVWFIFHVCPKLKQRIL,saure,ATCC 25923,7.063175543,0.849,heldout_test,-1,DBAASP
dbAMP_24642,IVLNPWDQVK,saure,ATCC 25923,9.225714272,0.965,heldout_test,-1,dbAMP
dbAMP_25422,VFRLKKWMQKVIDRFGG,saure,ATCC 25923,3.999447498,0.602,heldout_test,-1,dbAMP
dbaasp_17677,GFFRRIRTFF,saure,ATCC 25923,7.99834255,0.903,heldout_test,-1,DBAASP
DRAMP03877,KKWWWKWKKW,saure,ATCC 25923,11.24604974,1.051,heldout_test,-1,DRAMP
dbaasp_11519,SKFFRKARKKLGKGLQKIKNVLRKY,saure,ATCC 25923,24.83133105,1.395,heldout_test,-1,DBAASP
dbaasp_778,RVKRVWKLVIRLVKALYKLYRAIKKK,saure,ATCC 25923,1.90107828,0.279,heldout_test,-1,DBAASP
DRAMP03878,RRWWRRWRRW,saure,ATCC 25923,7.498942093,0.875,heldout_test,-1,DRAMP
dbaasp_5245,RRIRPRPPRLPRPRPRPLPFPRP,saure,ATCC 25923,127.9381304,2.107,heldout_test,-1,DBAASP
dbaasp_10284,FRRFFKWFRRFFKFF,saure,ATCC 25923,13.99587323,1.146,heldout_test,-1,DBAASP
dbaasp_6919,LQKYYARVRGGRAAVLS,saure,ATCC 25923,158.8546749,2.201,heldout_test,-1,DBAASP
dbaasp_12866,NRESQFYQSRRKKLSSQV,saure,ATCC 25923,115.0800389,2.061,heldout_test,-1,DBAASP
dbaasp_16454,RIIDLLWRVRRPQKPKFVIVWVR,saure,ATCC 25923,0.008452788,-2.073,heldout_test,-1,DBAASP
dbaasp_3218,KRIMKLKMR,saure,ATCC 25923,225.943577,2.354,heldout_test,-1,DBAASP
dbaasp_8160,LKKLKGRVSRSFLFFVKLRPAKRTLKKRIL,saure,ATCC 25923,55.33501092,1.743,heldout_test,-1,DBAASP
dbaasp_16584,DILIIVGGRRRRRRRR,saure,ATCC 25923,3.999447498,0.602,heldout_test,-1,DBAASP
dbaasp_19949,WRWRWRWR,saure,ATCC 25923,3.999447498,0.602,heldout_test,-1,DBAASP
dbaasp_5621,SPIHARYQRGVIPGPRWPYYRVGSGSGLKSVRNRWA,saure,ATCC 25923,0.657657837,-0.182,heldout_test,-1,DBAASP
dbaasp_14232,GRWRWWWRWRA,saure,ATCC 25923,1,0,heldout_test,-1,DBAASP
dbaasp_3678,GVLATVKNLLNGTGDGAAQSVLKTLSCKLSNDC,saure,ATCC 25923,1.22179966,0.087,heldout_test,-1,DBAASP
dbaasp_7058,RRWWRWVVW,saure,ATCC 25923,1.300169578,0.114,heldout_test,-1,DBAASP
dbaasp_4339,VKRFKKFFRKLKKS,saure,ATCC 25923,2.192804935,0.341,heldout_test,-1,DBAASP
dbaasp_4923,GLLGPLLKIAKKVGSNLL,saure,ATCC 25923,25.00345362,1.398,heldout_test,-1,DBAASP
dbaasp_12813,WGFCWNVCVYRNGVRVCHRRCN,saure,ATCC 25923,0.368977599,-0.433,heldout_test,-1,DBAASP
dbaasp_7684,VQWRIRIAVIRK,saure,ATCC 25923,10.51961874,1.022,heldout_test,-1,DBAASP
dbaasp_5369,GLVGTLLGHIGKAILG,saure,ATCC 25923,7.99834255,0.903,heldout_test,-1,DBAASP
dbaasp_12107,RNCTWLFSTKLKLPA,saure,ATCC 25923,227.5097431,2.357,heldout_test,-1,DBAASP
dbAMP_16136,WGRAFSAGVHRLANGGNG,saure,ATCC 25923,5.997910763,0.778,heldout_test,-1,dbAMP
dbAMP_25419,WMQKVIDRFGG,saure,ATCC 25923,31.9889511,1.505,heldout_test,-1,dbAMP
dbaasp_766,RKSKEKIGKEFKRIVQRIKDFLRNLVPRTES,saure,ATCC 25923,15.99558029,1.204,heldout_test,-1,DBAASP
dbaasp_904,WKLFKKILKVL,saure,ATCC 25923,5.72796031,0.758,heldout_test,-1,DBAASP
dbaasp_1983,LVQRGRFGRFLRKIRRFRPKVTITIQGSARFG,saure,ATCC 25923,0.660693448,-0.18,heldout_test,-1,DBAASP
dbaasp_14212,ILGKIWEGKKSLF,saure,ATCC 25923,7.498942093,0.875,heldout_test,-1,DBAASP
dbaasp_4366,ILGKLLSTAAKLLSKL,saure,ATCC 25923,1.99986187,0.301,heldout_test,-1,DBAASP
dbaasp_4390,KFASKGLGKDLAKLGVDLVACKISKQC,saure,ATCC 25923,199.986187,2.301,heldout_test,-1,DBAASP
dbaasp_16147,RRRKLDLKLDLKLDL,saure,ATCC 25923,4.497798549,0.653,heldout_test,-1,DBAASP
dbaasp_128,GLRKRKRKFRNKKKEKLKKI,saure,ATCC 25923,63.97348355,1.806,heldout_test,-1,DBAASP
dbaasp_10679,CKKRKC,saure,ATCC 25923,2.679168325,0.428,heldout_test,-1,DBAASP
dbaasp_16887,KIAKRIWKILRR,saure,ATCC 25923,39.99447498,1.602,heldout_test,-1,DBAASP
dbaasp_4498,KKFFLKVLTKIRCKVAGGCRT,saure,ATCC 25923,3.365115694,0.527,heldout_test,-1,DBAASP
dbaasp_3740,SADQTGMNKAALSPIRFISKSV,saure,ATCC 25923,86.89604293,1.939,heldout_test,-1,DBAASP
dbaasp_12838,INWLKIAKKVKGML,saure,ATCC 25923,2.460367604,0.391,heldout_test,-1,DBAASP
dbaasp_16783,LNLKKLLAVAKKI,saure,ATCC 25923,127.9381304,2.107,heldout_test,-1,DBAASP
dbaasp_16896,KIAKRIWKILRRRLFRR,saure,ATCC 25923,6.823386941,0.834,heldout_test,-1,DBAASP
dbaasp_16917,KIAKRIWKILRRRL,saure,ATCC 25923,8.53100114,0.931,heldout_test,-1,DBAASP
dbaasp_195,GWKRKRFG,saure,ATCC 25923,199.986187,2.301,heldout_test,-1,DBAASP
dbaasp_3244,KIAKVALKAL,saure,ATCC 25923,8.394599865,0.924,heldout_test,-1,DBAASP
dbaasp_10395,GRRGPRRANQNGTRRRRRRT,saure,ATCC 25923,100,2,heldout_test,-1,DBAASP
dbaasp_11400,YRMWRWRWRWR,saure,ATCC 25923,2.747894153,0.439,heldout_test,-1,DBAASP
dbaasp_4621,FVPWFSKFLPRIL,saure,ATCC 25923,23.98832919,1.38,heldout_test,-1,DBAASP
dbaasp_14644,FWRRWQWRRRWF,saure,ATCC 25923,15.99558029,1.204,heldout_test,-1,DBAASP
dbaasp_1441,KWKSFLKTFKSAAKTVLHTALKAISS,saure,ATCC 25923,2.786121169,0.445,heldout_test,-1,DBAASP
dbaasp_13875,GLLKRIK,saure,ATCC 25923,1.00461579,0.002,heldout_test,-1,DBAASP
dbaasp_11889,GLNALKKVSQGIHESIKLINNHVQ,saure,ATCC 25923,31.9889511,1.505,heldout_test,-1,DBAASP
dbAMP_02505,GFCRCICTRGFCRCICTR,saure,ATCC 25923,5.407543229,0.733,heldout_test,-1,dbAMP
dbaasp_18171,FVQWASKALGRIL,saure,ATCC 25923,60.95368972,1.785,heldout_test,-1,DBAASP
dbaasp_20056,IWWRRRWWI,saure,ATCC 25923,3.999447498,0.602,heldout_test,-1,DBAASP
dbaasp_20075,GRWRRRWRG,saure,ATCC 25923,15.99558029,1.204,heldout_test,-1,DBAASP
dbaasp_5583,RWCVYAYVRVAGVLVRYRRCW,saure,ATCC 25923,8.994975815,0.954,heldout_test,-1,DBAASP
dbaasp_88,WKTLLKKVLKAAA,saure,ATCC 25923,1,0,heldout_test,-1,DBAASP
dbAMP_24913,CVRVRVRVRPGRVRVRVRVC,saure,ATCC 25923,26.6072506,1.425,heldout_test,-1,dbAMP
dbAMP_25360,APRMEIGKRREKLGRNVFKAAKKALPVIAGYKALG,saure,ATCC 25923,51.52286446,1.712,heldout_test,-1,dbAMP
dbaasp_3481,ILSAIWSGIKSLF,saure,ATCC 25923,10,1,heldout_test,-1,DBAASP
dbaasp_2028,ISRLAGLLRKGGEKIGEKLKKIGQKIKNFFQKLVPQPE,saure,ATCC 25923,31.9889511,1.505,heldout_test,-1,DBAASP
dbaasp_18396,KRIGWRWRRWPRCLRK,saure,ATCC 25923,1.790605854,0.253,heldout_test,-1,DBAASP
dbaasp_19862,FLPIVKKLLKELL,saure,ATCC 25923,3.999447498,0.602,heldout_test,-1,DBAASP
dbaasp_9533,ILSLRWRWWKWKK,saure,ATCC 25923,68.07693587,1.833,heldout_test,-1,DBAASP
dbaasp_13995,FLGALWHALSHLL,saure,ATCC 25923,7.99834255,0.903,heldout_test,-1,DBAASP
dbaasp_3203,KIWWWWRKR,saure,ATCC 25923,2.870780582,0.458,heldout_test,-1,DBAASP
dbaasp_13670,RRLRKKTRKRLK,saure,ATCC 25923,127.9381304,2.107,heldout_test,-1,DBAASP
dbaasp_16775,LNLRALLAVARRIL,saure,ATCC 25923,3.999447498,0.602,heldout_test,-1,DBAASP
dbaasp_3805,SALVGCWTKSWPPKPCFGRG,saure,ATCC 25923,23.01441817,1.362,heldout_test,-1,DBAASP
dbaasp_18124,KWKSFLKTKKSLKKTVKHTLLKAISS,saure,ATCC 25923,41.49540426,1.618,heldout_test,-1,DBAASP
dbaasp_18373,RWGRWLRKIRRWRPK,saure,ATCC 25923,1.874994508,0.273,heldout_test,-1,DBAASP
dbaasp_11367,ANLDAIIKIQAWARMWAARRQYL,saure,ATCC 25923,7.294575103,0.863,heldout_test,-1,DBAASP
dbaasp_2573,FIHHIFRGIVHAGRSIGRFLTG,saure,ATCC 25923,1.99986187,0.301,heldout_test,-1,DBAASP
dbaasp_659,NPVSCVRNKGICVPIRCPGSMKQIGTCVGRAVKCCRKK,saure,ATCC 25923,6.137620052,0.788,heldout_test,-1,DBAASP
dbaasp_4363,ILGKLLSTAAGLLKNL,saure,ATCC 25923,15.99558029,1.204,heldout_test,-1,DBAASP
dbaasp_4160,GIGGALLSVGKLALKGLANVLADKFAN,saure,ATCC 25923,1.811340093,0.258,heldout_test,-1,DBAASP
dbaasp_10701,RIRWILRYWRWS,saure,ATCC 25923,1,0,heldout_test,-1,DBAASP
dbaasp_10700,KIKWILKYWKWS,saure,ATCC 25923,0.250034536,-0.602,heldout_test,-1,DBAASP
dbaasp_1557,RWWKIWVIRWWR,saure,ATCC 25923,4.315190768,0.635,heldout_test,-1,DBAASP
dbaasp_12129,HGVSGHGQHGVHG,saure,ATCC 25923,12.82330583,1.108,heldout_test,-1,DBAASP
dbaasp_3675,GLLDGILNANFNAAKSAGTSVLNALSCKLSKTC,saure,ATCC 25923,9.332543008,0.97,heldout_test,-1,DBAASP
dbaasp_7080,WKIVFWWRR,saure,ATCC 25923,1.399587323,0.146,heldout_test,-1,DBAASP
dbaasp_6920,LQKYYWRVRGGRWAVLS,saure,ATCC 25923,70.79457844,1.85,heldout_test,-1,DBAASP
dbaasp_17301,RRGWARRLAFAFGRR,saure,ATCC 25923,29.99162519,1.477,heldout_test,-1,DBAASP
dbAMP_25421,RLKKWMQKVIDRFGG,saure,ATCC 25923,15.99558029,1.204,heldout_test,-1,dbAMP
dbaasp_2127,LNLKGLFKKVASLLT,saure,ATCC 25923,59.97910763,1.778,heldout_test,-1,DBAASP
dbaasp_18733,GILGKLWEGVKSIW,saure,ATCC 25923,3.133285724,0.496,heldout_test,-1,DBAASP
dbAMP_25197,FSFLSRIF,saure,ATCC 25923,8.7096359,0.94,heldout_test,-1,dbAMP
dbaasp_14439,KKWRKWLAKKW,paero,ATCC 27853,2.02768272,0.307,development,5,DBAASP
dbaasp_13654,GLAANFLPQILCKIARKC,paero,ATCC 27853,51.52286446,1.712,development,2,DBAASP
dbaasp_12945,WIKAAAKAAAKIW,paero,ATCC 27853,31.9889511,1.505,development,5,DBAASP
dbaasp_2189,GLGSVFGRLARILGRVIPKV,paero,ATCC 27853,7.99834255,0.903,development,4,DBAASP
dbaasp_10021,KRFRIRVRV,paero,ATCC 27853,253.512863,2.404,development,2,DBAASP
dbaasp_3892,IFGAILPLALGALKNLIK,paero,ATCC 27853,31.9889511,1.505,development,3,DBAASP
dbaasp_19358,GWKDWLNKAKDFIKEKGPEILRAAANAAIN,paero,ATCC 27853,11.80320636,1.072,development,3,DBAASP
dbaasp_2156,AIGSILGALAKGLPTLISWIKNR,paero,ATCC 27853,25.00345362,1.398,development,5,DBAASP
dbaasp_11746,KWCFRVCYRGICYRRCA,paero,ATCC 27853,0.115345326,-0.938,development,5,DBAASP
dbaasp_12827,PIHRRIPPRWPRLKRRW,paero,ATCC 27853,27.79713268,1.444,development,1,DBAASP
dbaasp_13425,ITEVITILLNRLTDRLEK,paero,ATCC 27853,100,2,development,5,DBAASP
dbaasp_19527,ASVVKKLTKKVAKLLK,paero,ATCC 27853,31.9889511,1.505,development,4,DBAASP
dbAMP_16997,WRKAWRPGAKRWAK,paero,ATCC 27853,127.9381304,2.107,development,5,dbAMP
dbaasp_19647,INWLRLGRMVIDAL,paero,ATCC 27853,31.9889511,1.505,development,1,DBAASP
dbAMP_25269,ARWWWKIKS,paero,ATCC 27853,0.003999447,-2.398,development,5,dbAMP
dbaasp_5385,KRFKKFFKKLKNSVKKRVKKFFRKPRVIGVTFPF,paero,ATCC 27853,0.235504928,-0.628,development,2,DBAASP
dbAMP_20719,WKKIWKPGIKKWIKQKRPRVRLSA,paero,ATCC 27853,7.99834255,0.903,development,2,dbAMP
dbaasp_18732,GILGKLWEGVKSII,paero,ATCC 27853,25.00345362,1.398,development,1,DBAASP
dbaasp_11894,LNALKKVFQKIHEAIKKI,paero,ATCC 27853,3.999447498,0.602,development,5,DBAASP
dbaasp_12120,IHFKWRRWKFHI,paero,ATCC 27853,31.9889511,1.505,development,3,DBAASP
dbaasp_4553,LRRLWLRANRL,paero,ATCC 27853,127.9381304,2.107,development,4,DBAASP
dbaasp_759,ACYCRIPACIAGERRYGTCIYQGRLWAFCC,paero,ATCC 27853,3.006076303,0.478,development,2,DBAASP
dbaasp_8615,RIRFPWPWRWPWWRRVRG,paero,ATCC 27853,0.199986187,-0.699,development,2,DBAASP
dbaasp_13431,VALTGLTVAEYFR,paero,ATCC 27853,7.798301105,0.892,development,5,DBAASP
dbaasp_1584,IDWKKLLDAAKQIL,paero,ATCC 27853,127.9381304,2.107,development,4,DBAASP
dbaasp_19676,GYCFTACYLRNGVRACYRRCN,paero,ATCC 27853,0.250034536,-0.602,development,3,DBAASP
dbaasp_8916,GILSSLLKKWKKIIAK,paero,ATCC 27853,5.00034535,0.699,development,2,DBAASP
dbaasp_15998,GLMKLLRELLHMFSRVG,paero,ATCC 27853,8.072350302,0.907,development,4,DBAASP
dbaasp_8878,WGHKLRSSWNKVKHAVKKGAGYASGACRVLGH,paero,ATCC 27853,0.779830111,-0.108,development,1,DBAASP
dbaasp_662,GWMSKIASGIGTFLSGMQQ,paero,ATCC 27853,100,2,development,5,DBAASP
dbaasp_8612,NLCASLRARHTIPQCKKFGRR,paero,ATCC 27853,31.9889511,1.505,development,5,DBAASP
dbaasp_3475,FLGALWNVAKSVF,paero,ATCC 27853,0.779830111,-0.108,development,1,DBAASP
dbaasp_19286,GLLGKILGAGKKVL,paero,ATCC 27853,511.6818355,2.709,development,3,DBAASP
dbaasp_16796,GLLKLLKKLLKLLK,paero,ATCC 27853,19.0107828,1.279,development,5,DBAASP
dbaasp_779,GLFDIIKKIAESF,paero,ATCC 27853,136.7728826,2.136,development,3,DBAASP
dbaasp_11702,KWCARVCYRGICYRRCR,paero,ATCC 27853,0.230144182,-0.638,development,3,DBAASP
dbaasp_12629,FLSLIPKIISAISALINHF,paero,ATCC 27853,511.6818355,2.709,development,3,DBAASP
dbaasp_15905,KRFWPLVPVAINTVAAGINLYKAIRRK,paero,ATCC 27853,1.99986187,0.301,development,1,DBAASP
dbaasp_11386,RGGCLCYCRRRFCVCVCR,paero,ATCC 27853,1.210598134,0.083,development,3,DBAASP
dbaasp_8149,KFGKAFVKILKK,paero,ATCC 27853,11.50800389,1.061,development,2,DBAASP
dbaasp_19951,WRWRWRWRWRWR,paero,ATCC 27853,7.99834255,0.903,development,1,DBAASP
dbaasp_15801,FLGAILKIGHALAKTVLPMVTNAFKPKQ,paero,ATCC 27853,31.9889511,1.505,development,5,DBAASP
dbaasp_17660,GFLKRFKTLF,paero,ATCC 27853,7.99834255,0.903,development,1,DBAASP
dbaasp_15056,KRIVQRIKDFLA,paero,ATCC 27853,39.99447498,1.602,development,3,DBAASP
dbaasp_5844,FWGLKGLKKFSKKL,paero,ATCC 27853,30.06076303,1.478,development,4,DBAASP
dbaasp_4189,RIGVLLARLPKLFSLFKLMGKKV,paero,ATCC 27853,5.997910763,0.778,development,5,DBAASP
dbaasp_19856,FLPKVKKLLEGLL,paero,ATCC 27853,31.9889511,1.505,development,4,DBAASP
dbaasp_19602,IRIRRRRFRIRI,paero,ATCC 27853,3.999447498,0.602,development,2,DBAASP
dbAMP_01734,FFWHHIGHALDAAKRVHGMLSG,paero,ATCC 27853,3.16227766,0.5,development,2,dbAMP
dbaasp_10392,SPRRRTPSPRRRRSQSPRRR,paero,ATCC 27853,100,2,development,2,DBAASP
dbaasp_3116,GLLKRIKTLL,paero,ATCC 27853,7.99834255,0.903,development,3,DBAASP
dbaasp_13761,GLFDVIRKVASVIGGL,paero,ATCC 27853,19.6788629,1.294,development,5,DBAASP
dbaasp_13097,GLRKRLRKFRNKIKEKLKKIGQKSQGLLPKLAPRTDY,paero,ATCC 27853,1.823895702,0.261,development,4,DBAASP
dbaasp_17399,LNWGAWLKHWWK,paero,ATCC 27853,31.9889511,1.505,development,4,DBAASP
dbaasp_11469,CLNLKALLAVAKKILC,paero,ATCC 27853,31.9889511,1.505,development,4,DBAASP
dbaasp_4736,GFFKKAWRKVKHAGRRVLDTAKGVGRHYVNNWLNRYR,paero,ATCC 27853,1.790605854,0.253,development,1,DBAASP
dbaasp_11395,YKARRWAWRWK,paero,ATCC 27853,31.47748314,1.498,development,1,DBAASP
dbaasp_10701,RIRWILRYWRWS,paero,ATCC 27853,3.999447498,0.602,development,4,DBAASP
dbaasp_8919,GILSSLWKKPKKIIAK,paero,ATCC 27853,97.94899854,1.991,development,3,DBAASP
dbaasp_11735,KWCFRACYRGICYRRCR,paero,ATCC 27853,0.449779855,-0.347,development,5,DBAASP
dbaasp_10536,GGVCPKILKKCRRDSDCPGACICRGNGYCGSGSD,paero,ATCC 27853,159.9558029,2.204,development,2,DBAASP
dbaasp_19576,KLLKKLKKKLKKLLK,paero,ATCC 27853,3.097419299,0.491,development,2,DBAASP
dbaasp_16466,FLKWALKVAAK,paero,ATCC 27853,63.97348355,1.806,development,1,DBAASP
dbaasp_19603,RIRIRRRFIRIR,paero,ATCC 27853,15.99558029,1.204,development,4,DBAASP
dbaasp_10833,FLSLIPKIATGIAALAKHL,paero,ATCC 27853,31.9889511,1.505,development,4,DBAASP
dbaasp_7766,RFRRLRKKKRKRLKKI,paero,ATCC 27853,127.9381304,2.107,development,2,DBAASP
dbaasp_1346,EPFKISIHL,paero,ATCC 27853,28.18382931,1.45,development,2,DBAASP
dbaasp_4619,FVPWFSKFLGRIL,paero,ATCC 27853,47.97334486,1.681,development,5,DBAASP
dbAMP_19461,LRLKKRRWKWRVPP,paero,ATCC 27853,6.576578374,0.818,development,2,dbAMP
dbaasp_7702,KFFKKLKKAVKKGFKKFAKV,paero,ATCC 27853,5.248074602,0.72,development,3,DBAASP
dbaasp_18125,KWKSKLKTFKSAKKTVLHTALKAISS,paero,ATCC 27853,10.99005839,1.041,development,5,DBAASP
dbaasp_11828,FLKLLKALL,paero,ATCC 27853,15.3815464,1.187,development,5,DBAASP
dbaasp_18728,GILGKLWEGVKSIA,paero,ATCC 27853,25.00345362,1.398,development,2,DBAASP
dbaasp_19516,ASVVKKLTKGVAGLLK,paero,ATCC 27853,63.97348355,1.806,development,4,DBAASP
dbaasp_18658,FIIGGLFSAGKAIHRLIRRRRR,paero,ATCC 27853,49.3173804,1.693,development,2,DBAASP
dbaasp_1775,RLGNFFRKAKKKIGRGLKKIGQKIKDFLGNLVPRTES,paero,ATCC 27853,0.500034535,-0.301,development,5,DBAASP
dbaasp_2335,HFLGTLVNLAKKIL,paero,ATCC 27853,31.9889511,1.505,development,2,DBAASP
dbaasp_17853,GRWWWRG,paero,ATCC 27853,127.9381304,2.107,development,4,DBAASP
dbaasp_14000,FRRFRRRWRRRFRRF,paero,ATCC 27853,3.419794425,0.534,development,5,DBAASP
dbaasp_13093,GLRKRLRKFRNKIKEKLKKILQKIQGLLPKLAPRTDY,paero,ATCC 27853,3.580964371,0.554,development,2,DBAASP
dbaasp_13657,WIAGLAANFLPQILCKIARKC,paero,ATCC 27853,43.2513831,1.636,development,5,DBAASP
dbaasp_12701,IKPIIKPIIKPIIKPIIKPI,paero,ATCC 27853,63.97348355,1.806,development,4,DBAASP
dbaasp_14109,ALWKSILKNVGKAAGKAVLNAVTDMVNQ,paero,ATCC 27853,3.999447498,0.602,development,3,DBAASP
dbaasp_16102,FALGAVTCLIRTKCKVLPKLF,paero,ATCC 27853,127.9381304,2.107,development,1,DBAASP
dbaasp_10854,KRRWRIWLV,paero,ATCC 27853,6.180164001,0.791,development,2,DBAASP
dbaasp_13039,AARIILRWFRR,paero,ATCC 27853,7.99834255,0.903,development,4,DBAASP
dbaasp_15054,KRIVQRIKDALR,paero,ATCC 27853,19.9986187,1.301,development,5,DBAASP
dbaasp_3195,ALWKNMLKGIGKLAGQAALGAVKTLVGAES,paero,ATCC 27853,5.395106225,0.732,development,1,DBAASP
dbaasp_9327,GRRPRPRPRPWWW,paero,ATCC 27853,79.9834255,1.903,development,2,DBAASP
dbaasp_7265,GVVDILKGAAKDIAGHLLSKVMNKL,paero,ATCC 27853,100,2,development,3,DBAASP
dbaasp_16391,GAVVDILKGAGKNLLSLALNKLSEKV,paero,ATCC 27853,125.025903,2.097,development,1,DBAASP
dbaasp_15064,KRIVQRIKDKLR,paero,ATCC 27853,10,1,development,2,DBAASP
dbaasp_11799,GLRKRLRKFRNKIKEKLKKIGQKGQGLLPKLAPRTDY,paero,ATCC 27853,3.672823005,0.565,development,4,DBAASP
dbAMP_27926,GFMKYIGPLIPHAVKAIKKLI,paero,ATCC 27853,12.5025903,1.097,development,1,dbAMP
dbaasp_4333,VKRFKKFFRKLKKSVKKL,paero,ATCC 27853,27.92543841,1.446,development,4,DBAASP
dbaasp_693,KIGAKIKIGAKIKIGAKI,paero,ATCC 27853,17.45822153,1.242,development,4,DBAASP
dbaasp_8899,GIMSSLMKKLAAIIAK,paero,ATCC 27853,7.99834255,0.903,development,5,DBAASP
dbaasp_4581,KSDVRRWRSRY,paero,ATCC 27853,100,2,development,5,DBAASP
dbaasp_1183,QKKIRVRLSA,paero,ATCC 27853,3.388441561,0.53,development,3,DBAASP
dbAMP_24821,VKRWKKFWRKWKKWW,paero,ATCC 27853,7.99834255,0.903,development,4,dbAMP
dbAMP_24871,IKKIWSKIKKWWK,paero,ATCC 27853,29.99162519,1.477,development,2,dbAMP
dbaasp_17592,NRRMKWKK,paero,ATCC 27853,50.0034535,1.699,development,4,DBAASP
dbAMP_11739,VGALAVVVWLWLWLW,paero,ATCC 27853,35.72728382,1.553,development,3,dbAMP
dbaasp_17434,GKKGGKGGKGKGK,paero,ATCC 27853,27.41574172,1.438,development,1,DBAASP
dbaasp_14636,FLGALWNPAKSVF,paero,ATCC 27853,50.0034535,1.699,development,2,DBAASP
dbaasp_13981,KKLLKKPLLKKLLKKL,paero,ATCC 27853,1.559552503,0.193,development,4,DBAASP
dbaasp_10715,RRRRRFRRVIRRIRLPKYLTINTE,paero,ATCC 27853,31.9889511,1.505,development,3,DBAASP
dbaasp_11398,YRAWRWAWRWR,paero,ATCC 27853,11.93988104,1.077,development,4,DBAASP
dbaasp_17818,GKKWWGWKAK,paero,ATCC 27853,199.0673339,2.299,development,4,DBAASP
dbaasp_573,KWKVFKKIEKMGRNIRNGIVKAGPAIAVLGEAKAL,paero,ATCC 27853,1.499684836,0.176,development,2,DBAASP
dbaasp_478,KKAAAAFAAFAAWFAAFAAAAKKKK,paero,ATCC 27853,7.99834255,0.903,development,1,DBAASP
dbaasp_7733,GVLDILKGAAKDLAGHVATKVINKI,paero,ATCC 27853,100,2,development,5,DBAASP
dbaasp_4566,WKSYVRRWRS,paero,ATCC 27853,100,2,development,3,DBAASP
dbaasp_18222,PFRLSLRL,paero,ATCC 27853,31.9889511,1.505,development,4,DBAASP
dbaasp_15070,KRKVKRIKKFLR,paero,ATCC 27853,2.500345362,0.398,development,4,DBAASP
dbaasp_15880,RYRRKKKMKKALQYIKL,paero,ATCC 27853,100,2,development,3,DBAASP
dbaasp_15874,KKKMKKALQYIKLLKE,paero,ATCC 27853,100,2,development,2,DBAASP
dbaasp_18656,FIHIIGGLFSAGKAIHRLIRRRRR,paero,ATCC 27853,89.94975815,1.954,development,5,DBAASP
dbaasp_9991,NLVSDIIGSKKHMEKLISIIKKCR,paero,ATCC 27853,149.9684836,2.176,development,3,DBAASP
dbaasp_10627,WLRRIKAWLRRKRK,paero,ATCC 27853,7.99834255,0.903,development,1,DBAASP
dbAMP_25370,LLRKRLRKFRNKIKEKLKKIGQKIQGFVPKLVPRTES,paero,ATCC 27853,2.10377844,0.323,development,4,dbAMP
dbAMP_19507,LRLKKRRWTYRVPP,paero,ATCC 27853,6.745280277,0.829,development,5,dbAMP
dbaasp_9231,SGKLYYRRKK,paero,ATCC 27853,100,2,development,2,DBAASP
dbaasp_14116,KKKPKPPYLPKPKPPPFFPPKLPPKI,paero,ATCC 27853,21.42890601,1.331,development,2,DBAASP
dbaasp_11741,KWCFRVSYRGIAYRRCR,paero,ATCC 27853,3.630780548,0.56,development,3,DBAASP
dbaasp_8917,GILSSLLKKLKKWIAK,paero,ATCC 27853,7.99834255,0.903,development,2,DBAASP
dbAMP_19520,LRLKKRRWKYRVPV,paero,ATCC 27853,6.652731562,0.823,development,3,dbAMP
dbAMP_19456,LRLKKRRYKYRVPP,paero,ATCC 27853,13.48962883,1.13,development,4,dbAMP
dbaasp_14241,SRWRWWWRWRA,paero,ATCC 27853,1.99986187,0.301,development,5,DBAASP
dbaasp_4579,QLKVDLWGTRSGI,paero,ATCC 27853,100,2,development,4,DBAASP
dbaasp_19813,GSKKPVPIIYTNRRTGKCQRM,paero,ATCC 27853,7.99834255,0.903,development,5,DBAASP
dbaasp_18231,PWRLRLRL,paero,ATCC 27853,7.99834255,0.903,development,3,DBAASP
dbaasp_4621,FVPWFSKFLPRIL,paero,ATCC 27853,47.97334486,1.681,development,2,DBAASP
dbaasp_17694,WRWWRWWRWWRW,paero,ATCC 27853,31.9889511,1.505,development,2,DBAASP
dbAMP_24882,DIGKYCGYAHALN,paero,ATCC 27853,25.00345362,1.398,development,4,dbAMP
dbaasp_11798,GLRKRLRKFRNKIKEKLKKIGQKDQGLLPKLAPRTDY,paero,ATCC 27853,14.48771854,1.161,development,4,DBAASP
dbaasp_8075,IRIRCRRRFCRIRI,paero,ATCC 27853,3.999447498,0.602,development,4,DBAASP
dbaasp_10713,YSWPRMPRIPRLPRYPRYPRYPRWPRHPTIYA,paero,ATCC 27853,7.99834255,0.903,development,3,DBAASP
dbaasp_11893,LNALKKVFQGIHEAIKKI,paero,ATCC 27853,3.999447498,0.602,development,2,DBAASP
dbaasp_11276,IARRALKASLRARHTIPQCKKFGRR,paero,ATCC 27853,3.999447498,0.602,development,2,DBAASP
dbaasp_14022,IHHIHHHIHHIHHH,paero,ATCC 27853,7.99834255,0.903,development,5,DBAASP
dbaasp_1241,ILGTILGLLKGL,paero,ATCC 27853,31.9889511,1.505,development,1,DBAASP
dbaasp_13065,AARIILRPRFR,paero,ATCC 27853,127.9381304,2.107,development,4,DBAASP
dbaasp_14034,LWKAAAKAAAKLW,paero,ATCC 27853,7.99834255,0.903,development,5,DBAASP
dbaasp_17814,GKKPGGWKAK,paero,ATCC 27853,240.9905429,2.382,development,1,DBAASP
dbaasp_18154,LPLIAGLWGKIW,paero,ATCC 27853,127.9381304,2.107,development,1,DBAASP
dbAMP_19453,LRVKKRRWKYRVPP,paero,ATCC 27853,3.326595533,0.522,development,3,dbAMP
dbaasp_17437,GRRGGRGGR,paero,ATCC 27853,35.15604405,1.546,development,2,DBAASP
dbAMP_27530,RGRKGGRRKK,paero,ATCC 27853,3.999447498,0.602,development,3,dbAMP
dbAMP_25024,WKLFKKILKYL,paero,ATCC 27853,255.8585887,2.408,development,1,dbAMP
dbaasp_14728,GWWARTVAKVRK,paero,ATCC 27853,12.5025903,1.097,development,3,DBAASP
dbaasp_14970,PIRTKRRWKLIKKGGKIVKDLLTKNNIIILPGGNE,paero,ATCC 27853,16.03245391,1.205,development,2,DBAASP
dbaasp_3889,FLSLIPHIVSGVASIAKHF,paero,ATCC 27853,100,2,development,5,DBAASP
dbAMP_16445,LLKKALRLWKKVL,paero,ATCC 27853,10.0461579,1.002,development,3,dbAMP
dbaasp_18046,LLPIVGNLLKSLLGWKAKRFG,paero,ATCC 27853,100,2,development,1,DBAASP
dbAMP_19518,LRLKKRRWKYRVPL,paero,ATCC 27853,6.591738952,0.819,development,5,dbAMP
dbaasp_8904,GIMSSLMKKLKKIIKK,paero,ATCC 27853,7.09577768,0.851,development,1,DBAASP
dbaasp_19001,PMKKLFKLLARIAVKIPVW,paero,ATCC 27853,6.251726928,0.796,development,3,DBAASP
dbaasp_2128,FDIMGLIKKVAGAL,paero,ATCC 27853,29.99162519,1.477,development,3,DBAASP
dbaasp_18219,PFKLKLKL,paero,ATCC 27853,31.9889511,1.505,development,5,DBAASP
dbaasp_16430,LKKLCARLKKLCARLKKLCARLKKLCAR,paero,ATCC 27853,63.97348355,1.806,development,2,DBAASP
dbAMP_02735,GGLKKLGKKLEGAGKRVFKASEKALPVVVGIKAIGK,paero,ATCC 27853,0.899497582,-0.046,development,3,dbAMP
dbaasp_16489,GLARCLAGTL,paero,ATCC 27853,8.375292821,0.923,development,3,DBAASP
dbaasp_4575,IWRIFRRIFRIF,paero,ATCC 27853,3.999447498,0.602,development,1,DBAASP
dbaasp_5383,KRFKKFFKKVKKSVKKRLKKIFKKPMVIGVTIPF,paero,ATCC 27853,0.242102905,-0.616,development,2,DBAASP
dbaasp_9179,GMWSKIKETAMAAAKEAAKAAGKTISDMIKQ,paero,ATCC 27853,19.58844674,1.292,development,1,DBAASP
dbaasp_3007,ALWKTIIKGAGKMIGSLAKNLLGSQAQPES,paero,ATCC 27853,100,2,development,2,DBAASP
dbaasp_9326,GRRPRPRPRP,paero,ATCC 27853,159.9558029,2.204,development,1,DBAASP
dbaasp_17400,LVKRVKKVL,paero,ATCC 27853,63.97348355,1.806,development,2,DBAASP
dbaasp_8646,KLRKLFRKLLKLIRKLLR,paero,ATCC 27853,6.902398038,0.839,development,4,DBAASP
dbAMP_27581,CRRWWRFC,paero,ATCC 27853,1.599558029,0.204,development,5,dbAMP
dbAMP_25222,FFSMIPHIATGIASLVKNL,paero,ATCC 27853,31.9889511,1.505,development,5,dbAMP
dbaasp_19250,IAGAILPLALGALKNLIK,paero,ATCC 27853,31.9889511,1.505,development,5,DBAASP
dbaasp_17255,FLKYLKKLL,paero,ATCC 27853,6.966265141,0.843,development,5,DBAASP
dbaasp_11271,FFKLIPKLVKGLISAFK,paero,ATCC 27853,1.169499391,0.068,development,2,DBAASP
dbaasp_1022,GIFSKLAGKKLKNLLISG,paero,ATCC 27853,7.99834255,0.903,development,1,DBAASP
dbaasp_572,KWKIFKKIEKVGRNIRNGIIKAGPAVAVLGEAKAL,paero,ATCC 27853,3.133285724,0.496,development,4,DBAASP
dbaasp_19026,FLALALIPKAIAKLK,paero,ATCC 27853,127.9381304,2.107,development,2,DBAASP
dbaasp_16155,FLPKIFCAITKKC,paero,ATCC 27853,511.6818355,2.709,development,1,DBAASP
dbaasp_1217,AAGMGFFGAR,paero,ATCC 27853,12.70574105,1.104,development,4,DBAASP
dbaasp_14243,GWWRRWRRWWA,paero,ATCC 27853,3.999447498,0.602,development,1,DBAASP
dbaasp_19522,ASVVKKLTKKVAGLLK,paero,ATCC 27853,31.9889511,1.505,development,3,DBAASP
dbaasp_10906,FLPIVAKLLSGLL,paero,ATCC 27853,127.9381304,2.107,development,2,DBAASP
dbaasp_11859,KWKVLKKKIMKMLRNRINGLVKAGPALKVKLQALAL,paero,ATCC 27853,1.499684836,0.176,development,2,DBAASP
dbaasp_10395,GRRGPRRANQNGTRRRRRRT,paero,ATCC 27853,25.00345362,1.398,development,4,DBAASP
dbaasp_11862,KWKAFKKIEKMIRNIRNKIVK,paero,ATCC 27853,2.999162519,0.477,development,2,DBAASP
dbaasp_14121,FAKKFAKKFKKFAKKFAFAFAF,paero,ATCC 27853,12.16186001,1.085,development,3,DBAASP
dbaasp_17655,GLAKRAKTLL,paero,ATCC 27853,511.6818355,2.709,development,3,DBAASP
dbaasp_13911,RFRRLRWKTRWRLKKIRFGRFLRKIRRFRPK,paero,ATCC 27853,1.99986187,0.301,development,4,DBAASP
dbaasp_19467,FIKKIAKLLKKIF,paero,ATCC 27853,6.367955209,0.804,development,1,DBAASP
dbaasp_12507,KGKKGVIIAILLFAIIYKKK,paero,ATCC 27853,127.9381304,2.107,development,1,DBAASP
dbaasp_7149,LLPIVGNLLKSLLGWKRKAFG,paero,ATCC 27853,199.986187,2.301,development,1,DBAASP
dbaasp_17656,GLLKRLKTLA,paero,ATCC 27853,63.97348355,1.806,development,3,DBAASP
dbaasp_18047,LLPIVGNLLKSLLGWKRARFG,paero,ATCC 27853,25.00345362,1.398,development,3,DBAASP
dbaasp_5011,FALLGDFFRKSKEKIGKEFKRIVQRIKDFFRKLVPRTES,paero,ATCC 27853,3.372873087,0.528,development,4,DBAASP
dbaasp_20054,AWRRRWA,paero,ATCC 27853,127.9381304,2.107,development,2,DBAASP
dbaasp_17427,GRRGSGLGRSSSRGQRGSGSGR,paero,ATCC 27853,7.413102413,0.87,development,4,DBAASP
dbaasp_11825,FLKALKKLL,paero,ATCC 27853,1.896705921,0.278,development,5,DBAASP
dbaasp_17599,RQIRRWWQR,paero,ATCC 27853,50.0034535,1.699,development,1,DBAASP
dbaasp_15036,RLFDKIRQVIRK,paero,ATCC 27853,10,1,development,3,DBAASP
dbaasp_2209,FLGSIVGALASALPSLISKIRN,paero,ATCC 27853,50.0034535,1.699,development,5,DBAASP
dbaasp_20059,WWWRRRWWW,paero,ATCC 27853,15.99558029,1.204,development,4,DBAASP
dbaasp_18788,GWWRRTVDKVRNAGRKV,paero,ATCC 27853,123.8796587,2.093,development,5,DBAASP
dbaasp_5439,KMDSRWRWKSSKK,paero,ATCC 27853,11.72195366,1.069,development,3,DBAASP
dbaasp_19669,GYCFTACALRNGVRICYRRCN,paero,ATCC 27853,0.250034536,-0.602,development,1,DBAASP
dbaasp_19963,GKWMKMLKKILK,paero,ATCC 27853,5.296634439,0.724,development,2,DBAASP
dbaasp_19948,WRNWRNWRNWRNWRNWRN,paero,ATCC 27853,31.9889511,1.505,development,1,DBAASP
dbAMP_04817,INWKKIKSIIKAAMN,paero,ATCC 27853,19.0107828,1.279,development,2,dbAMP
dbAMP_15965,ILKKLLKKVKSI,paero,ATCC 27853,25.00345362,1.398,development,1,dbAMP
dbaasp_18167,LWGALLGLGSTLLSKL,paero,ATCC 27853,299.9162519,2.477,development,3,DBAASP
dbaasp_11887,WLNALKKVWQGIHEAIKLIWNWVQ,paero,ATCC 27853,15.99558029,1.204,development,2,DBAASP
dbAMP_19493,LRLKKRWWKYRVPP,paero,ATCC 27853,3.250872974,0.512,development,5,dbAMP
dbaasp_19569,KLLPSVVGLFKKKKQ,paero,ATCC 27853,50.0034535,1.699,development,3,DBAASP
dbaasp_14024,IHHIHHHIHHIHHHIHHIHHHIHHIHHH,paero,ATCC 27853,1,0,development,4,DBAASP
dbaasp_7275,GVVDILKAAAKDIAGHLASKVMNKL,paero,ATCC 27853,100,2,development,4,DBAASP
dbaasp_12758,GKKYRRFRWKFKGKLFLFG,paero,ATCC 27853,6.546361741,0.816,development,4,DBAASP
dbaasp_15971,GLFGAIAGFIKKGWKGMVKG,paero,ATCC 27853,7.603262769,0.881,development,2,DBAASP
dbaasp_1679,FLPLVLGALSGILPKIL,paero,ATCC 27853,2.685344446,0.429,development,4,DBAASP
dbaasp_17220,GFCWYACAKRNGLRVCYRRCN,paero,ATCC 27853,0.79250133,-0.101,development,2,DBAASP
dbaasp_11806,ALWKSLLKNVGKA,paero,ATCC 27853,127.9381304,2.107,development,3,DBAASP
dbaasp_14115,KIRAKLCLGRFCIRAKLR,paero,ATCC 27853,30.06076303,1.478,development,4,DBAASP
dbaasp_1781,GIGKFLHSAGKFGKAFVGEIMKS,paero,ATCC 27853,208.9296131,2.32,development,4,DBAASP
dbaasp_12186,GIMDTVKNAAKNLAGQLLDKLKCSITAC,paero,ATCC 27853,511.6818355,2.709,development,3,DBAASP
dbaasp_19606,VRVRRRRFRVRV,paero,ATCC 27853,63.97348355,1.806,development,3,DBAASP
dbaasp_826,GVLSNVIGYLKKLGTGALNAVLKQ,paero,ATCC 27853,102.5651926,2.011,development,3,DBAASP
dbaasp_948,FWGALAKGALKLIPSLFSSFSKKD,paero,ATCC 27853,12.5025903,1.097,development,4,DBAASP
dbaasp_9753,KIAKVALKALKIAKVALKAL,paero,ATCC 27853,5.997910763,0.778,development,1,DBAASP
dbaasp_7239,KKHRKHRKHRKHGGSGGSKNLRRIIRKGIHIIKKYG,paero,ATCC 27853,5.997910763,0.778,development,5,DBAASP
dbaasp_481,RRRAAFAAWAAFAARRR,paero,ATCC 27853,15.99558029,1.204,development,5,DBAASP
dbaasp_4408,GLKKIFKAGLGSLVKGIAAHVAS,paero,ATCC 27853,5.997910763,0.778,development,2,DBAASP
dbaasp_7730,GLKDMIKNLAKEAAVKLAGAVINKFSPQPQ,paero,ATCC 27853,10,1,development,3,DBAASP
dbaasp_447,KWKLFKKIGAVLKVL,paero,ATCC 27853,1.99986187,0.301,development,3,DBAASP
dbaasp_8909,GILSKLLKKLKKIIAK,paero,ATCC 27853,4.497798549,0.653,development,5,DBAASP
dbaasp_17392,LNWKAILKHIIK,paero,ATCC 27853,15.99558029,1.204,development,5,DBAASP
dbaasp_7719,AAAAAAAIKMLMDLVNERIMALNKKAKK,paero,ATCC 27853,19.9986187,1.301,development,2,DBAASP
dbaasp_1216,LRQSQFVGSR,paero,ATCC 27853,21.28139046,1.328,development,4,DBAASP
dbaasp_14719,GWWRRTVDKVRNAGRK,paero,ATCC 27853,12.5025903,1.097,development,2,DBAASP
dbaasp_12506,KKKFIYIVLALIKGAIIKKG,paero,ATCC 27853,63.97348355,1.806,development,2,DBAASP
dbAMP_00217,AGWGSIFKHIFKAGKFIHGAIQAHND,paero,ATCC 27853,63.97348355,1.806,development,2,dbAMP
dbaasp_19671,GYCFTACYARNGVRICYRRCN,paero,ATCC 27853,0.125025903,-0.903,development,3,DBAASP
dbaasp_4203,WRSLGRTLLRLSHALKPLARRSGW,paero,ATCC 27853,0.1,-1,development,3,DBAASP
dbaasp_16197,GLFWIIKKTIGKLR,paero,ATCC 27853,4.764309868,0.678,development,1,DBAASP
dbaasp_10699,GIHHILKYGKPS,paero,ATCC 27853,31.9889511,1.505,development,3,DBAASP
dbaasp_13069,AARIILRTRFR,paero,ATCC 27853,127.9381304,2.107,development,5,DBAASP
dbaasp_7152,KLLLKLKLKLLK,paero,ATCC 27853,100,2,development,2,DBAASP
dbaasp_4559,SGIQPEQHSS,paero,ATCC 27853,100,2,development,5,DBAASP
dbaasp_18736,FLPAIYKQIQKKRK,paero,ATCC 27853,50.0034535,1.699,development,4,DBAASP
dbaasp_475,KKAAAFAAAAAFAAWAAFAAAKKKK,paero,ATCC 27853,7.99834255,0.903,development,2,DBAASP
dbaasp_3536,FLPILASLAAKFGPKLFCLVTKKC,paero,ATCC 27853,10,1,development,3,DBAASP
dbAMP_19402,FRLKKRRWKYRVPP,paero,ATCC 27853,4.920395357,0.692,development,5,dbAMP
dbaasp_7280,GAVDILKGAAKDIAGHLASKVMNKL,paero,ATCC 27853,100,2,development,3,DBAASP
DRAMP01775,FLSGIVGMLGKLFGK,paero,ATCC 27853,30.97419299,1.491,development,4,DRAMP
dbaasp_7281,GVADILKGAAKDIAGHLASKVMNKL,paero,ATCC 27853,100,2,development,4,DBAASP
dbaasp_7264,GVVDILKGAAKDIAGHLAAKVMNKL,paero,ATCC 27853,100,2,development,2,DBAASP
dbaasp_8004,SRSELIVHQRLF,paero,ATCC 27853,68.23386941,1.834,development,3,DBAASP
dbaasp_15060,KRIVKRIKDFLR,paero,ATCC 27853,2.500345362,0.398,development,1,DBAASP
dbaasp_7805,VLNEALLR,paero,ATCC 27853,31.9889511,1.505,development,4,DBAASP
dbaasp_17356,KALKALKKALKALKKALKALK,paero,ATCC 27853,3.999447498,0.602,development,1,DBAASP
dbaasp_3787,IKIPAVVKDTLKKVAKGVLSAVAGALTQ,paero,ATCC 27853,39.99447498,1.602,development,3,DBAASP
dbaasp_12926,LLKAAAKAAAKLL,paero,ATCC 27853,127.9381304,2.107,development,5,DBAASP
dbaasp_14102,FLPLILFWIVTAL,paero,ATCC 27853,392.6449354,2.594,development,2,DBAASP
dbaasp_20182,CGKKWGWWKCKL,paero,ATCC 27853,85.11380382,1.93,development,5,DBAASP
dbaasp_8864,GILGKLWEGVKSIF,paero,ATCC 27853,12.5025903,1.097,development,4,DBAASP
dbaasp_19256,IAKAILPLALKALKNLIK,paero,ATCC 27853,1.99986187,0.301,development,2,DBAASP
dbAMP_24849,GKLWLKGGKLWLKGGKLWLKGGKLWLKG,paero,ATCC 27853,85.90135215,1.934,development,3,dbAMP
dbaasp_17532,WKKLFKKILKYL,paero,ATCC 27853,1.510080154,0.179,development,1,DBAASP
dbaasp_7819,SFKKFWGGVKAIFKGARKGWK,paero,ATCC 27853,1,0,development,1,DBAASP
dbaasp_370,GCRRFKKFKKWRYRGRFWFWCFG,paero,ATCC 27853,40.92606597,1.612,development,4,DBAASP
dbaasp_2325,KLKLLKLLKLLKLLK,paero,ATCC 27853,5.997910763,0.778,development,5,DBAASP
dbaasp_17239,FLKRLKKLL,paero,ATCC 27853,7.014552984,0.846,development,2,DBAASP
dbAMP_24944,LRRLRKWLRRLLKLL,paero,ATCC 27853,1,0,development,3,dbAMP
dbaasp_11230,KIGKALGKALKALGKALGKA,paero,ATCC 27853,7.99834255,0.903,development,4,DBAASP
dbAMP_21498,LLLLLKKKKKKLLLL,paero,ATCC 27853,7.99834255,0.903,development,5,dbAMP
dbaasp_13011,LKGKLWLKGKL,paero,ATCC 27853,31.9889511,1.505,development,5,DBAASP
dbaasp_14732,GWWRRTVAAVRK,paero,ATCC 27853,6.295061829,0.799,development,5,DBAASP
dbAMP_25428,IWQWIVGGLGFLAGDAWSHSDQISSGIKKRKKKGYGY,paero,ATCC 27853,19.9986187,1.301,development,2,dbAMP
dbaasp_10399,RNFFKRIRRAGKRIRKAIISAAPAVETLAQAQKIIKGGD,paero,ATCC 27853,2.500345362,0.398,development,2,DBAASP
dbaasp_3470,LKKLLKKLLKW,paero,ATCC 27853,2.870780582,0.458,development,3,DBAASP
dbaasp_16805,GLFDIVKKVVGALG,paero,ATCC 27853,23.01441817,1.362,development,3,DBAASP
dbaasp_18152,FLPLIAGLFGKIF,paero,ATCC 27853,127.9381304,2.107,development,1,DBAASP
dbaasp_4536,RKCNFLCKLKEKLRTVITSHIDKVLRPQG,paero,ATCC 27853,2.754228703,0.44,development,4,DBAASP
dbaasp_17677,GFFRRIRTFF,paero,ATCC 27853,3.999447498,0.602,development,3,DBAASP
dbaasp_13084,GLRKRLRKFRNKIKEMLKKIGQKIQGLLPKLAPRTDY,paero,ATCC 27853,3.622429984,0.559,development,3,DBAASP
dbaasp_817,YPSKPDNPGEDAPAEDMARYYSALRHYINLITRQRY,paero,ATCC 27853,31.55004623,1.499,development,4,DBAASP
dbAMP_27087,RLLRKFFRKLKKSV,paero,ATCC 27853,4.436086439,0.647,development,5,dbAMP
dbaasp_18812,RWIKIPGRWIKI,paero,ATCC 27853,8.892011179,0.949,development,1,DBAASP
dbaasp_18824,RWLKLNGRWLKL,paero,ATCC 27853,73.96052751,1.869,development,5,DBAASP
dbaasp_13736,KDRPKKPGLCPAAKKAAAAKA,paero,ATCC 27853,29.71666032,1.473,development,2,DBAASP
dbaasp_8140,IGKFLKKAKKFG,paero,ATCC 27853,95.06047937,1.978,development,3,DBAASP
dbaasp_17665,GIRWKFWKFT,paero,ATCC 27853,15.99558029,1.204,development,1,DBAASP
dbaasp_12508,LKKLKQLLGKLSEFAAAFVA,paero,ATCC 27853,15.99558029,1.204,development,3,DBAASP
dbaasp_12845,KFLKLKWLKSWKNFK,paero,ATCC 27853,12.5025903,1.097,development,1,DBAASP
dbAMP_27317,CKLLLKWLLKLLKC,paero,ATCC 27853,8.994975815,0.954,development,1,dbAMP
dbaasp_14969,KRGLWESLKRKVTKLGDDIRNTLRNFKIKFPVPRQG,paero,ATCC 27853,14.96235656,1.175,development,2,DBAASP
dbaasp_13735,KDRPKKPGLCPLIWWLIIKVG,paero,ATCC 27853,25.58585887,1.408,development,4,DBAASP
dbaasp_10394,RRLTLRQLLGLGSRRRRRSR,paero,ATCC 27853,3.133285724,0.496,development,2,DBAASP
dbaasp_17696,WRKWRK,paero,ATCC 27853,127.9381304,2.107,development,4,DBAASP
dbaasp_8018,AGYLLGKINLKPLAALAKKIL,paero,ATCC 27853,58.47900841,1.767,development,4,DBAASP
dbaasp_7824,FVKKFWGGVKAIFKGARKGLK,paero,ATCC 27853,3.999447498,0.602,development,3,DBAASP
dbaasp_3004,GRLQAFLAKMKEIAAQTL,paero,ATCC 27853,5.023425895,0.701,development,5,DBAASP
dbaasp_16897,KIAKRIWKILRRRLFR,paero,ATCC 27853,3.655947916,0.563,development,2,DBAASP
dbaasp_8137,KLLKWWKKLL,paero,ATCC 27853,7.99834255,0.903,development,4,DBAASP
dbaasp_14242,TRWRWWWRWRA,paero,ATCC 27853,1.99986187,0.301,development,4,DBAASP
dbaasp_15876,KMKKALQYIKLLKE,paero,ATCC 27853,100,2,development,3,DBAASP
dbaasp_10716,RRRRRYRYWRRGLTIQGRPKSLPLNTGD,paero,ATCC 27853,7.99834255,0.903,development,5,DBAASP
dbaasp_4565,WWSYVRRWRSR,paero,ATCC 27853,100,2,development,4,DBAASP
dbaasp_16591,DILIIVGGRR,paero,ATCC 27853,63.97348355,1.806,development,1,DBAASP
dbaasp_17870,FRRWWWRRF,paero,ATCC 27853,3.999447498,0.602,development,5,DBAASP
dbAMP_24870,IKKILSKIKKWWK,paero,ATCC 27853,29.99162519,1.477,development,2,dbAMP
dbaasp_8897,GIMSSLMKKLKKHIAK,paero,ATCC 27853,6.397348355,0.806,development,3,DBAASP
dbaasp_17859,ARWWWRA,paero,ATCC 27853,127.9381304,2.107,development,3,DBAASP
dbaasp_4219,GILSSFKGVAKGVAKNLAGKLLDELKCKITGC,paero,ATCC 27853,5.00034535,0.699,development,5,DBAASP
dbaasp_16001,GIAGLLRSFVRMLAKIMGG,paero,ATCC 27853,8.109610579,0.909,development,3,DBAASP
dbaasp_7269,GVVDILKGAAKDILGHLASKVMNKL,paero,ATCC 27853,50.0034535,1.699,development,1,DBAASP
dbaasp_10682,SLLSLIRLLIT,paero,ATCC 27853,1.599558029,0.204,development,1,DBAASP
dbAMP_20707,KIWKKIWKPGIKKWIKKW,paero,ATCC 27853,15.99558029,1.204,development,1,dbAMP
dbaasp_15061,KRIVQKIKDFLR,paero,ATCC 27853,10,1,development,5,DBAASP
dbaasp_19845,FLPEVAKLLSGLL,paero,ATCC 27853,127.9381304,2.107,development,2,DBAASP
dbaasp_19635,KFAKFAKKFAKFAK,paero,ATCC 27853,19.498446,1.29,development,4,DBAASP
dbaasp_4561,GKSDVRRWRSRY,paero,ATCC 27853,100,2,development,1,DBAASP
dbaasp_19519,ASVVNKLTGKVAGLLK,paero,ATCC 27853,63.97348355,1.806,development,4,DBAASP
dbaasp_17674,KWWKRWKKWW,paero,ATCC 27853,7.99834255,0.903,development,4,DBAASP
dbaasp_13068,AARIILRNRFR,paero,ATCC 27853,127.9381304,2.107,development,3,DBAASP
dbaasp_15887,RKKKMKKALQY,paero,ATCC 27853,100,2,development,1,DBAASP
dbAMP_19118,RRWHWHWPGWHWHWRR,paero,ATCC 27853,7.99834255,0.903,development,5,dbAMP
dbaasp_9048,CWTKSIPPKPC,paero,ATCC 27853,511.6818355,2.709,development,5,DBAASP
dbaasp_349,CVKVRVKVGSGVKVRVKVC,paero,ATCC 27853,0.005000345,-2.301,development,3,DBAASP
dbaasp_18734,FFGAIAKLAMKFLPAIYKQIQKKRK,paero,ATCC 27853,12.5025903,1.097,development,4,DBAASP
dbaasp_15849,RRWSWWWSWRR,paero,ATCC 27853,3.999447498,0.602,development,1,DBAASP
dbaasp_4626,FVRWFSKFLGRIL,paero,ATCC 27853,23.98832919,1.38,development,3,DBAASP
dbAMP_19459,LRLKKRRIKYRVPP,paero,ATCC 27853,6.918309709,0.84,development,3,dbAMP
dbaasp_7024,SPGRPRPFPGRPKPIFRPR,paero,ATCC 27853,100,2,development,1,DBAASP
dbaasp_371,GCKKYRRFRWKFKGKFWFW,paero,ATCC 27853,24.26610095,1.385,development,3,DBAASP
dbAMP_19480,LRLKRRRWKYRVPP,paero,ATCC 27853,3.250872974,0.512,development,4,dbAMP
dbaasp_18163,FWSTLLSIGKSLL,paero,ATCC 27853,299.9162519,2.477,development,3,DBAASP
dbaasp_17667,KKWQWK,paero,ATCC 27853,221.819642,2.346,development,1,DBAASP
dbaasp_4363,ILGKLLSTAAGLLKNL,paero,ATCC 27853,127.9381304,2.107,development,3,DBAASP
dbAMP_25412,WKWKWKWKWKPGKWKWKWKWKW,paero,ATCC 27853,127.9381304,2.107,development,1,dbAMP
dbaasp_1238,ENFFKEIERAGQRIRDAIISAAPAVETLAQAQKIIKGGD,paero,ATCC 27853,41.9758984,1.623,development,2,DBAASP
dbaasp_19672,GYCFTACYRRNGVRICYRRCN,paero,ATCC 27853,0.062950618,-1.201,development,3,DBAASP
dbaasp_16812,KLLKLLKKLLGALG,paero,ATCC 27853,20.98939884,1.322,development,4,DBAASP
dbAMP_24869,IKKIWSKIKKLWK,paero,ATCC 27853,29.99162519,1.477,development,2,dbAMP
dbaasp_4741,GWGSFFKKAAHVGKHVGKAALT,paero,ATCC 27853,5.00034535,0.699,development,3,DBAASP
dbaasp_13884,GFGGGRGGFGGGRGGFGGGGIGGGGFGGGYGGGKIKG,paero,ATCC 27853,0.033036954,-1.481,development,3,DBAASP
dbaasp_11755,KWCFRVCYRGGCYRRCR,paero,ATCC 27853,0.456036916,-0.341,development,2,DBAASP
dbaasp_4425,IKLSPKTKKNLKKVLKGAIKGAIAVAKMV,paero,ATCC 27853,6.251726928,0.796,development,2,DBAASP
dbaasp_19553,ASVVKWLTKWVAKLLK,paero,ATCC 27853,3.999447498,0.602,development,1,DBAASP
dbaasp_17614,RWWKWWWWWRRWKWKK,paero,ATCC 27853,50.0034535,1.699,development,1,DBAASP
dbaasp_4279,GIPCGESCVFIPCTVTALLGCSCKDKVCYKN,paero,ATCC 27853,0.625172693,-0.204,development,5,DBAASP
dbaasp_17354,KLAKLAK,paero,ATCC 27853,95.06047937,1.978,development,3,DBAASP
dbaasp_16811,KLLKLLKKLVGALG,paero,ATCC 27853,20.98939884,1.322,development,2,DBAASP
dbaasp_9630,LRWLRWG,paero,ATCC 27853,127.9381304,2.107,development,2,DBAASP
dbAMP_14847,AKKVFKRLEKLFSKIWNWK,paero,ATCC 27853,6.295061829,0.799,development,1,dbAMP
dbaasp_2206,FLSHIAGFLSNLF,paero,ATCC 27853,161.0645635,2.207,development,5,DBAASP
dbaasp_1652,FLSLIPHAINAVSAIAKHN,paero,ATCC 27853,3.999447498,0.602,development,4,DBAASP
dbaasp_14470,RFRWPIRRPPIRPPFYR,paero,ATCC 27853,63.97348355,1.806,development,2,DBAASP
dbaasp_17862,LWRWWWRWL,paero,ATCC 27853,127.9381304,2.107,development,3,DBAASP
dbaasp_19861,FLPKVKKLLSELL,paero,ATCC 27853,31.9889511,1.505,development,1,DBAASP
dbaasp_19523,AKVVNKLTKGVAKLLK,paero,ATCC 27853,127.9381304,2.107,development,5,DBAASP
dbaasp_17352,KLAKKLAKLAKKLA,paero,ATCC 27853,2.999162519,0.477,development,4,DBAASP
dbaasp_17241,FLKDLKKLL,paero,ATCC 27853,14.55459081,1.163,development,4,DBAASP
dbaasp_16462,FLPGILKVAANVVPGVICAITKKC,paero,ATCC 27853,127.9381304,2.107,development,4,DBAASP
dbAMP_19515,LRLKKRRWKYRVPY,paero,ATCC 27853,12.8528666,1.109,development,1,dbAMP
dbAMP_14848,AKKVFKRLEKSFSKIQNDK,paero,ATCC 27853,50.0034535,1.699,development,1,dbAMP
dbaasp_15041,AGKRIVQRIKDFLRGAGKRIVQRIKDFLRG,paero,ATCC 27853,0.625172693,-0.204,development,2,DBAASP
dbaasp_19015,GWINEEKIQKKIDEKIGNNILGGMAKAVVHKLAKGEFQ,paero,ATCC 27853,15.17050367,1.181,development,2,DBAASP
dbaasp_11399,YRMWRWAWRWR,paero,ATCC 27853,11.53453258,1.062,development,2,DBAASP
dbAMP_20713,WIKIWKPGIKKWIK,paero,ATCC 27853,127.9381304,2.107,development,3,dbAMP
dbaasp_14209,RWRWWWRWRL,paero,ATCC 27853,15.99558029,1.204,development,2,DBAASP
dbaasp_14462,RFRPPIRRPPIRPPFYR,paero,ATCC 27853,63.97348355,1.806,development,2,DBAASP
dbaasp_11274,IARRNLCASLRARHTIPQCKKFGRR,paero,ATCC 27853,7.99834255,0.903,development,2,DBAASP
dbaasp_10887,GTAWRWHYRARS,paero,ATCC 27853,83.75292821,1.923,development,3,DBAASP
dbaasp_7484,VDKPPYLPRPRPPRRIYNR,paero,ATCC 27853,1.686553025,0.227,development,1,DBAASP
dbaasp_7830,GWGDTFLKTMAKIAKVGPKLLHS,paero,ATCC 27853,7.99834255,0.903,development,2,DBAASP
dbaasp_15035,KRIAQRIKDFLR,paero,ATCC 27853,10,1,development,4,DBAASP
dbaasp_5013,FALLGDFFRKSKEKIGKEFKRIVKRIKDFFRNLVPRTES,paero,ATCC 27853,2.958012467,0.471,development,5,DBAASP
dbaasp_18190,FLSALWGVAKSLF,paero,ATCC 27853,56.36376558,1.751,development,5,DBAASP
dbaasp_19640,KFAKFAKKFAKFAKGGQQFFGLM,paero,ATCC 27853,3.069021988,0.487,development,4,DBAASP
dbaasp_3841,FFPLLFGALSSMMPKLF,paero,ATCC 27853,1.297179271,0.113,development,5,DBAASP
dbaasp_18813,RWLKLPGRWLKL,paero,ATCC 27853,8.892011179,0.949,development,4,DBAASP
dbaasp_10625,WKRRIKIWKKIR,paero,ATCC 27853,255.8585887,2.408,development,2,DBAASP
dbaasp_16903,CASYFC,paero,ATCC 27853,63.97348355,1.806,development,3,DBAASP
dbaasp_14006,LRRLRRRWWWRRRLRRL,paero,ATCC 27853,1.555965632,0.192,development,1,DBAASP
dbaasp_16432,LKKLACRLKKLACRLKKLACR,paero,ATCC 27853,3.999447498,0.602,development,5,DBAASP
dbaasp_17682,WRIWRIWRIWRI,paero,ATCC 27853,15.99558029,1.204,development,2,DBAASP
dbaasp_16887,KIAKRIWKILRR,paero,ATCC 27853,5.00034535,0.699,development,1,DBAASP
dbaasp_12715,IRPIIRPIIRPIIRPIIRPIIRPIIRPI,paero,ATCC 27853,3.999447498,0.602,development,1,DBAASP
dbaasp_10047,RFRRLFRIRVRVLKKI,paero,ATCC 27853,3.999447498,0.602,development,2,DBAASP
dbaasp_12628,FLSLIPKAISAISALINHF,paero,ATCC 27853,511.6818355,2.709,development,4,DBAASP
dbaasp_18755,GSKKPVPIIACNRRTGKCQRA,paero,ATCC 27853,3.999447498,0.602,development,3,DBAASP
dbaasp_7274,GVVDILKGLAKDIAGHLASKVMNKL,paero,ATCC 27853,100,2,development,5,DBAASP
dbaasp_5522,KWKSFLKTFKSPVKTVFYTALKPISS,paero,ATCC 27853,7.99834255,0.903,development,4,DBAASP
dbaasp_16585,DILIIVGGKRRKKRRR,paero,ATCC 27853,3.999447498,0.602,development,2,DBAASP
dbaasp_7806,VLNENLLH,paero,ATCC 27853,31.9889511,1.505,development,1,DBAASP
dbaasp_14111,ALWKKLLKKA,paero,ATCC 27853,31.9889511,1.505,development,4,DBAASP
dbaasp_16901,CASYFCRWWWAA,paero,ATCC 27853,63.97348355,1.806,development,5,DBAASP
dbaasp_11738,KWCFRVCYAGICYRRCR,paero,ATCC 27853,0.115345326,-0.938,development,4,DBAASP
dbaasp_18048,LLPIVGNLLKSLLCWKRKRFC,paero,ATCC 27853,10,1,development,5,DBAASP
dbaasp_19248,RRIRRPRLPRPRVPRPRIPPRI,paero,ATCC 27853,31.9889511,1.505,development,4,DBAASP
dbaasp_11886,WLNALKKVFQGIHEAIKLIWNWVQ,paero,ATCC 27853,15.99558029,1.204,development,2,DBAASP
dbaasp_20081,ARWRRRWRA,paero,ATCC 27853,127.9381304,2.107,development,1,DBAASP
dbAMP_19475,LRLWKRRWKYRVPP,paero,ATCC 27853,51.64163693,1.713,development,4,dbAMP
dbaasp_13009,KKLGLWLGLKK,paero,ATCC 27853,31.9889511,1.505,development,3,DBAASP
dbaasp_9239,SGKLWWRRKK,paero,ATCC 27853,11.99499303,1.079,development,1,DBAASP
dbaasp_18224,PWKLSLHL,paero,ATCC 27853,15.99558029,1.204,development,1,DBAASP
dbaasp_11836,IGKFLKKAKKFGKAFVK,paero,ATCC 27853,2.084490883,0.319,development,2,DBAASP
dbaasp_4750,GIGAVLKVLALISWIKRKR,paero,ATCC 27853,11.24604974,1.051,development,5,DBAASP
dbaasp_2018,KILRGVCKKIMRTFLRRISKDILTGKK,paero,ATCC 27853,7.99834255,0.903,development,4,DBAASP
dbaasp_11754,KWCFRVCGRGICYRRCR,paero,ATCC 27853,3.732501578,0.572,development,4,DBAASP
dbaasp_13007,KKLLGWGLLKK,paero,ATCC 27853,127.9381304,2.107,development,2,DBAASP
dbaasp_8770,LLRRVAGLLKQFAK,paero,ATCC 27853,5.011872336,0.7,development,4,DBAASP
dbaasp_264,KWKSFAKTFKSAKKTVLHTALKAISS,paero,ATCC 27853,125.025903,2.097,development,1,DBAASP
dbaasp_14872,GFSSLFKAGAKYLLKQVGKAGAQQL,paero,ATCC 27853,7.99834255,0.903,development,4,DBAASP
dbaasp_15844,RRWYWWWYWRR,paero,ATCC 27853,7.99834255,0.903,development,2,DBAASP
dbaasp_11022,WQQPSCSSICDYSCGKSACISYSGRCGCCASCRRGPIY,paero,ATCC 27853,100,2,development,3,DBAASP
dbaasp_19850,FLPIVAKLESGLL,paero,ATCC 27853,127.9381304,2.107,development,5,DBAASP
dbaasp_17854,IRWWWRI,paero,ATCC 27853,15.99558029,1.204,development,2,DBAASP
dbaasp_168,KWKSFIKKLTTAVKKVLTTGLPALIS,paero,ATCC 27853,5.61047976,0.749,development,3,DBAASP
dbaasp_11078,ILGKLWEGVKSI,paero,ATCC 27853,25.00345362,1.398,development,4,DBAASP
dbaasp_20043,FWRRRWF,paero,ATCC 27853,31.9889511,1.505,development,2,DBAASP
dbaasp_9965,FRIRVRVAKKFGKAFVGEIM,paero,ATCC 27853,7.99834255,0.903,development,1,DBAASP
dbaasp_3553,INWLKLGKMVIDAL,paero,ATCC 27853,7.99834255,0.903,development,5,DBAASP
dbaasp_11519,SKFFRKARKKLGKGLQKIKNVLRKY,paero,ATCC 27853,0.331131121,-0.48,development,5,DBAASP
dbaasp_11790,GLRKRLRKFRNKIKEKLKKEGQKIQGLLPKLAPRTDY,paero,ATCC 27853,3.614098626,0.558,development,1,DBAASP
dbaasp_15805,GLWKSLFKNVGKAAGKAALNAVTDMVNQ,paero,ATCC 27853,21.97859873,1.342,development,2,DBAASP
dbaasp_16810,KLLKLLKKVVGALG,paero,ATCC 27853,21.97859873,1.342,development,4,DBAASP
dbaasp_10396,WRRRYRRWRRRRRWRRRPRR,paero,ATCC 27853,3.133285724,0.496,development,1,DBAASP
dbaasp_10294,LLGMIKVAITAISALSKL,paero,ATCC 27853,280.5433638,2.448,development,1,DBAASP
dbaasp_19560,ASVVKWWWKWWWKLLK,paero,ATCC 27853,3.999447498,0.602,development,3,DBAASP
dbaasp_661,ALWKDILKNVGKAAGKAVLNTVTDMVNQ,paero,ATCC 27853,11.58777356,1.064,development,4,DBAASP
dbaasp_16101,FALGAVTKVLPKLFCLITRKC,paero,ATCC 27853,63.97348355,1.806,development,4,DBAASP
dbaasp_17367,FIHHIIGGLFSAGKAEHRLIRRRRR,paero,ATCC 27853,171.7908387,2.235,development,4,DBAASP
dbaasp_19842,ELPIVAKLLSGLL,paero,ATCC 27853,127.9381304,2.107,development,4,DBAASP
dbaasp_9635,LKFLKFG,paero,ATCC 27853,127.9381304,2.107,development,5,DBAASP
dbAMP_19120,RRFHFHFPGFHFHFRR,paero,ATCC 27853,127.9381304,2.107,development,4,dbAMP
dbaasp_15806,ALWKTLLKNVGKAAGKAVLNAVTDMVNQ,paero,ATCC 27853,5.445026528,0.736,development,2,DBAASP
dbaasp_16797,GLFKLLKKLLKLLK,paero,ATCC 27853,19.9986187,1.301,development,3,DBAASP
dbaasp_19588,FVDLKKIANILNSIF,paero,ATCC 27853,127.9381304,2.107,development,1,DBAASP
dbAMP_19519,LRLKKRRWKYRVPI,paero,ATCC 27853,13.18256739,1.12,development,1,dbAMP
dbAMP_16721,GCRRLCYKQRCVTYCRGPPR,paero,ATCC 27853,3.999447498,0.602,development,4,dbAMP
dbaasp_9847,KKCKFFCKVKKKIKSIGFQIPIVSIPFK,paero,ATCC 27853,2.870780582,0.458,development,3,DBAASP
dbaasp_18250,KRGGIWKLIRPLGRGAGRILRHFHIDFCGNC,paero,ATCC 27853,18.11340093,1.258,development,3,DBAASP
dbaasp_19255,RRIRPRPPRLPRPRPRPLPFPR,paero,ATCC 27853,31.9889511,1.505,development,2,DBAASP
dbaasp_5480,KGIVGMLGKLF,paero,ATCC 27853,25.00345362,1.398,development,3,DBAASP
dbaasp_260,RWRWRW,paero,ATCC 27853,19.45360082,1.289,development,5,DBAASP
dbaasp_17687,WRLWRLWRLWRLWRL,paero,ATCC 27853,15.99558029,1.204,development,4,DBAASP
dbaasp_18225,PWKLKLHL,paero,ATCC 27853,31.9889511,1.505,development,1,DBAASP
dbAMP_19508,LRLKKRRWQYRVPP,paero,ATCC 27853,6.652731562,0.823,development,5,dbAMP
dbaasp_14724,GWWRRTVRK,paero,ATCC 27853,25.00345362,1.398,development,1,DBAASP
dbaasp_16802,GLFDIVKKVVKLLK,paero,ATCC 27853,19.9986187,1.301,development,2,DBAASP
dbaasp_15046,CGGKRIVQRIKDFLRGAGGKRIVQRIKDFLRG,paero,ATCC 27853,0.625172693,-0.204,development,1,DBAASP
dbAMP_19469,LWLKKRRWKYRVPP,paero,ATCC 27853,9.440608763,0.975,development,4,dbAMP
dbaasp_15101,FAKKFAKKFKKFAKKFAKFAFAF,paero,ATCC 27853,1.452111618,0.162,development,4,DBAASP
dbaasp_1023,GIFSKLAGKKIKNLLISGLKG,paero,ATCC 27853,3.999447498,0.602,development,4,DBAASP
dbaasp_13174,ATCYCRTGRCATR,paero,ATCC 27853,101.1579454,2.005,development,4,DBAASP
dbaasp_16586,DILIIVGGKQRKKRRR,paero,ATCC 27853,3.999447498,0.602,development,5,DBAASP
dbaasp_946,FAKWAFKWLKK,paero,ATCC 27853,8.7096359,0.94,development,2,DBAASP
dbaasp_14627,FLGALWRVAKSVF,paero,ATCC 27853,6.295061829,0.799,development,3,DBAASP
dbaasp_13505,RWCRRYRVRVRGVLVYAYVCW,paero,ATCC 27853,3.999447498,0.602,development,5,DBAASP
dbaasp_10291,LLGMIPVAITAISALSKL,paero,ATCC 27853,285.7590543,2.456,development,1,DBAASP
dbaasp_12712,IRPIIRPIIRPIIRPI,paero,ATCC 27853,63.97348355,1.806,development,3,DBAASP
dbAMP_27604,KKRWWWWWR,paero,ATCC 27853,100,2,development,5,dbAMP
dbAMP_25445,CKYLLKWR,paero,ATCC 27853,3.580964371,0.554,development,3,dbAMP
dbAMP_19517,LRLKKRRWKYRVPW,paero,ATCC 27853,6.353309319,0.803,development,2,dbAMP
dbaasp_12697,GIGAVLKWLPALIKRKRQQ,paero,ATCC 27853,2.31739465,0.365,development,2,DBAASP
dbaasp_9754,KIAKVALKALKIAKGALKAL,paero,ATCC 27853,5.997910763,0.778,development,1,DBAASP
dbaasp_14734,GWWRRTVAKVAK,paero,ATCC 27853,12.5025903,1.097,development,1,DBAASP
dbaasp_15834,FFFFKKKKK,paero,ATCC 27853,26.00159563,1.415,development,1,DBAASP
dbaasp_10884,RSITRPVLVRRRWRVRPVF,paero,ATCC 27853,52.60172664,1.721,development,4,DBAASP
dbaasp_1171,QAKIRVRLSA,paero,ATCC 27853,28.51018268,1.455,development,3,DBAASP
dbaasp_12691,GIGAVLKVLTTGLPALIKRKRQQ,paero,ATCC 27853,2.046444637,0.311,development,2,DBAASP
dbAMP_16998,WKKAWKPGAKKWAK,paero,ATCC 27853,127.9381304,2.107,development,4,dbAMP
dbaasp_10883,AWRWKAFRNCWRVRSSSL,paero,ATCC 27853,55.84701947,1.747,development,5,DBAASP
dbaasp_14240,GRWRWWWRWR,paero,ATCC 27853,3.999447498,0.602,development,1,DBAASP
dbaasp_8908,GILKSLLKKLKKIIAK,paero,ATCC 27853,5.00034535,0.699,development,5,DBAASP
dbaasp_11860,KWKVFKKIEKMGRNIRNGIVK,paero,ATCC 27853,1.499684836,0.176,development,1,DBAASP
dbaasp_3194,ALWKTMLKKLGTMALHAGKAAFGAAADTISQ,paero,ATCC 27853,38.01893963,1.58,development,2,DBAASP
dbaasp_12529,GLLRASSKWGRKYYVDLAGCAKA,paero,ATCC 27853,7.99834255,0.903,development,3,DBAASP
dbaasp_10349,GFVALLKKLPLILKHLH,paero,ATCC 27853,7.498942093,0.875,development,4,DBAASP
dbaasp_2265,GRFKRFRKKFKKLFKKLSPVIPLLHLG,paero,ATCC 27853,1,0,development,2,DBAASP
dbaasp_16804,GLFDIVKKVVGALK,paero,ATCC 27853,21.97859873,1.342,development,5,DBAASP
dbaasp_18229,PWRLRLHL,paero,ATCC 27853,31.9889511,1.505,development,4,DBAASP
dbaasp_18737,FFGAIAKLAMKFLPAIYKQIQ,paero,ATCC 27853,50.0034535,1.699,development,2,DBAASP
dbaasp_12580,PIRRPPIRPPFYPPFRPPIRP,paero,ATCC 27853,63.97348355,1.806,development,5,DBAASP
dbaasp_7279,GVVAILKGAAKDIAGHLASKVMNKL,paero,ATCC 27853,100,2,development,2,DBAASP
dbaasp_4339,VKRFKKFFRKLKKS,paero,ATCC 27853,70.30723199,1.847,development,4,DBAASP
dbaasp_10827,IIPLPLGYFAKKP,paero,ATCC 27853,69.50243176,1.842,development,4,DBAASP
dbaasp_17692,WRWWRW,paero,ATCC 27853,15.99558029,1.204,development,1,DBAASP
dbaasp_3774,GFLGPLLKLGLKGVAKVLPHLIPSRQQ,paero,ATCC 27853,5.997910763,0.778,development,5,DBAASP
dbaasp_2434,QWGRRCCGWGPGRRYCRRWC,paero,ATCC 27853,63.38697113,1.802,development,2,DBAASP
dbaasp_4563,WKSYVRRWRSRY,paero,ATCC 27853,100,2,development,1,DBAASP
dbaasp_11751,RWCFRVCYRGICYRRCR,paero,ATCC 27853,0.10964782,-0.96,development,5,DBAASP
dbaasp_16392,GIFDVLKNLAKGVITSLAS,paero,ATCC 27853,62.51726928,1.796,development,5,DBAASP
dbaasp_19855,FLPIVAKLLKGLL,paero,ATCC 27853,127.9381304,2.107,development,2,DBAASP
dbaasp_2864,LLKWLKKWLKK,paero,ATCC 27853,13.64583137,1.135,development,4,DBAASP
dbaasp_4618,FVQWFSKFLLRIL,paero,ATCC 27853,47.97334486,1.681,development,5,DBAASP
dbaasp_11214,KLNRLKEKNKAKNSKENN,paero,ATCC 27853,239.3315756,2.379,development,2,DBAASP
dbaasp_14110,ALWKSILKNVGKAAGKAVL,paero,ATCC 27853,3.999447498,0.602,development,1,DBAASP
dbaasp_12442,CSLYGSYLLHPGKISYSLHCSR,paero,ATCC 27853,63.97348355,1.806,development,3,DBAASP
dbaasp_12846,FKLKLKFSNKLKWKW,paero,ATCC 27853,12.5025903,1.097,development,4,DBAASP
dbaasp_3177,SLLSLIRKLIT,paero,ATCC 27853,1.599558029,0.204,development,3,DBAASP
dbaasp_1182,KIRVRLSA,paero,ATCC 27853,17.29816359,1.238,development,2,DBAASP
dbaasp_11838,KFLKKAKKFGKAFVKIL,paero,ATCC 27853,0.126473635,-0.898,development,1,DBAASP
dbaasp_4393,ILGAILPLVSGLLSNKL,paero,ATCC 27853,255.8585887,2.408,development,2,DBAASP
dbaasp_18126,KWKSFLKTFKSAKKTVKHTALKAISS,paero,ATCC 27853,2.716439269,0.434,development,3,DBAASP
dbaasp_12440,YCSKFCGSAGCSLYGCYLLH,paero,ATCC 27853,63.97348355,1.806,development,1,DBAASP
dbaasp_13446,GIKIRKLFKKLLR,paero,ATCC 27853,2.506109253,0.399,development,5,DBAASP
dbaasp_13027,AAKIILNPKFRCKAAFC,paero,ATCC 27853,127.9381304,2.107,development,3,DBAASP
dbaasp_2012,KWKSFLKTFKSAVKTVLHTALKAISS,paero,ATCC 27853,3.999447498,0.602,development,5,DBAASP
dbaasp_8975,VAKGLIKGVKAKGELPAKGVFKGLKESIGKRAVLKG,paero,ATCC 27853,8.749837752,0.942,development,1,DBAASP
dbaasp_19578,IKKIIKIIKKIIKKI,paero,ATCC 27853,12.5025903,1.097,development,4,DBAASP
dbaasp_17423,GRHGSGLGHSSSHGQHGSGSGR,paero,ATCC 27853,15.3815464,1.187,development,3,DBAASP
dbaasp_5619,KKKKKKKKKKGIGKLFLHAAKKFAKAFVAEKMNS,paero,ATCC 27853,0.405508535,-0.392,development,4,DBAASP
dbaasp_2210,GIMSLFKGVLKTAGKHVAGSLVDQLKCKITGGC,paero,ATCC 27853,5.997910763,0.778,development,5,DBAASP
dbaasp_17309,FMSVAKTILKRLFRVYAHIY,paero,ATCC 27853,7.99834255,0.903,development,1,DBAASP
dbaasp_1676,SIRDKIKTIAIDLAKSAGTGVLKTLICKLDKSC,paero,ATCC 27853,28.70780582,1.458,development,1,DBAASP
dbaasp_19571,KLLKKVVKLFKKLLK,paero,ATCC 27853,6.194410751,0.792,development,4,DBAASP
dbaasp_14108,FRKKLKKLFKKLSPVIPLLKLG,paero,ATCC 27853,1.99986187,0.301,development,1,DBAASP
dbaasp_2304,GFRDVLKGAAKAFVKTVAGHIAN,paero,ATCC 27853,25.00345362,1.398,development,1,DBAASP
dbaasp_14113,CKLRFRGPGRIKVRLC,paero,ATCC 27853,33.96252726,1.531,development,1,DBAASP
dbaasp_7768,RFRRLRKKWRKRLKKI,paero,ATCC 27853,1.99986187,0.301,development,1,DBAASP
dbaasp_19468,FIRRIARLLRRIF,paero,ATCC 27853,5.834451043,0.766,development,1,DBAASP
dbaasp_11253,LHRLVKLVAALLRGYASKVDTH,paero,ATCC 27853,3.999447498,0.602,development,4,DBAASP
dbAMP_10852,RWGKWFKKATHVGKHVGKAALTAYL,paero,ATCC 27853,2.754228703,0.44,development,5,dbAMP
dbaasp_1740,GIPCGESCVWIPCISSAIGCSCKSKVCYRN,paero,ATCC 27853,10,1,development,5,DBAASP
dbaasp_8147,AKKFGKAFVKIL,paero,ATCC 27853,24.043628,1.381,development,3,DBAASP
dbaasp_4584,KWLRRVWRWWR,paero,ATCC 27853,19.9986187,1.301,development,2,DBAASP
dbaasp_4423,IKLSKKTKDNLKKVLKGAIKGAIAVAKMV,paero,ATCC 27853,12.5025903,1.097,development,5,DBAASP
dbaasp_11883,GLNALKKVFQKIHEAIKKINNHVQ,paero,ATCC 27853,1.99986187,0.301,development,5,DBAASP
dbaasp_18789,GWWRRTVKKVRNAVRKV,paero,ATCC 27853,3.76703799,0.576,development,2,DBAASP
dbAMP_25438,LGGDNYGTFSGSNGNNFQHGSN,paero,ATCC 27853,112.2018454,2.05,development,3,dbAMP
dbaasp_8616,RIRFPWPWRWPWWPRFRG,paero,ATCC 27853,25.00345362,1.398,development,5,DBAASP
dbaasp_17308,LMGLFNRIIRKVVKLFN,paero,ATCC 27853,15.99558029,1.204,development,5,DBAASP
dbaasp_14735,GWWRRTVAKVRA,paero,ATCC 27853,6.295061829,0.799,development,3,DBAASP
dbaasp_4424,IKLSKETKKNLKKVLKGAIKGAIAVAKMV,paero,ATCC 27853,12.5025903,1.097,development,4,DBAASP
dbaasp_3817,GIKEFAHSLGKFGKAFVGGILNQ,paero,ATCC 27853,100,2,development,4,DBAASP
dbaasp_17120,KRLFKRLFKYLRRF,paero,ATCC 27853,0.511681836,-0.291,development,1,DBAASP
dbaasp_14487,RWRRPIRRRPIRPPFWR,paero,ATCC 27853,31.9889511,1.505,development,1,DBAASP
dbaasp_1004,GWGSFFKKAAHVGKHVGKAALTHYL,paero,ATCC 27853,0.230144182,-0.638,development,5,DBAASP
dbaasp_11750,KWCFRRCYAGICYRRCR,paero,ATCC 27853,7.19448978,0.857,development,1,DBAASP
dbaasp_7010,KIFGAIWPLALGALKNLIK,paero,ATCC 27853,15.99558029,1.204,development,5,DBAASP
dbaasp_12631,RRLIRLWLRLLR,paero,ATCC 27853,1.99986187,0.301,development,3,DBAASP
dbaasp_9531,ILSLRWRWKWWKK,paero,ATCC 27853,31.9889511,1.505,development,2,DBAASP
dbAMP_24877,IDGLKAIVKKVADLLKNT,paero,ATCC 27853,8.336811846,0.921,development,5,dbAMP
dbaasp_5499,AGYLLGKINLKALAALAKKIL,paero,ATCC 27853,14.79108388,1.17,development,5,DBAASP
dbaasp_17401,VNLKNLLR,paero,ATCC 27853,31.9889511,1.505,development,5,DBAASP
dbaasp_3250,LKKWLKK,paero,ATCC 27853,216.2718524,2.335,development,4,DBAASP
dbaasp_11275,IARRALCASLRARHTIPQCKKFGRR,paero,ATCC 27853,15.99558029,1.204,development,4,DBAASP
DRAMP04128,RWKRWWRRKK,paero,ATCC 27853,2.985382619,0.475,development,3,DRAMP
dbaasp_14134,VAEARQGSFSY,paero,ATCC 27853,12.67651866,1.103,development,5,DBAASP
dbaasp_16153,FLPLIAGLAAKFLPKIFCAITKKC,paero,ATCC 27853,31.9889511,1.505,development,1,DBAASP
dbaasp_10601,GCRRLCYKQRCVTYCRGR,paero,ATCC 27853,1,0,development,4,DBAASP
dbaasp_8160,LKKLKGRVSRSFLFFVKLRPAKRTLKKRIL,paero,ATCC 27853,55.33501092,1.743,development,1,DBAASP
dbaasp_12511,GQLNKFIKKAQRKFHEKFAK,paero,ATCC 27853,127.9381304,2.107,development,1,DBAASP
dbaasp_14635,GLGALWNVAKSVF,paero,ATCC 27853,50.0034535,1.699,development,3,DBAASP
dbaasp_12673,FIHHIIGGLFSVGKHIHSLIHGH,paero,ATCC 27853,201.8366364,2.305,development,1,DBAASP
dbaasp_16204,LRCDYGRFFASKSLYDPLKKRR,paero,ATCC 27853,739.6052751,2.869,development,5,DBAASP
dbaasp_7736,FFFDTLKNLAGKVIGALT,paero,ATCC 27853,125.025903,2.097,development,2,DBAASP
dbaasp_12216,VGTDFSGNDDISDVQK,paero,ATCC 27853,1.150800389,0.061,development,5,DBAASP
dbaasp_17867,GRRWWWRRG,paero,ATCC 27853,127.9381304,2.107,development,1,DBAASP
dbaasp_19020,FLALALIQEAIAKLK,paero,ATCC 27853,127.9381304,2.107,development,1,DBAASP
dbaasp_17121,RRIFKRLFKYLRRF,paero,ATCC 27853,1.009252886,0.004,development,5,DBAASP
dbAMP_25091,FLGWLFKWAWK,paero,ATCC 27853,54.70159629,1.738,development,1,dbAMP
dbaasp_10888,KFVRLKIYCRDKNKGRGISF,paero,ATCC 27853,53.08844442,1.725,development,1,DBAASP
dbaasp_8209,GIGAVLKVLTTGLCALISWIKRKRQQ,paero,ATCC 27853,125.025903,2.097,development,2,DBAASP
dbAMP_15964,ILKKLLKGVKSI,paero,ATCC 27853,25.00345362,1.398,development,3,dbAMP
dbaasp_6207,GFCIPIRCPGHTRQIGTCFGPRVKSCRKW,paero,ATCC 27853,3.999447498,0.602,development,3,DBAASP
dbaasp_4617,LLQWLSKLLGRWL,paero,ATCC 27853,47.97334486,1.681,development,1,DBAASP
dbaasp_6896,DDALHHLLHHLLHHL,paero,ATCC 27853,100,2,development,5,DBAASP
dbAMP_17003,WRKLWRPGLKRWLK,paero,ATCC 27853,3.999447498,0.602,development,4,dbAMP
dbaasp_15071,KRIVARIKAALR,paero,ATCC 27853,2.500345362,0.398,development,3,DBAASP
dbaasp_3256,KKLLKWLKKLL,paero,ATCC 27853,17.94733627,1.254,development,5,DBAASP
dbAMP_16333,KKKKKKAAFAAWAAFAA,paero,ATCC 27853,7.99834255,0.903,development,4,dbAMP
dbaasp_13832,ALRGCWTFSIPPKPCP,paero,ATCC 27853,511.6818355,2.709,development,3,DBAASP
dbaasp_9959,FLFSLIPSAIGGLISAFK,paero,ATCC 27853,39.99447498,1.602,development,5,DBAASP
dbaasp_14950,RFGRFLRKIRRFRPK,paero,ATCC 27853,31.9889511,1.505,development,2,DBAASP
dbaasp_8159,AFFARLLASVRAAVKAFAKKPRLIGLSTLL,paero,ATCC 27853,11.66809617,1.067,development,5,DBAASP
dbaasp_9467,FLSLIPHIVSGVASLAIHF,paero,ATCC 27853,199.986187,2.301,development,4,DBAASP
dbaasp_11740,KWCFRVCYRGACYRRCR,paero,ATCC 27853,0.113240036,-0.946,development,4,DBAASP
dbaasp_4902,KWCFCVCYRGICRCRCRG,paero,ATCC 27853,6.194410751,0.792,development,2,DBAASP
dbaasp_5612,KKKKKKKKKKGIGKFLHSAKKFGKAFVGEIMNS,paero,ATCC 27853,0.208929613,-0.68,development,2,DBAASP
dbaasp_2854,ILRWPWWPWRRK,paero,ATCC 27853,45.39416167,1.657,development,1,DBAASP
dbaasp_4231,GLMDTIKGVAKNVAASLLEKLKCKVTGC,paero,ATCC 27853,19.9986187,1.301,development,2,DBAASP
dbaasp_9675,KRMGIFHLFWAGLRKLGNLIKNKIQQGIENFLG,paero,ATCC 27853,16.74942876,1.224,development,4,DBAASP
dbaasp_14036,GGHKWKLFKKIGAVLKVL,paero,ATCC 27853,1,0,development,5,DBAASP
dbaasp_8900,GIMSSLMKKLAKIIAK,paero,ATCC 27853,4.497798549,0.653,development,3,DBAASP
dbaasp_16151,FLKLLKKVLKKVLPKIFK,paero,ATCC 27853,5.767664634,0.761,development,2,DBAASP
dbaasp_19686,GFCGYACYYRNGVRICVRYCN,paero,ATCC 27853,0.500034535,-0.301,development,2,DBAASP
dbaasp_19950,WRWRWRWRWR,paero,ATCC 27853,3.999447498,0.602,development,2,DBAASP
dbaasp_17221,GFCWNVCVRRNGVRVCHRRCN,paero,ATCC 27853,0.397191549,-0.401,development,2,DBAASP
dbAMP_14849,AKKVSKRLEKLFSKIQNDK,paero,ATCC 27853,50.0034535,1.699,development,2,dbAMP
dbAMP_10500,RIKRFWPVVIRTVVAGYNLYRAIKK,paero,ATCC 27853,231.206479,2.364,development,4,dbAMP
dbaasp_3461,WLKKLLKKLLK,paero,ATCC 27853,5.741164622,0.759,development,1,DBAASP
dbaasp_14676,GEFAQFEQEAQSLEQELSQLEQQLESL,paero,ATCC 27853,199.986187,2.301,development,3,DBAASP
dbaasp_13041,AARIILRDRFR,paero,ATCC 27853,127.9381304,2.107,development,4,DBAASP
dbaasp_17246,FLKELKKLL,paero,ATCC 27853,14.35489433,1.157,development,3,DBAASP
dbAMP_19521,LRLKKRRWKYRVPQ,paero,ATCC 27853,26.18183008,1.418,development,4,dbAMP
dbaasp_1776,RLGDILQKAREKIEGGLKKLVQKIKDFFGKFAPRTES,paero,ATCC 27853,1.99986187,0.301,development,1,DBAASP
dbaasp_13101,KAAKAAKKAAKAAWK,paero,ATCC 27853,131.2199899,2.118,development,1,DBAASP
dbaasp_17236,FLKGLKKLL,paero,ATCC 27853,7.673614894,0.885,development,2,DBAASP
dbaasp_2861,LKWLLKWLK,paero,ATCC 27853,33.0369541,1.519,development,4,DBAASP
dbaasp_14232,GRWRWWWRWRA,paero,ATCC 27853,1.99986187,0.301,development,1,DBAASP
dbaasp_16331,RRIPFWPPNLPGPRRPPWFLPDFRIPRIPRKR,paero,ATCC 27853,15.99558029,1.204,development,5,DBAASP
dbaasp_6909,DDALKHLLKHLLKHL,paero,ATCC 27853,50.0034535,1.699,development,1,DBAASP
dbaasp_4469,AWLDKLKSLGKVVGKVALGVAQNYLNPQQ,paero,ATCC 27853,10,1,development,2,DBAASP
dbaasp_18733,GILGKLWEGVKSIW,paero,ATCC 27853,25.00345362,1.398,development,2,DBAASP
dbaasp_11066,WRKLWRGGLKRWLK,paero,ATCC 27853,7.99834255,0.903,development,4,DBAASP
dbAMP_17001,WKKVWKPGVKKWVK,paero,ATCC 27853,127.9381304,2.107,development,1,dbAMP
dbaasp_4174,RTKRRIKLIKNGVKKVKDILKNNNIIILPGSNEK,paero,ATCC 27853,1.887991349,0.276,development,1,DBAASP
dbaasp_11880,FLGAVLKVAGKLVPAAI,paero,ATCC 27853,511.6818355,2.709,development,4,DBAASP
dbaasp_8896,GIMSSLMKKLAAHIKK,paero,ATCC 27853,23.01441817,1.362,development,4,DBAASP
dbaasp_15968,GLFGAIAGFIENGWEGMIDG,paero,ATCC 27853,60.95368972,1.785,development,5,DBAASP
dbaasp_1680,FFPLLFGALSSHLPKLF,paero,ATCC 27853,1.958844674,0.292,development,1,DBAASP
dbaasp_1117,VLNENLLA,paero,ATCC 27853,31.9889511,1.505,development,4,DBAASP
dbaasp_195,GWKRKRFG,paero,ATCC 27853,199.986187,2.301,development,4,DBAASP
dbaasp_14145,LKLSPKTKKTLKKVLKGAIKGAIAIASMA,paero,ATCC 27853,10,1,development,3,DBAASP
dbaasp_7767,RFRRLRKKFRKRLKKI,paero,ATCC 27853,255.8585887,2.408,development,3,DBAASP
dbaasp_19638,KFAKFAKKFAKFAKGGKPQQFFGLM,paero,ATCC 27853,5.649369748,0.752,development,3,DBAASP
dbaasp_18043,LLPIVGNLLASLLGWKRKRFG,paero,ATCC 27853,7.99834255,0.903,development,2,DBAASP
dbaasp_12720,LRPLLRPLLRPLLRPLLRPLLRPLLRPL,paero,ATCC 27853,1,0,development,5,DBAASP
dbaasp_17860,GWRWWWRWG,paero,ATCC 27853,63.97348355,1.806,development,2,DBAASP
dbaasp_14733,GWWRRTVAKARK,paero,ATCC 27853,6.295061829,0.799,development,2,DBAASP
dbaasp_9334,GRRPRPRPRPFFFF,paero,ATCC 27853,79.9834255,1.903,development,5,DBAASP
dbaasp_13094,GLRKRLRKFRNKIKEKLKKIGQKCQGLLPKLAPRTDY,paero,ATCC 27853,3.630780548,0.56,development,4,DBAASP
dbaasp_2713,YKLLKLLLPKLKPLLFKL,paero,ATCC 27853,3.235936569,0.51,development,2,DBAASP
dbaasp_11284,IARRALKKAKRAAHKIPAAKKFARR,paero,ATCC 27853,7.99834255,0.903,development,5,DBAASP
dbaasp_16892,GLFDIVKKVAG,paero,ATCC 27853,221.309471,2.345,development,4,DBAASP
dbaasp_3442,GFGMALKLLKKVL,paero,ATCC 27853,6.251726928,0.796,development,3,DBAASP
dbAMP_22625,LIRGLFKSFWQVF,paero,ATCC 27853,47.97334486,1.681,development,3,dbAMP
dbaasp_10880,NRFTARFRRTPWRLCLQFRQ,paero,ATCC 27853,48.52885002,1.686,development,4,DBAASP
dbaasp_8135,WLLKRWKKLL,paero,ATCC 27853,7.99834255,0.903,development,1,DBAASP
dbaasp_3848,FLGPIIKMATGILPTAICKGLKKC,paero,ATCC 27853,1.99986187,0.301,development,1,DBAASP
dbAMP_17006,GRKLWRKWLKRWLP,paero,ATCC 27853,3.999447498,0.602,development,2,dbAMP
dbaasp_12173,YPCKLNLKLGKVPFH,paero,ATCC 27853,10,1,development,2,DBAASP
dbAMP_15926,ILKKLWEGVKSI,paero,ATCC 27853,25.00345362,1.398,development,2,dbAMP
dbAMP_04933,IWSFLIKAATKLLPSLFGGGKKDS,paero,ATCC 27853,0.642687717,-0.192,development,4,dbAMP
dbaasp_19594,KKWVPWKKIANIL,paero,ATCC 27853,3.999447498,0.602,development,4,DBAASP
dbaasp_11283,IARRALKKAKRAAHKIPAAKKFGRR,paero,ATCC 27853,15.99558029,1.204,development,5,DBAASP
dbaasp_2860,LKWLKKWLK,paero,ATCC 27853,32.65878322,1.514,development,3,DBAASP
dbaasp_16156,KFLPKIFCAITKKC,paero,ATCC 27853,511.6818355,2.709,development,1,DBAASP
dbaasp_4405,IKIPSFFRNILKKVGKEAVSLIAGALKQS,paero,ATCC 27853,19.9986187,1.301,development,5,DBAASP
dbaasp_19572,KLLKKLLKLLKKLLK,paero,ATCC 27853,25.00345362,1.398,development,2,DBAASP
dbaasp_12417,FFSLIPSLVKKLIKAFK,paero,ATCC 27853,4.698941086,0.672,development,2,DBAASP
dbaasp_3400,GLLSVLKGVLKTTGKHIFKNVGGSLLDQAKCKISGQC,paero,ATCC 27853,2.999162519,0.477,development,5,DBAASP
dbaasp_12190,RHSRLQREPQVQWLEQQVAKRRTKR,paero,ATCC 27853,100,2,development,1,DBAASP
dbaasp_12611,KKWRAWLKWLAKK,paero,ATCC 27853,0.928966387,-0.032,development,4,DBAASP
dbaasp_12710,VKPVVKPVVKPVVKPVVKPVVKPV,paero,ATCC 27853,63.97348355,1.806,development,3,DBAASP
dbAMP_21497,LLKLLKKLLKKLLKL,paero,ATCC 27853,2.999162519,0.477,development,5,dbAMP
dbaasp_14785,RRLFKKILKYL,paero,ATCC 27853,11.64126029,1.066,development,2,DBAASP
dbaasp_5135,VRRFPWWWPFLRR,paero,ATCC 27853,8.072350302,0.907,development,4,DBAASP
dbaasp_16358,KRIVQRIKDFLRAGPRRWWRW,paero,ATCC 27853,0.71285303,-0.147,development,3,DBAASP
dbaasp_14101,FLPKILRKIVRAL,paero,ATCC 27853,387.2576449,2.588,development,5,DBAASP
dbAMP_05112,KKCGFFCKLKNKLKSTGSRSNIAAGTHGGTFRV,paero,ATCC 27853,23.01441817,1.362,development,1,dbAMP
dbaasp_17689,WRFWRFWRF,paero,ATCC 27853,7.99834255,0.903,development,2,DBAASP
dbAMP_01645,FFGHLFRGIINVGKHIHGLLSG,paero,ATCC 27853,63.97348355,1.806,development,2,dbAMP
dbaasp_11281,IARRALKKAKRAAHKIPQCKKFGRR,paero,ATCC 27853,1.99986187,0.301,development,5,DBAASP
dbAMP_19490,LRLKKTRWKYRVPP,paero,ATCC 27853,13.70881766,1.137,development,5,dbAMP
dbaasp_5618,GIGKLFLHAAKKFAKAFVAEKMNS,paero,ATCC 27853,0.60673633,-0.217,development,2,DBAASP
dbaasp_17350,CFLPKLFAKITKKNMAHIR,paero,ATCC 27853,10,1,development,3,DBAASP
dbaasp_7282,AVVDILKGAAKDIAGHLASKVMNKL,paero,ATCC 27853,100,2,development,1,DBAASP
dbaasp_20045,VWRRRWV,paero,ATCC 27853,127.9381304,2.107,development,1,DBAASP
dbaasp_709,RRRPRPPYLPRPRPPPFFPPRLPPRIPPGFPPRFPPRFP,paero,ATCC 27853,6.807693587,0.833,development,2,DBAASP
dbaasp_10913,QIAALEQEIAALEQEIAALQ,paero,ATCC 27853,250.0345362,2.398,development,2,DBAASP
dbaasp_11572,RKCNFLCKVKNKLKSVGSKSLIGSATHHGIYRV,paero,ATCC 27853,10.25651926,1.011,development,1,DBAASP
dbaasp_3468,KLLKKLLKWLK,paero,ATCC 27853,2.870780582,0.458,development,3,DBAASP
dbaasp_13073,AARIILRLRFR,paero,ATCC 27853,7.99834255,0.903,development,2,DBAASP
dbAMP_03794,GLVTSLIKGAGKLLGGLFGSVTGGQS,paero,ATCC 27853,63.97348355,1.806,development,2,dbAMP
dbaasp_12515,KAAKTVFKLFKLQAKRAIEA,paero,ATCC 27853,127.9381304,2.107,development,4,DBAASP
dbAMP_19458,LRLKKRRLKYRVPP,paero,ATCC 27853,6.918309709,0.84,development,2,dbAMP
dbaasp_7812,VLNNLLR,paero,ATCC 27853,63.97348355,1.806,development,1,DBAASP
dbaasp_13507,WCRRYRVLVRGVLVRYRRCW,paero,ATCC 27853,1,0,development,2,DBAASP
dbaasp_17371,FIHHIIGGLFSAGKAIHRLIRRR,paero,ATCC 27853,193.1968317,2.286,development,3,DBAASP
dbaasp_17721,RRIRPRPPRLPRPRWR,paero,ATCC 27853,63.97348355,1.806,development,4,DBAASP
dbaasp_5438,KQSHKKGGHSFPKEKIS,paero,ATCC 27853,41.9758984,1.623,development,4,DBAASP
dbaasp_19009,INLKAIAAFAKKFI,paero,ATCC 27853,4.083193863,0.611,development,4,DBAASP
dbaasp_20055,GWWRRRWWG,paero,ATCC 27853,15.99558029,1.204,development,5,DBAASP
dbaasp_16349,IDWKKVDWKKVSKKTCKVMLKACKFL,paero,ATCC 27853,12.79381304,1.107,development,1,DBAASP
dbaasp_4422,IKLSPETKKNLKKVLKGAIKGAIAVAKMV,paero,ATCC 27853,25.00345362,1.398,development,1,DBAASP
dbaasp_13912,RFRRLRWKTRWRLKKICYCRRRFCVCV,paero,ATCC 27853,4.027170343,0.605,development,3,DBAASP
dbaasp_19524,ASVVNKLTKKVAKLLK,paero,ATCC 27853,31.9889511,1.505,development,5,DBAASP
dbAMP_19514,LRLKKRRWKYRVPR,paero,ATCC 27853,6.45654229,0.81,development,2,dbAMP
dbaasp_8808,AGLQFPVGRIGRLLRK,paero,ATCC 27853,12.5025903,1.097,development,2,DBAASP
dbaasp_16354,RRIRFRPPRLPRPRPRPWIPPRFPFPRIPGKR,paero,ATCC 27853,1,0,development,4,DBAASP
dbaasp_4394,GLLDTLKGAAKNVVGSLASKVMEKL,paero,ATCC 27853,100,2,development,3,DBAASP
dbAMP_19495,LRLKKRHWKYRVPP,paero,ATCC 27853,6.729766563,0.828,development,3,dbAMP
dbaasp_17864,WWRWWWRWW,paero,ATCC 27853,127.9381304,2.107,development,1,DBAASP
dbaasp_7227,FLFKLIPKAIKKLISKFK,paero,ATCC 27853,34.9945167,1.544,development,1,DBAASP
dbaasp_3393,FKRIVQRIKDFLR,paero,ATCC 27853,7.99834255,0.903,development,3,DBAASP
dbaasp_7266,GVVDILKGAAKDIAGHASKVMNKL,paero,ATCC 27853,100,2,development,5,DBAASP
dbaasp_12117,IHKFWRPGRWFKHI,paero,ATCC 27853,3.999447498,0.602,development,5,DBAASP
dbaasp_763,GIGKFLKKAKKFGKAFVKILKK,paero,ATCC 27853,0.203235701,-0.692,development,2,DBAASP
dbaasp_14616,GLSRLFTALK,paero,ATCC 27853,58.88436554,1.77,development,1,DBAASP
dbaasp_17045,IFWLFRGKADVAL,paero,ATCC 27853,168.6553025,2.227,development,2,DBAASP
dbaasp_16154,FLPLIAGLAAKCAITKKC,paero,ATCC 27853,511.6818355,2.709,development,3,DBAASP
dbaasp_18790,GWWRRTVRRVRNAVRRV,paero,ATCC 27853,3.630780548,0.56,development,1,DBAASP
dbaasp_12718,LRPLLRPLLRPLLRPLLRPL,paero,ATCC 27853,31.9889511,1.505,development,2,DBAASP
dbaasp_8894,GIMSSLMKKLKAHIAK,paero,ATCC 27853,26.00159563,1.415,development,3,DBAASP
dbaasp_7262,GVVDILKGAAKDIAGHLASKAMNKL,paero,ATCC 27853,100,2,development,1,DBAASP
dbaasp_943,FLKWLFKWAKK,paero,ATCC 27853,8.472274141,0.928,development,5,DBAASP
DRAMP03405,GLLRKGGEKIGEKLKKIGQKIKNFFQKLVPQPE,paero,ATCC 27853,3.999447498,0.602,development,3,DRAMP
dbaasp_5627,GFFALIPKIISSPLFKTLLSAVGSALSSSGGQE,paero,ATCC 27853,25.00345362,1.398,development,3,DBAASP
dbAMP_16103,IIRKIIRK,paero,ATCC 27853,0.005000345,-2.301,development,2,dbAMP
dbaasp_14725,AWWRRTVAKVRK,paero,ATCC 27853,6.295061829,0.799,development,5,DBAASP
dbAMP_17002,WRKIWRPGIKRWIK,paero,ATCC 27853,7.99834255,0.903,development,4,dbAMP
dbaasp_9325,RRPRPRPRPWWWW,paero,ATCC 27853,33.419504,1.524,development,4,DBAASP
dbAMP_25407,GKYGFYTHVFRLKKWIQKVIDQFGE,paero,ATCC 27853,127.9381304,2.107,development,2,dbAMP
dbaasp_19607,ARARRRRFRARA,paero,ATCC 27853,127.9381304,2.107,development,5,DBAASP
dbaasp_7827,GWGDTFGKVLKNFAKVAGVKAAK,paero,ATCC 27853,15.99558029,1.204,development,1,DBAASP
dbaasp_8432,FLPGLECVSGKIVPTVFCAITRIC,paero,ATCC 27853,7.852356346,0.895,development,3,DBAASP
dbAMP_19465,LRLKKRRWKYRWPP,paero,ATCC 27853,3.155004623,0.499,development,1,dbAMP
dbaasp_1440,KWKSFLKTFKSALKTVLHTALKAISS,paero,ATCC 27853,7.99834255,0.903,development,4,DBAASP
dbAMP_19479,LRLQKRRWKYRVPP,paero,ATCC 27853,13.30454418,1.124,development,3,dbAMP
dbAMP_24834,KNKRKRRRRRRGGRRRR,paero,ATCC 27853,2.249054606,0.352,development,4,dbAMP
dbaasp_16150,FLGLLGKVLGKVLPKIFK,paero,ATCC 27853,12.79381304,1.107,development,5,DBAASP
dbaasp_14420,KILPGVCKKIMRPFLRRISKDILTGKK,paero,ATCC 27853,31.9889511,1.505,development,5,DBAASP
dbaasp_8433,VIPFVASVAAEMMQHVYCAASKRC,paero,ATCC 27853,7.709034691,0.887,development,5,DBAASP
dbAMP_20714,WKKIWKPGIKKWKK,paero,ATCC 27853,127.9381304,2.107,development,2,dbAMP
dbaasp_6910,DDALRHLLRHLLRHL,paero,ATCC 27853,100,2,development,2,DBAASP
dbaasp_942,FLGWLFKWAKK,paero,ATCC 27853,17.7827941,1.25,development,4,DBAASP
dbaasp_19616,KWKWKRRRFKWKWK,paero,ATCC 27853,3.999447498,0.602,development,1,DBAASP
dbaasp_365,GCKKFRRFKLKCKQKLWLWCG,paero,ATCC 27853,97.05099672,1.987,development,2,DBAASP
dbaasp_479,KKAFAAAAAFAAWAAFAKKKK,paero,ATCC 27853,31.9889511,1.505,development,2,DBAASP
dbaasp_11865,KWKVFKKIEKMIRNIRNKIAK,paero,ATCC 27853,2.999162519,0.477,development,3,DBAASP
dbaasp_8141,GKFLKKAKKFGK,paero,ATCC 27853,375.8374043,2.575,development,5,DBAASP
dbaasp_3258,LKLLKWLLKLL,paero,ATCC 27853,146.8926278,2.167,development,3,DBAASP
dbaasp_10183,RWKIFKKIEKMGRNIRDGIVKAGPAIEVLGSAKAIGK,paero,ATCC 27853,0.984011106,-0.007,development,5,DBAASP
dbaasp_2865,LLKWLLKWLKK,paero,ATCC 27853,6.886522963,0.838,development,1,DBAASP
dbaasp_17222,GFCWYVCVKRNGVRSCYRRCN,paero,ATCC 27853,0.195884467,-0.708,development,3,DBAASP
dbaasp_7273,GVVDILKGALKDIAGHLASKVMNKL,paero,ATCC 27853,50.0034535,1.699,development,1,DBAASP
dbaasp_14105,MGFKLRAKIKVRLRAKIKL,paero,ATCC 27853,28.44461107,1.454,development,2,DBAASP
dbaasp_11213,NLVSALIEGRKYLKNVLK,paero,ATCC 27853,251.1886432,2.4,development,3,DBAASP
dbaasp_4749,GMWSKIKNAGKAAKAAAKAAGKAALGAVSEAM,paero,ATCC 27853,39.99447498,1.602,development,3,DBAASP
dbaasp_18830,RWFRFNGRWFRF,paero,ATCC 27853,7.99834255,0.903,development,1,DBAASP
dbaasp_13834,RKKRRQRRR,paero,ATCC 27853,511.6818355,2.709,development,3,DBAASP
dbaasp_17022,GGHGWRWYCR,paero,ATCC 27853,25.00345362,1.398,development,4,DBAASP
dbaasp_823,GFCRCLCRRGVCRCICTR,paero,ATCC 27853,1.99986187,0.301,development,2,DBAASP
dbaasp_16355,RRIRIRPPRLPRPRPRPWFPPRFPIPRIPGKR,paero,ATCC 27853,1,0,development,3,DBAASP
dbaasp_16003,GIHGVVRSFMRMLGHLG,paero,ATCC 27853,4.32513831,0.636,development,5,DBAASP
dbAMP_19452,LRWKKRRWKYRVPP,paero,ATCC 27853,6.412095766,0.807,development,5,dbAMP
dbaasp_8157,KFFKRLLKSVRRAVKKFRKKPRLIGLSTLL,paero,ATCC 27853,5.188000389,0.715,development,3,DBAASP
dbaasp_11753,KWCSRVCYRGICYRRCR,paero,ATCC 27853,1.823895702,0.261,development,2,DBAASP
dbAMP_19466,LRLKKRRWKYRYPP,paero,ATCC 27853,12.88249552,1.11,development,3,dbAMP
dbaasp_491,ILPWKWPWWPWRR,paero,ATCC 27853,5.00034535,0.699,development,2,DBAASP
dbaasp_7588,RWWRWWRRWW,paero,ATCC 27853,26.42408757,1.422,development,5,DBAASP
dbaasp_20057,LWWRRRWWL,paero,ATCC 27853,15.99558029,1.204,development,5,DBAASP
dbaasp_19889,KKFKETADKLIESAKQQLESLAKEMK,paero,ATCC 27853,399.0249024,2.601,development,5,DBAASP
dbAMP_25409,WKWKPGKWKW,paero,ATCC 27853,127.9381304,2.107,development,1,dbAMP
dbaasp_10853,YRLRVKWKW,paero,ATCC 27853,9.862794856,0.994,development,2,DBAASP
dbaasp_10535,GGVCPKILQRCRRDSDCPGACICRGNGYCGSGSD,paero,ATCC 27853,159.9558029,2.204,development,1,DBAASP
dbaasp_12947,WWKAAAKAAAKWW,paero,ATCC 27853,7.99834255,0.903,development,2,DBAASP
dbaasp_7270,GVVDILKGAAKDAAGHLASKVMNKL,paero,ATCC 27853,100,2,development,1,DBAASP
dbaasp_364,GKKYRRFRWKFRKGRFWFWG,paero,ATCC 27853,5.767664634,0.761,development,3,DBAASP
dbaasp_4220,FLPILAGLAAKLVPKVFCSITKKC,paero,ATCC 27853,25.00345362,1.398,development,3,DBAASP
dbaasp_4329,VKRFKKFFRKLKKSVK,paero,ATCC 27853,31.18889584,1.494,development,5,DBAASP
dbaasp_1176,QKKIRVALSA,paero,ATCC 27853,14.62177174,1.165,development,3,DBAASP
dbaasp_19946,WRNWRNWRNWRN,paero,ATCC 27853,15.99558029,1.204,development,5,DBAASP
dbAMP_19471,LHLKKRRWKYRVPP,paero,ATCC 27853,6.729766563,0.828,development,3,dbAMP
dbaasp_5469,GILKTIKSIASKVANTVQKLKRKAKNAV,paero,ATCC 27853,8.356030182,0.922,development,4,DBAASP
dbAMP_25439,PHVALKPGKLKFIIPSPKRPVKLLSGGNTLHLVSTTKT,paero,ATCC 27853,1.923091729,0.284,development,1,dbAMP
dbaasp_7272,GVVDILKGAAADIAGHLASKVMNKL,paero,ATCC 27853,100,2,development,1,DBAASP
dbaasp_16465,FLPKILKVAAK,paero,ATCC 27853,511.6818355,2.709,development,3,DBAASP
dbaasp_18223,PFRLRLRL,paero,ATCC 27853,7.99834255,0.903,development,1,DBAASP
dbaasp_7406,KKAAHVGKHVGKAAKK,paero,ATCC 27853,51.99959965,1.716,development,3,DBAASP
dbaasp_485,KKKKKKAAAAFWAAAAF,paero,ATCC 27853,15.99558029,1.204,development,1,DBAASP
dbaasp_18818,RWFRFPGRWFRF,paero,ATCC 27853,4.602565736,0.663,development,2,DBAASP
dbaasp_18164,FWSTIWNAAKSLI,paero,ATCC 27853,299.9162519,2.477,development,1,DBAASP
dbaasp_10041,RRWQWRLCYCRRRFCVCVG,paero,ATCC 27853,6.324118514,0.801,development,4,DBAASP
dbaasp_3786,LKIPGFVKDTLKKVAKGIFSAVAGAMTPS,paero,ATCC 27853,19.9986187,1.301,development,5,DBAASP
dbaasp_8076,FRCRRRFCRF,paero,ATCC 27853,127.9381304,2.107,development,1,DBAASP
dbaasp_4471,KVALGVAQNYLNPQQ,paero,ATCC 27853,155.9552503,2.193,development,2,DBAASP
dbaasp_4576,IWRIFRRIFRIFIRF,paero,ATCC 27853,15.99558029,1.204,development,1,DBAASP
DRAMP20827,FLPIVGLLKSLLK,paero,ATCC 27853,5.997910763,0.778,development,5,DRAMP
dbaasp_3480,FWGKLWEGVKNAI,paero,ATCC 27853,31.9889511,1.505,development,5,DBAASP
dbAMP_20706,KIWKPGIKKW,paero,ATCC 27853,127.9381304,2.107,development,4,dbAMP
dbaasp_8074,IRCRRRFCRI,paero,ATCC 27853,63.97348355,1.806,development,3,DBAASP
dbaasp_2716,YKLLKLLLPKLKGLLPKL,paero,ATCC 27853,2.409905429,0.382,development,4,DBAASP
dbaasp_11385,RGGRLCYCRRRFCVCVGR,paero,ATCC 27853,1.009252886,0.004,development,5,DBAASP
dbaasp_2122,INLLKIAKGIIKSL,paero,ATCC 27853,132.7394458,2.123,development,5,DBAASP
dbaasp_19552,ASVVKKWTKGWAKLLK,paero,ATCC 27853,31.9889511,1.505,development,2,DBAASP
dbaasp_14139,GLLKKIAKKAKKAGKKLGY,paero,ATCC 27853,7.99834255,0.903,development,1,DBAASP
dbaasp_17855,LRWWWRL,paero,ATCC 27853,15.99558029,1.204,development,1,DBAASP
dbaasp_10340,KRFKKFFKKLKNSVKKRAKKFFKK,paero,ATCC 27853,2.280342072,0.358,development,5,DBAASP
dbaasp_19847,FLPIVEKLLSGLL,paero,ATCC 27853,127.9381304,2.107,development,1,DBAASP
dbaasp_19844,FLEIVAKLLSGLL,paero,ATCC 27853,127.9381304,2.107,development,1,DBAASP
dbaasp_2863,LKKWLKKWLKK,paero,ATCC 27853,27.03958364,1.432,development,2,DBAASP
dbaasp_10882,TMSLRFWRWKVR,paero,ATCC 27853,77.62471166,1.89,development,1,DBAASP
dbaasp_13624,SFLTTVKKLVTNLAALAGTVIDTIKCKVTGGCRT,paero,ATCC 27853,255.8585887,2.408,development,2,DBAASP
dbaasp_11173,GKEFKRIVGRIYRLCCR,paero,ATCC 27853,15.99558029,1.204,development,1,DBAASP
dbaasp_11263,GFKLGRKLVKVFKWII,paero,ATCC 27853,2.177709772,0.338,development,2,DBAASP
dbaasp_874,AGLQFPVGRVHRLLRK,paero,ATCC 27853,12.5025903,1.097,development,2,DBAASP
dbaasp_11171,GKEFKRIVWLSKTAKKL,paero,ATCC 27853,127.9381304,2.107,development,3,DBAASP
dbaasp_18746,KRFKKFFKKLKNSVKKRVKFFFRKPRVIGVTFP,paero,ATCC 27853,0.970509967,-0.013,development,4,DBAASP
dbaasp_17349,FLPKLFAKITKKNMAHIRC,paero,ATCC 27853,14.99684836,1.176,development,1,DBAASP
dbaasp_17397,VDLKNLLK,paero,ATCC 27853,31.9889511,1.505,development,2,DBAASP
dbaasp_4742,GWGSFFKKAAHVGKHVGKA,paero,ATCC 27853,19.9986187,1.301,development,1,DBAASP
dbaasp_15622,GFLKKVGKKLEGASDLTRDATIQTIAVAQAAANVAATAKQ,paero,ATCC 27853,253.512863,2.404,development,2,DBAASP
dbaasp_10711,MMRVMRRKTKVIWEKKDFIGLYSID,paero,ATCC 27853,3.999447498,0.602,development,5,DBAASP
dbaasp_15609,GWLRDFGKRIERTGQNIRDATIQTIGIAQEAANVAATLK,paero,ATCC 27853,239.8832919,2.38,development,1,DBAASP
dbaasp_12116,IHKFWRCRRRFCRWFKHI,paero,ATCC 27853,7.99834255,0.903,development,5,DBAASP
dbaasp_14001,WRRWRRRWRRRWRRW,paero,ATCC 27853,1.603245391,0.205,development,2,DBAASP
dbaasp_17453,RGSRSGQSSRGERR,paero,ATCC 27853,20.55890596,1.313,development,5,DBAASP
dbaasp_18735,FFGAIAKLAMK,paero,ATCC 27853,50.0034535,1.699,development,2,DBAASP
dbaasp_19862,FLPIVKKLLKELL,paero,ATCC 27853,7.99834255,0.903,development,5,DBAASP
dbaasp_12376,TRSRWRRFIRGAGRFARRYGWRIA,paero,ATCC 27853,0.988553095,-0.005,development,4,DBAASP
dbaasp_15103,FKLRAKIKVRLRAKIKL,paero,ATCC 27853,2.904022654,0.463,development,4,DBAASP
dbaasp_8429,FFPLIAGLAARFLPKIFCSITKRC,paero,ATCC 27853,3.706807218,0.569,development,5,DBAASP
dbaasp_11699,AWCFRVCYRGICYRRCR,paero,ATCC 27853,0.114024979,-0.943,development,5,DBAASP
dbaasp_14874,GFSSLFKAGAKYLAKQVGKAGAQQL,paero,ATCC 27853,31.9889511,1.505,development,3,DBAASP
dbAMP_04209,GVFDIIKGAGKQLIAHAMGKIAEKV,paero,ATCC 27853,1.455459081,0.163,development,4,dbAMP
dbaasp_12505,KIGVLKKYFKIGALIKAIIK,paero,ATCC 27853,1.99986187,0.301,development,2,DBAASP
dbaasp_353,CWKWKWKWGSGWKWKWKWC,paero,ATCC 27853,0.003999447,-2.398,development,4,DBAASP
dbAMP_19473,LQLKKRRWKYRVPP,paero,ATCC 27853,6.760829754,0.83,development,2,dbAMP
dbaasp_486,KKKKKKAAFAAFAAFAA,paero,ATCC 27853,15.99558029,1.204,development,5,DBAASP
dbaasp_4569,WKSYVRRW,paero,ATCC 27853,100,2,development,2,DBAASP
dbaasp_12193,QKVFTNTWAVRIPGGPAVANSVARKHGFLNLQGIF,paero,ATCC 27853,100,2,development,4,DBAASP
dbaasp_14475,RWRWPIRRPPIRPPFYR,paero,ATCC 27853,15.99558029,1.204,development,2,DBAASP
dbaasp_13430,ITKVITKLLNRLSKILSK,paero,ATCC 27853,1.180320636,0.072,development,3,DBAASP
dbaasp_7122,RVVRPVVQGVKEKVR,paero,ATCC 27853,36.98281798,1.568,development,2,DBAASP
dbaasp_11934,TPFLLVGTQIDLR,paero,ATCC 27853,4.698941086,0.672,development,1,DBAASP
dbaasp_12189,QREPQVQWLEQQVAKRRTKR,paero,ATCC 27853,100,2,development,5,DBAASP
dbaasp_185,KWKSFIKKLTSVLKKVVTTAKPLISS,paero,ATCC 27853,3.999447498,0.602,development,1,DBAASP
dbaasp_11393,FKARRWAWRMK,paero,ATCC 27853,131.8256739,2.12,development,3,DBAASP
dbaasp_19197,SWLSKTWKKLENSGKKRIAEGIAIALKGGAR,paero,ATCC 27853,15.99558029,1.204,development,1,DBAASP
dbaasp_9180,GMWSKIKNAGKAAAKAAAKAAGKAALDAVSEAI,paero,ATCC 27853,2.500345362,0.398,development,3,DBAASP
dbaasp_11827,FLKLLAKLL,paero,ATCC 27853,15.3815464,1.187,development,1,DBAASP
dbaasp_4470,AWLDKLKSLGKVVG,paero,ATCC 27853,169.8243652,2.23,development,3,DBAASP
dbaasp_15903,LYKAIRRK,paero,ATCC 27853,127.9381304,2.107,development,2,DBAASP
dbaasp_2300,GFKDLLKGAAKALVKTVLF,paero,ATCC 27853,13.00169578,1.114,development,1,DBAASP
dbaasp_3148,GLLKRIKKLL,paero,ATCC 27853,28.37919028,1.453,development,1,DBAASP
dbaasp_8769,LLSNVAGLLKQFAK,paero,ATCC 27853,43.15190768,1.635,development,2,DBAASP
dbAMP_25367,RRRFWWFRRR,paero,ATCC 27853,100,2,development,3,dbAMP
dbaasp_14678,KWKVLKKKIKMLRNRINGLVKAGPALKVKLQALAL,paero,ATCC 27853,1.541700453,0.188,development,3,DBAASP
dbaasp_14478,RWRRPIRRRPIRPPFYW,paero,ATCC 27853,31.9889511,1.505,development,5,DBAASP
dbaasp_17238,KRFKKFWKKIKNSVKKRAKKFFRKPRVIAVSIPF,paero,ATCC 27853,0.739605275,-0.131,development,4,DBAASP
dbaasp_12722,VRPVVRPVVRPVVRPVVRPVVRPV,paero,ATCC 27853,63.97348355,1.806,development,4,DBAASP
dbaasp_5632,GFFALIPKIIS,paero,ATCC 27853,100,2,development,5,DBAASP
dbaasp_14040,CRKPTFRRLKWKIKFKFKC,paero,ATCC 27853,102.5651926,2.011,development,3,DBAASP
dbaasp_15072,KRIAQRIKAFLR,paero,ATCC 27853,5.00034535,0.699,development,3,DBAASP
dbaasp_11752,KWCGRVCYRGICYRRCR,paero,ATCC 27853,0.462381021,-0.335,development,2,DBAASP
dbAMP_24920,VKSWIRKLVHR,paero,ATCC 27853,30.97419299,1.491,development,3,dbAMP
dbaasp_9571,KKWRWWLKALAKKLL,paero,ATCC 27853,0.256448404,-0.591,development,2,DBAASP
dbaasp_14037,VIHKWKLFKKIGAVLKVL,paero,ATCC 27853,3.999447498,0.602,development,4,DBAASP
dbaasp_16593,GKHKNKGKKNGKHNGWKWWW,paero,ATCC 27853,3.213660539,0.507,development,4,DBAASP
dbaasp_5806,GAFGNFLKGVAKKAGLKILSIAQCKLFGTC,paero,ATCC 27853,4.073802778,0.61,development,4,DBAASP
dbaasp_19557,ASVVKWWTKWWAKLLK,paero,ATCC 27853,7.99834255,0.903,development,1,DBAASP
dbaasp_12131,GIGGALLSFGKSALKGLAKGLAEHF,paero,ATCC 27853,26.36331386,1.421,development,5,DBAASP
dbaasp_11785,GLRKRLRKFRNKIKEDLKKIGQKIQGLLPKLAPRTDY,paero,ATCC 27853,3.630780548,0.56,development,2,DBAASP
dbaasp_18221,PFRLRLHL,paero,ATCC 27853,31.9889511,1.505,development,3,DBAASP
dbaasp_8799,KQIKIWFQNKKMKWKK,paero,ATCC 27853,50.0034535,1.699,development,3,DBAASP
dbaasp_11254,GLLFKELQKLIRYQIFIGK,paero,ATCC 27853,127.9381304,2.107,development,1,DBAASP
dbaasp_15877,MKKALQYIKLLKE,paero,ATCC 27853,100,2,development,2,DBAASP
dbaasp_10529,GTLPCGESCVWIPCISSVVGCSCKSKVCYKD,paero,ATCC 27853,10,1,development,1,DBAASP
dbaasp_16357,KRIVQRIKDFLRAGPIKDFLR,paero,ATCC 27853,0.783429643,-0.106,development,4,DBAASP
DRAMP04126,SGKRWWRRKK,paero,ATCC 27853,5.915616342,0.772,development,5,DRAMP
dbaasp_8148,KKFGKAFVKILK,paero,ATCC 27853,11.50800389,1.061,development,2,DBAASP
dbaasp_11256,KVLSKVHTLLKAVLAL,paero,ATCC 27853,3.01995172,0.48,development,1,DBAASP
dbaasp_16099,GPSGFLGMR,paero,ATCC 27853,63.97348355,1.806,development,5,DBAASP
dbaasp_19579,IIIKKIKKKIKKIII,paero,ATCC 27853,25.00345362,1.398,development,3,DBAASP
dbaasp_14236,GRWRWWWRWRV,paero,ATCC 27853,7.99834255,0.903,development,3,DBAASP
dbaasp_165,KWKSFIKKLTSAAKKVVTTAKPLISS,paero,ATCC 27853,2.81190083,0.449,development,2,DBAASP
dbaasp_16351,LIGLVSKGTCVLVKTVCKKVLKQ,paero,ATCC 27853,9.594006315,0.982,development,2,DBAASP
dbaasp_20060,VWWRRRWWV,paero,ATCC 27853,15.99558029,1.204,development,2,DBAASP
dbaasp_13079,GLRKRLRKFRNKQKEKLKKIGQKIQGLLPKLAPRTDY,paero,ATCC 27853,1.807174126,0.257,development,2,DBAASP
dbaasp_10825,AVAGEKLWLLPHLLKMLLTPTP,paero,ATCC 27853,165.1961798,2.218,development,5,DBAASP
dbaasp_498,LLLFLLKKRKKRKY,paero,ATCC 27853,2.187761624,0.34,development,5,DBAASP
dbaasp_4756,RGGGLCYCRRRFCVCVGR,paero,ATCC 27853,4.064433292,0.609,development,1,DBAASP
dbaasp_11805,ALWKSLLKNVGKAAGKAALNAVTDMVNQ,paero,ATCC 27853,3.999447498,0.602,development,5,DBAASP
dbaasp_17934,GKLRLIKKLWVKKWKKKGWKA,paero,ATCC 27853,1.99986187,0.301,development,3,DBAASP
dbaasp_5610,FLPIIGKLLSG,paero,ATCC 27853,35.0751874,1.545,development,5,DBAASP
dbaasp_19126,GFFKKAKRKVKKAFRRVL,paero,ATCC 27853,14.62177174,1.165,development,1,DBAASP
dbaasp_13176,TGRCATRESLSGVCEISGRLYRLCCR,paero,ATCC 27853,50.35006088,1.702,development,5,DBAASP
dbaasp_1172,QKAIRVRLSA,paero,ATCC 27853,7.128530301,0.853,development,1,DBAASP
dbaasp_12207,YYHFWHRGVTKR,paero,ATCC 27853,39.99447498,1.602,development,4,DBAASP
dbaasp_13655,LAANFLPQILCKIARKC,paero,ATCC 27853,53.08844442,1.725,development,4,DBAASP
dbaasp_19851,FLPIVAKLLEGLL,paero,ATCC 27853,127.9381304,2.107,development,5,DBAASP
dbaasp_197,KKLFKKILKYL,paero,ATCC 27853,1.710015315,0.233,development,1,DBAASP
dbaasp_12342,RRRPRPPYLPRPRPPPFFPPRLPPRIPPGFPPRFP,paero,ATCC 27853,7.603262769,0.881,development,1,DBAASP
dbaasp_19253,IAKAILPLALGALKNLIK,paero,ATCC 27853,31.9889511,1.505,development,2,DBAASP
dbaasp_13760,GLFDVIRRVASVIGGL,paero,ATCC 27853,19.36421964,1.287,development,5,DBAASP
dbaasp_14198,RWRWWWRWRI,paero,ATCC 27853,31.9889511,1.505,development,5,DBAASP
dbaasp_11783,GLRKRLRKFRNKMKEKLKKIGQKIQGLLPKLAPRTDY,paero,ATCC 27853,1.803017741,0.256,development,3,DBAASP
dbaasp_15608,GWLRDFGKRIERTGQNIRDATIQTIGIAQEAANVAATLKG,paero,ATCC 27853,237.1373706,2.375,development,3,DBAASP
dbaasp_12716,IRPIIRPIIRPIIRPIIRPIIRPIIRPIIRPI,paero,ATCC 27853,7.99834255,0.903,development,2,DBAASP
dbaasp_5854,RIVQRIKKWLLKWKKLGY,paero,ATCC 27853,27.35268726,1.437,development,4,DBAASP
dbAMP_19464,LRLKKRRWKYRFPP,paero,ATCC 27853,6.486344335,0.812,development,5,dbAMP
dbaasp_14985,WYQLIRTFGNLIHQKYRKLLEAYRKLRD,paero,ATCC 27853,8.87156012,0.948,development,4,DBAASP
dbaasp_16433,LKKLACRLKKLACRLKKLACRLKKLACR,paero,ATCC 27853,63.97348355,1.806,development,5,DBAASP
dbaasp_16589,DILIIVGGKRRR,paero,ATCC 27853,63.97348355,1.806,development,4,DBAASP
dbaasp_15055,KRIVQRIKDFAR,paero,ATCC 27853,39.99447498,1.602,development,5,DBAASP
dbaasp_17254,FLKWLKKLL,paero,ATCC 27853,6.839116473,0.835,development,2,DBAASP
dbaasp_17456,SHHRHFRSHQCRR,paero,ATCC 27853,18.53531623,1.268,development,5,DBAASP
dbaasp_15032,ARIVQRIKDFLR,paero,ATCC 27853,39.99447498,1.602,development,2,DBAASP
dbaasp_19639,KFAKFAKKFAKFAKGGPQQFFGLM,paero,ATCC 27853,5.915616342,0.772,development,5,DBAASP
dbaasp_1441,KWKSFLKTFKSAAKTVLHTALKAISS,paero,ATCC 27853,7.99834255,0.903,development,5,DBAASP
dbaasp_17023,GGHWRWYCRGGK,paero,ATCC 27853,10.99005839,1.041,development,3,DBAASP
dbaasp_17817,GKKPGWWKAK,paero,ATCC 27853,214.2890601,2.331,development,3,DBAASP
dbaasp_17374,FIHHIIGGLFSIGKIIHRLIRRRRR,paero,ATCC 27853,167.8804018,2.225,development,2,DBAASP
dbAMP_19119,RRVHVHVPGVHVHVRR,paero,ATCC 27853,7.99834255,0.903,development,4,dbAMP
dbaasp_2504,GFMKYIGPLIPHAVKAISDLI,paero,ATCC 27853,25.00345362,1.398,development,2,DBAASP
dbaasp_17685,WRLWRLWRL,paero,ATCC 27853,7.99834255,0.903,development,2,DBAASP
dbaasp_9803,FLKALWNVAKSVF,paero,ATCC 27853,0.779830111,-0.108,development,4,DBAASP
dbaasp_4194,DSMGAVKLAKLLIDKMKCEVTKAC,paero,ATCC 27853,23.01441817,1.362,development,2,DBAASP
dbaasp_17688,WRFWRF,paero,ATCC 27853,15.99558029,1.204,development,1,DBAASP
dbaasp_16898,KIAKRIWKILRRRLF,paero,ATCC 27853,3.944573021,0.596,development,5,DBAASP
dbaasp_10828,IIPLPLGYFAKKKKKKDPVPLDQ,paero,ATCC 27853,38.19442708,1.582,development,1,DBAASP
dbaasp_19641,KFAKFAKKFAKFAKGGQFFGLM,paero,ATCC 27853,3.228494122,0.509,development,4,DBAASP
dbaasp_5184,GRRRRSVQWCA,paero,ATCC 27853,45.70881896,1.66,development,1,DBAASP
dbAMP_27960,GKWKKILGKLIR,paero,ATCC 27853,1.99986187,0.301,development,1,dbAMP
dbAMP_25098,GLPALISWIKRKRQQ,paero,ATCC 27853,22.54239212,1.353,development,3,dbAMP
dbaasp_10175,WFKKLLKKALRLWKKVL,paero,ATCC 27853,7.328245331,0.865,development,1,DBAASP
dbaasp_10591,TRRKFWKKVLNGALKIAPFLLG,paero,ATCC 27853,7.379042301,0.868,development,3,DBAASP
dbAMP_22060,TWLKKRRWKKVKPP,paero,ATCC 27853,0.010914403,-1.962,development,1,dbAMP
dbaasp_19679,GYCFTACYLRNGVRRCYRRCN,paero,ATCC 27853,7.99834255,0.903,development,3,DBAASP
dbaasp_15067,KRIVARIKAFLR,paero,ATCC 27853,1.25025903,0.097,development,1,DBAASP
dbaasp_14117,FAFAFKAFKKAFKKFKKAFKKAFGPC,paero,ATCC 27853,21.23244462,1.327,development,2,DBAASP
dbaasp_13015,RRLGLWLGLRR,paero,ATCC 27853,3.999447498,0.602,development,4,DBAASP
DRAMP20981,GFGSLLGKALRLGANVL,paero,ATCC 27853,19.18668741,1.283,development,3,DRAMP
dbaasp_13999,ARRARRRWRRRARRA,paero,ATCC 27853,62.95061829,1.799,development,5,DBAASP
dbaasp_4582,KSLVRRWRSRW,paero,ATCC 27853,39.99447498,1.602,development,5,DBAASP
dbaasp_3466,LKKLLKWLKKL,paero,ATCC 27853,5.741164622,0.759,development,1,DBAASP
dbaasp_9494,INLKILARLAKKIL,paero,ATCC 27853,6.251726928,0.796,development,4,DBAASP
dbaasp_17873,ARRWWWRRA,paero,ATCC 27853,127.9381304,2.107,development,2,DBAASP
dbaasp_11470,RKKRRQRRRLNLKALLAVAKKIL,paero,ATCC 27853,3.999447498,0.602,development,1,DBAASP
dbaasp_8595,GLLKRIKKLLKKIKKLL,paero,ATCC 27853,12.5025903,1.097,development,3,DBAASP
dbaasp_3178,FLPLILRKIVTAL,paero,ATCC 27853,405.5085354,2.608,development,4,DBAASP
dbaasp_17461,SHHRPRLFHRRRH,paero,ATCC 27853,18.03017741,1.256,development,5,DBAASP
dbaasp_17863,FWRWWWRWF,paero,ATCC 27853,127.9381304,2.107,development,4,DBAASP
dbaasp_5609,FLPIIGKLLSGLL,paero,ATCC 27853,29.30893245,1.467,development,5,DBAASP
dbaasp_14780,RKLFKRILKYL,paero,ATCC 27853,94.18895965,1.974,development,4,DBAASP
dbaasp_16581,DILIIVGGGSGKERKKRRR,paero,ATCC 27853,63.97348355,1.806,development,2,DBAASP
dbaasp_16886,RKEKIKKRIGKIDRL,paero,ATCC 27853,134.2764961,2.128,development,5,DBAASP
dbaasp_15885,KKMKKALQYIKLLK,paero,ATCC 27853,100,2,development,2,DBAASP
dbaasp_717,RRWQWRMKKLG,paero,ATCC 27853,167.4942876,2.224,development,5,DBAASP
dbaasp_19843,FEPIVAKLLSGLL,paero,ATCC 27853,127.9381304,2.107,development,5,DBAASP
dbaasp_17869,LRRWWWRRL,paero,ATCC 27853,15.99558029,1.204,development,4,DBAASP
dbaasp_8078,WRCRRRFCRW,paero,ATCC 27853,127.9381304,2.107,development,4,DBAASP
dbaasp_3943,KSLRPRCWIKIKFRCKSLKF,paero,ATCC 27853,3.723917063,0.571,development,4,DBAASP
dbaasp_15102,FAKKFAKKFK,paero,ATCC 27853,195.8844674,2.292,development,2,DBAASP
dbaasp_4229,GFSSIFRGVAKFASKGLGKDLAKLGVDLVACKISKQC,paero,ATCC 27853,5.00034535,0.699,development,3,DBAASP
dbaasp_350,CVKVQVKVGSGVKVQVKVC,paero,ATCC 27853,0.005000345,-2.301,development,5,DBAASP
dbaasp_1433,KRFHSVGSLIQRLQQMIRDLSEATRHGIRKITRPKLLLAS,paero,ATCC 27853,3.88150366,0.589,development,5,DBAASP
dbaasp_8898,GIMISLMKKLAAHIAK,paero,ATCC 27853,46.98941086,1.672,development,4,DBAASP
dbaasp_3157,GLLGPLLKIAAKVGSNLL,paero,ATCC 27853,25.00345362,1.398,development,1,DBAASP
dbaasp_11801,GLRKRLRKFRNKIKEKLKKIGQKIQTLLPKLAPRTDY,paero,ATCC 27853,1.794733627,0.254,development,2,DBAASP
dbaasp_12512,KVFKSVVKLLEKTVLKKFSK,paero,ATCC 27853,31.9889511,1.505,development,1,DBAASP
dbaasp_19605,WRWRRRRFRWRW,paero,ATCC 27853,7.99834255,0.903,development,5,DBAASP
dbaasp_10534,GLPVCGETCTLGTCSTQGCTCSWPICKRN,paero,ATCC 27853,10,1,development,4,DBAASP
dbaasp_20196,CGKKPGGWKCKL,paero,ATCC 27853,12.44514612,1.095,development,1,DBAASP
dbaasp_11758,AWCARVCYRGICYRRCR,paero,ATCC 27853,3.775721909,0.577,development,3,DBAASP
dbaasp_17724,WRIRRRWPRLPRPRWR,paero,ATCC 27853,31.9889511,1.505,development,5,DBAASP
dbaasp_11839,FLKKAKKFGKAFVKILK,paero,ATCC 27853,0.505824662,-0.296,development,3,DBAASP
dbAMP_25406,GVVVRVARVVVRWVRR,paero,ATCC 27853,127.9381304,2.107,development,1,dbAMP
dbaasp_13010,GKKLLWLLKKG,paero,ATCC 27853,127.9381304,2.107,development,3,DBAASP
dbaasp_19936,WRTWRTWRT,paero,ATCC 27853,63.97348355,1.806,development,3,DBAASP
dbAMP_19117,RRIHIHIPGIHIHIRR,paero,ATCC 27853,127.9381304,2.107,development,1,dbAMP
dbaasp_10427,KWKSFLKTFKSAKKTSLHTALKAISS,paero,ATCC 27853,10.96478196,1.04,development,5,DBAASP
dbaasp_18590,KWKIFKKIEKVGRNVRDGIIKAGPAVQVVGQATSIAK,paero,ATCC 27853,1.54525444,0.189,development,3,DBAASP
dbaasp_19610,LKLKRRRFKLKL,paero,ATCC 27853,63.97348355,1.806,development,2,DBAASP
dbaasp_13429,ITKVIAKLLNRLTKILSK,paero,ATCC 27853,3.097419299,0.491,development,5,DBAASP
dbaasp_4418,FLPILASLAAKFGPKLFSLVTKKS,paero,ATCC 27853,39.99447498,1.602,development,1,DBAASP
dbaasp_9808,FLGELWNVAKSVF,paero,ATCC 27853,3.118889584,0.494,development,1,DBAASP
dbaasp_3141,GLLKKIKTLL,paero,ATCC 27853,56.75446054,1.754,development,1,DBAASP
dbaasp_2261,KWCFRVCYRGICYRRCR,paero,ATCC 27853,0.055590426,-1.255,development,1,DBAASP
dbaasp_14035,AAKAWLKLWAKAA,paero,ATCC 27853,63.97348355,1.806,development,5,DBAASP
dbaasp_3462,KWLKKLLKKLL,paero,ATCC 27853,5.741164622,0.759,development,5,DBAASP
dbaasp_480,KKKAAAFAAWAAFAKKK,paero,ATCC 27853,31.9889511,1.505,development,5,DBAASP
dbaasp_3192,GLWSKIKAAGKEAAKAAAKAAGKAALNAVSEAV,paero,ATCC 27853,2.398832919,0.38,development,1,DBAASP
dbaasp_7670,GWLDVAKKIGKAAFNVAKNFI,paero,ATCC 27853,7.99834255,0.903,development,4,DBAASP
dbaasp_17668,KWQWKWQWK,paero,ATCC 27853,142.8893959,2.155,development,3,DBAASP
dbaasp_9113,FLKGIVGMLGKLW,paero,ATCC 27853,5.997910763,0.778,development,5,DBAASP
dbaasp_11260,GSLHGFMYKYLKTLVLRLY,paero,ATCC 27853,15.99558029,1.204,development,3,DBAASP
dbAMP_27569,GRRPRPRPRPFFF,paero,ATCC 27853,2.398832919,0.38,development,1,dbAMP
dbaasp_9805,FLGALWNVAKKVF,paero,ATCC 27853,0.389941987,-0.409,development,5,DBAASP
dbaasp_11468,LNLKALLAVAKKIL,paero,ATCC 27853,7.99834255,0.903,development,2,DBAASP
dbAMP_04157,GTKRGKLCRISRLAL,paero,ATCC 27853,25.00345362,1.398,development,2,dbAMP
dbaasp_19234,FFSLIPKLVGKLIKAFK,paero,ATCC 27853,9.375620069,0.972,development,4,DBAASP
dbaasp_9755,FFGRLKSVWSAVKHGWKAAKSR,paero,ATCC 27853,5.997910763,0.778,development,2,DBAASP
dbaasp_19124,GFFKKAWRKVKHAGRRVL,paero,ATCC 27853,14.75706533,1.169,development,1,DBAASP
dbaasp_11279,IARRALKKAKRARHTIPQCKKFGRR,paero,ATCC 27853,1,0,development,4,DBAASP
dbaasp_16893,RLFRRVKKVAG,paero,ATCC 27853,190.5460718,2.28,development,3,DBAASP
dbAMP_00448,APKGVQGPNG,paero,ATCC 27853,19.9986187,1.301,development,4,dbAMP
dbaasp_7404,KLKHVGLHVGKLK,paero,ATCC 27853,55.97576015,1.748,development,2,DBAASP
dbaasp_17673,GLWKRWKKFW,paero,ATCC 27853,3.999447498,0.602,development,2,DBAASP
dbaasp_18820,RWIHIPGRWIHI,paero,ATCC 27853,1,0,development,2,DBAASP
dbaasp_4365,ILGKLLKTAAKLLSNL,paero,ATCC 27853,7.99834255,0.903,development,4,DBAASP
dbaasp_17398,LRRLRLRLLRLLRRLLRLL,paero,ATCC 27853,127.9381304,2.107,development,5,DBAASP
dbaasp_12723,VRPVVRPVVRPVVRPVVRPVVRPVVRPV,paero,ATCC 27853,63.97348355,1.806,development,5,DBAASP
dbaasp_3247,IFGAIWNGIKSLF,paero,ATCC 27853,68.23386941,1.834,development,4,DBAASP
dbaasp_17364,FIHHIIGGAASAGKAIHRLIRRRRR,paero,ATCC 27853,179.8870915,2.255,development,3,DBAASP
dbaasp_7026,PRPFPGRPKPIFRPR,paero,ATCC 27853,100,2,development,1,DBAASP
dbaasp_14025,IHHIHHI,paero,ATCC 27853,63.97348355,1.806,development,3,DBAASP
dbaasp_14093,FKARRWQWRMKKLGA,paero,ATCC 27853,102.0939484,2.009,development,1,DBAASP
dbaasp_13071,AARIILRARFR,paero,ATCC 27853,15.99558029,1.204,development,2,DBAASP
dbaasp_13515,RFCVYAYVRVRGVLVRYRRCF,paero,ATCC 27853,1,0,development,5,DBAASP
dbaasp_9809,FLGALWEVAKSVF,paero,ATCC 27853,0.779830111,-0.108,development,3,DBAASP
dbaasp_12441,CSLYGCYLLHPGKICYCLHCSR,paero,ATCC 27853,63.97348355,1.806,development,3,DBAASP
dbaasp_12206,YYHFWHRGVTKRSL,paero,ATCC 27853,59.97910763,1.778,development,3,DBAASP
dbaasp_192,YVLFKRKRFIFI,paero,ATCC 27853,199.986187,2.301,development,4,DBAASP
dbaasp_8145,KKAKKFGKAFVK,paero,ATCC 27853,375.8374043,2.575,development,4,DBAASP
dbaasp_12674,QLGKKKHRRRPSKKKRHW,paero,ATCC 27853,127.9381304,2.107,development,1,DBAASP
dbaasp_11394,YKARRWAWRMK,paero,ATCC 27853,130.3166778,2.115,development,3,DBAASP
dbaasp_12944,WVKAAAKAAAKVW,paero,ATCC 27853,127.9381304,2.107,development,3,DBAASP
dbaasp_18654,KAIHRLIRRRRR,paero,ATCC 27853,78.52356346,1.895,development,4,DBAASP
dbaasp_19591,KKFVDLKKIANIL,paero,ATCC 27853,255.8585887,2.408,development,5,DBAASP
dbaasp_12709,LKPLLKPLLKPLLKPLLKPLLKPLLKPLLKPL,paero,ATCC 27853,1.99986187,0.301,development,1,DBAASP
dbaasp_4280,GVPCAESCVWIPCTVTALLGCSCKDKVCYLN,paero,ATCC 27853,19.9986187,1.301,development,4,DBAASP
dbaasp_11384,GLFRRLRDSIRRGQQKILEKARRIGERIKDIFR,paero,ATCC 27853,47.97334486,1.681,development,2,DBAASP
dbaasp_12129,HGVSGHGQHGVHG,paero,ATCC 27853,6.412095766,0.807,development,1,DBAASP
dbaasp_19683,GYCFTACARRNGVRICYRRCN,paero,ATCC 27853,0.125025903,-0.903,development,5,DBAASP
dbaasp_11837,GKFLKKAKKFGKAFVKI,paero,ATCC 27853,0.521194711,-0.283,development,3,DBAASP
dbaasp_6884,GRFRRLRKKTRKRLKKIGKVLKWIPPIVGSIPLG,paero,ATCC 27853,1,0,development,2,DBAASP
dbaasp_4172,KRGFGKKLRKRLKKFRNSIKKRLKNFNVVIPIPLPG,paero,ATCC 27853,0.950604794,-0.022,development,5,DBAASP
dbAMP_16657,GRKKRRQRRRGGWMWVTNLRTD,paero,ATCC 27853,22.90867653,1.36,development,4,dbAMP
dbaasp_13013,KKLLKGLLKGW,paero,ATCC 27853,31.9889511,1.505,development,1,DBAASP
dbaasp_8721,LYRRRFVVGR,paero,ATCC 27853,199.986187,2.301,development,5,DBAASP
dbAMP_24665,GKPYGNAYLGLRPKYSRWL,paero,ATCC 27853,3.597493352,0.556,development,3,dbAMP
dbaasp_12428,TRGRWGRFKRRAGRFIRRNRWQIISTGLKLIG,paero,ATCC 27853,4.808393484,0.682,development,1,DBAASP
dbaasp_14948,KWKLFKKIRFGRFLRKIRRFRPK,paero,ATCC 27853,3.999447498,0.602,development,3,DBAASP
dbAMP_19477,LRLHKRRWKYRVPP,paero,ATCC 27853,6.622165037,0.821,development,4,dbAMP
dbaasp_16587,DILIIVGGKDRKKRRR,paero,ATCC 27853,63.97348355,1.806,development,2,DBAASP
dbAMP_22057,LRLKKRRWKYRVPP,paero,ATCC 27853,4.255984131,0.629,development,2,dbAMP
dbaasp_16159,KKFLPWKIFCAITKKC,paero,ATCC 27853,63.97348355,1.806,development,1,DBAASP
dbaasp_10607,KCRRLCYRQRCVTYCRGR,paero,ATCC 27853,0.250034536,-0.602,development,4,DBAASP
dbaasp_19646,INWLHLGHMVIDAL,paero,ATCC 27853,255.8585887,2.408,development,1,DBAASP
dbaasp_4567,KKSYVRRWRS,paero,ATCC 27853,100,2,development,3,DBAASP
dbaasp_14873,GFSSLFKAGAKYLPKQVGKAGAQQL,paero,ATCC 27853,511.6818355,2.709,development,3,DBAASP
dbaasp_10826,GLMDIFKVAVNKLLAAGMNKPRCKAAHC,paero,ATCC 27853,33.49654392,1.525,development,3,DBAASP
dbaasp_5007,FALLGDFFRKSKEKIGKEFKRIVQRIKDFFRNLVPRTES,paero,ATCC 27853,5.929253246,0.773,development,5,DBAASP
dbaasp_1010,SMLSVLKNLGKVGLGFVACKINKQC,paero,ATCC 27853,19.9986187,1.301,development,2,DBAASP
dbaasp_15045,CGGKRIVQRIKDFLRGAGGRLFDKIRQVIRKG,paero,ATCC 27853,0.625172693,-0.204,development,4,DBAASP
dbaasp_8614,AIPWIWIWRLLRKG,paero,ATCC 27853,0.39994475,-0.398,development,3,DBAASP
dbaasp_1240,INWLKLGKAIIDAL,paero,ATCC 27853,82.60379496,1.917,development,3,DBAASP
dbaasp_19857,FLPKVAKLLEKLL,paero,ATCC 27853,15.99558029,1.204,development,1,DBAASP
dbaasp_12662,RRFWRR,paero,ATCC 27853,13.03166778,1.115,development,3,DBAASP
dbaasp_9329,GRRPRPRPRPWWWWW,paero,ATCC 27853,19.9986187,1.301,development,4,DBAASP
dbaasp_3399,GLMSVLKGVLKTAGKHIFKNVGGSLLDQAKCKITGQC,paero,ATCC 27853,2.999162519,0.477,development,4,DBAASP
dbaasp_7271,GVVDILKGAAKAIAGHLASKVMNKL,paero,ATCC 27853,50.0034535,1.699,development,3,DBAASP
dbaasp_11495,KFKKLFKKLSPVIGKEFKRIVERIKRFLR,paero,ATCC 27853,19.9986187,1.301,development,1,DBAASP
dbaasp_4420,IKLSKETKDNLKKVLKGAIKGAIAVAKMV,paero,ATCC 27853,25.00345362,1.398,development,1,DBAASP
dbaasp_12119,IHKFWRRWFKHI,paero,ATCC 27853,15.99558029,1.204,development,4,DBAASP
dbaasp_3776,GVSKILHSAGKFGKAFLGEIMKS,paero,ATCC 27853,199.986187,2.301,development,2,DBAASP
dbaasp_18049,GWKRKRFGLLPIVGNLLKSLL,paero,ATCC 27853,7.99834255,0.903,development,1,DBAASP
dbAMP_02623,GFLDIVKGVGKVALGAVSKLF,paero,ATCC 27853,159.9558029,2.204,development,3,dbAMP
dbaasp_4173,KRGLWESLKRKATKLGDDIRNTLRNFKIKFPVPRQG,paero,ATCC 27853,1.291219274,0.111,development,1,DBAASP
dbaasp_20183,CGKKPWWWKCKL,paero,ATCC 27853,165.5769963,2.219,development,2,DBAASP
dbaasp_20206,CGKKWWGWKCKL,paero,ATCC 27853,5.321082593,0.726,development,5,DBAASP
dbaasp_4360,ILKKLLSTAAGLLSNL,paero,ATCC 27853,127.9381304,2.107,development,5,DBAASP
dbAMP_10704,RRLDRGGVWNLNVNPGTTGARVWARTK,paero,ATCC 27853,32.96097122,1.518,development,3,dbAMP
dbaasp_18166,FLQGIWDTVGKWL,paero,ATCC 27853,299.9162519,2.477,development,3,DBAASP
dbaasp_15075,KRIVQRKKDFKR,paero,ATCC 27853,39.99447498,1.602,development,3,DBAASP
dbAMP_25411,WKWKWKWKPGKWKWKWKW,paero,ATCC 27853,63.97348355,1.806,development,3,dbAMP
dbaasp_18129,KWKSKLKTFKSLKKTVLHTALKAISS,paero,ATCC 27853,2.710191632,0.433,development,1,DBAASP
dbaasp_9533,ILSLRWRWWKWKK,paero,ATCC 27853,31.9889511,1.505,development,5,DBAASP
dbaasp_17021,WRWYCR,paero,ATCC 27853,33.0369541,1.519,development,2,DBAASP
dbaasp_19939,WRTWRTWRTWRTWRTWRT,paero,ATCC 27853,7.99834255,0.903,development,3,DBAASP
dbaasp_7164,WLRRIKAWLRRIKA,paero,ATCC 27853,7.99834255,0.903,development,1,DBAASP
dbaasp_484,RRRRRRAAFAAWAAFAA,paero,ATCC 27853,7.99834255,0.903,development,1,DBAASP
dbaasp_14048,ALWKTLLKHVGKAAGKAALNAVTDMVNQ,paero,ATCC 27853,15.99558029,1.204,development,5,DBAASP
dbAMP_11026,SGYLPGKEYVYKYKGKVF,paero,ATCC 27853,0.799834255,-0.097,development,2,dbAMP
dbaasp_19890,KKFKKTAKWLIKSAWLLLKSLALKMK,paero,ATCC 27853,10.37528416,1.016,development,4,DBAASP
dbaasp_5582,CVYAYVRVRGVLVRYRRCW,paero,ATCC 27853,8.994975815,0.954,development,4,DBAASP
dbaasp_8292,GVFDIIKDAGRQLVAHAMGKIAEKV,paero,ATCC 27853,193.1968317,2.286,development,2,DBAASP
dbaasp_4332,VKRFKKFFRKLKKSVKK,paero,ATCC 27853,29.37649652,1.468,development,2,DBAASP
dbaasp_1316,GGLIKIVPAMICAVTKKC,paero,ATCC 27853,139.9587323,2.146,development,2,DBAASP
dbaasp_18210,FLQHIIGALSHIF,paero,ATCC 27853,342.7677865,2.535,development,4,DBAASP
dbaasp_12185,GIMDTVKNAAKNLAGQLLDKLK,paero,ATCC 27853,511.6818355,2.709,development,5,DBAASP
dbAMP_24980,STLALVLRLRGG,paero,ATCC 27853,13.00169578,1.114,development,2,dbAMP
dbaasp_14634,FLGALWNVAKRVF,paero,ATCC 27853,12.5025903,1.097,development,3,DBAASP
dbaasp_13082,GLRKRLRKFRNKIKEILKKIGQKIQGLLPKLAPRTDY,paero,ATCC 27853,3.639150361,0.561,development,4,DBAASP
dbaasp_15633,SLWGKLKEMAAAAGKAALNAVNGLVNQ,paero,ATCC 27853,63.97348355,1.806,development,5,DBAASP
dbaasp_270,KWKSFLKTFKSLKKTVLHTLLKAISS,paero,ATCC 27853,7.99834255,0.903,development,3,DBAASP
dbaasp_19944,WRQWRQWRQWRQWRQ,paero,ATCC 27853,7.99834255,0.903,development,5,DBAASP
dbaasp_6208,RCPGHTRQIGTSFGPRVKSCRKW,paero,ATCC 27853,7.99834255,0.903,development,2,DBAASP
dbaasp_13077,GLRKRLRKFLNKIKEKLKKIGQKIQGLLPKLAPRTDY,paero,ATCC 27853,7.311390835,0.864,development,5,DBAASP
dbaasp_15635,SLWGKLKEMLAAAGKAVANAVNGLANQ,paero,ATCC 27853,31.9889511,1.505,development,2,DBAASP
dbaasp_17028,ILGTILGLLKFL,paero,ATCC 27853,15.99558029,1.204,development,5,DBAASP
dbaasp_2159,ILGKIWEGIKSLF,paero,ATCC 27853,67.29766563,1.828,development,1,DBAASP
dbaasp_15875,KKMKKALQYIKLLKE,paero,ATCC 27853,100,2,development,1,DBAASP
dbaasp_2157,ALRSAVRTVARVGRAVLPHVAI,paero,ATCC 27853,6.295061829,0.799,development,3,DBAASP
dbaasp_6929,GLKALKKVFKGIHKAIKLINNHVQ,paero,ATCC 27853,5.00034535,0.699,development,3,DBAASP
dbaasp_6769,LRKLRKRLLLRKLRKRLL,paero,ATCC 27853,6.792036326,0.832,development,4,DBAASP
dbaasp_14638,FLGALWNVFKSVF,paero,ATCC 27853,50.0034535,1.699,development,4,DBAASP
dbaasp_9804,FLGALWKVAKSVF,paero,ATCC 27853,0.389941987,-0.409,development,4,DBAASP
dbAMP_19403,YRLKKRRWKYRVPP,paero,ATCC 27853,12.97179271,1.113,development,1,dbAMP
dbaasp_7151,FLPLIGRVLSGILGWKRKRFG,paero,ATCC 27853,1.99986187,0.301,development,2,DBAASP
dbaasp_18591,RWKFLKKIEKVGRKVRDGVIKAGPAVGVVGQATSIYK,paero,ATCC 27853,0.615176873,-0.211,development,5,DBAASP
dbAMP_10497,RIKRFWPVVIRTVVAGYNLYRA,paero,ATCC 27853,161.0645635,2.207,development,3,dbAMP
dbaasp_10391,KKRYKKKYKAYKPYKKKKKF,paero,ATCC 27853,100,2,development,2,DBAASP
dbAMP_15927,ILKKLLEGVKSI,paero,ATCC 27853,25.00345362,1.398,development,3,dbAMP
dbaasp_14019,IHHIHHH,paero,ATCC 27853,63.97348355,1.806,development,2,DBAASP
dbAMP_19468,LYLKKRRWKYRVPP,paero,ATCC 27853,6.637430704,0.822,development,2,dbAMP
dbaasp_2190,GLLSKFGRLARKLARVIPKV,paero,ATCC 27853,3.999447498,0.602,development,4,DBAASP
dbaasp_10590,RRGLFKKLRRKIKKGFKKIFKRLPPVGVGVSIPLAGRR,paero,ATCC 27853,4.275628862,0.631,development,2,DBAASP
dbaasp_7431,GLLKWIKKLL,paero,ATCC 27853,9.506047937,0.978,development,5,DBAASP
dbaasp_7666,WKRLVAASAKKK,paero,ATCC 27853,14.62177174,1.165,development,2,DBAASP
dbaasp_8903,GIMSSLMKKLAKIIKK,paero,ATCC 27853,5.199959965,0.716,development,5,DBAASP
dbaasp_7260,GVVDILKGAAKDIAGHLASKVMAKL,paero,ATCC 27853,100,2,development,2,DBAASP
dbaasp_18814,RWFKFPGRWFKF,paero,ATCC 27853,3.19889511,0.505,development,1,DBAASP
dbaasp_9534,IRKLKSWKWLRWL,paero,ATCC 27853,68.07693587,1.833,development,2,DBAASP
dbAMP_19476,LRLLKRRWKYRVPP,paero,ATCC 27853,13.42764961,1.128,development,2,dbAMP
dbaasp_12192,TKRSLSPHRPRHSRLQREPQVQWLEQQVAKRRTKR,paero,ATCC 27853,100,2,development,4,DBAASP
dbaasp_14730,GWWRRAVAKVRK,paero,ATCC 27853,3.097419299,0.491,development,1,DBAASP
dbaasp_16356,RRWWRW,paero,ATCC 27853,31.11716337,1.493,development,4,DBAASP
dbaasp_7821,SVKKFWGGVKAIFKGARKGLK,paero,ATCC 27853,1.99986187,0.301,development,4,DBAASP
dbaasp_16464,FLPGILKVAAK,paero,ATCC 27853,511.6818355,2.709,development,3,DBAASP
dbaasp_1687,ATCYCRTGRCATRESLSGVCEISGRLYRLCCR,paero,ATCC 27853,25.11886432,1.4,development,4,DBAASP
dbaasp_13764,GLWDVIKKVASVIGGL,paero,ATCC 27853,19.54339456,1.291,development,1,DBAASP
dbaasp_690,GIGKFLHSAKKPGKAFVGEIMNS,paero,ATCC 27853,53.33348955,1.727,development,3,DBAASP
dbaasp_16039,GGLRSLGLKILLAWKKYG,paero,ATCC 27853,100,2,development,2,DBAASP
dbAMP_19486,LRLKKYRWKYRVPP,paero,ATCC 27853,13.27394458,1.123,development,5,dbAMP
dbaasp_15043,AGGKRIVKRIKKFLRGAGGKRIVKRIKKFLRG,paero,ATCC 27853,0.625172693,-0.204,development,2,DBAASP
dbaasp_14078,ILPWKWKWTPWRR,paero,ATCC 27853,3.999447498,0.602,development,4,DBAASP
dbaasp_4572,FIKRIARLLRKIF,paero,ATCC 27853,6.039486294,0.781,development,2,DBAASP
dbaasp_12676,RQIKIWFQNRRWGGQLGKKKHRRRPSKKKRHW,paero,ATCC 27853,7.99834255,0.903,development,4,DBAASP
dbAMP_19481,LRLKWRRWKYRVPP,paero,ATCC 27853,51.64163693,1.713,development,3,dbAMP
dbaasp_5605,INLKAIAPLAKKLL,paero,ATCC 27853,6.714288529,0.827,development,1,DBAASP
dbaasp_12828,LRRLKPLIRPWLRPLRRWWW,paero,ATCC 27853,5.754399373,0.76,development,4,DBAASP
dbAMP_19504,LRLKKRRWYYRVPP,paero,ATCC 27853,9.81747943,0.992,development,5,dbAMP
dbaasp_8201,SSRRPCRGRSCGPRLRGGYTLIGRPVKNQNRPKYMWV,paero,ATCC 27853,46.66593803,1.669,development,3,DBAASP
dbaasp_15872,RYRRKKKMKKALQYIKLLKE,paero,ATCC 27853,100,2,development,4,DBAASP
dbAMP_27553,KKLFKKILKFL,paero,ATCC 27853,25.00345362,1.398,development,4,dbAMP
dbaasp_16020,EPRWKVFKKIEKMGRNIRDGIIKAGPAVAVLGDAKALGK,paero,ATCC 27853,29.44421634,1.469,development,5,DBAASP
dbaasp_15845,RRWNWWWNWRR,paero,ATCC 27853,63.97348355,1.806,development,3,DBAASP
dbaasp_17378,FIHHIIGGLFSAGKAIHSLIHRRRR,paero,ATCC 27853,89.12509381,1.95,development,4,DBAASP
dbaasp_8814,LAAKLTKAATKLTAALTKLAAALT,paero,ATCC 27853,115.0800389,2.061,development,3,DBAASP
dbaasp_12630,FLSLIPKIISAISALIKHF,paero,ATCC 27853,511.6818355,2.709,development,1,DBAASP
dbaasp_19013,KAIAAFAKALFI,paero,ATCC 27853,40.17908108,1.604,development,2,DBAASP
dbaasp_11760,AWCFRVCYRGACYRRCR,paero,ATCC 27853,0.23227368,-0.634,development,4,DBAASP
dbaasp_14640,FLGALWNVAKSYF,paero,ATCC 27853,50.0034535,1.699,development,4,DBAASP
dbaasp_17469,NHHRRHHRCR,paero,ATCC 27853,23.01441817,1.362,development,1,DBAASP
dbaasp_7276,GVVDILAGAAKDIAGHLASKVMNKL,paero,ATCC 27853,100,2,development,1,DBAASP
dbaasp_7486,GFCWYVCVYRNGVRVCYRRCN,paero,ATCC 27853,0.192309173,-0.716,development,2,DBAASP
dbaasp_12842,PMARNKKLLKKLRLKIAFK,paero,ATCC 27853,15.99558029,1.204,development,5,DBAASP
dbaasp_19942,WRSWRSWRSWRSWRSWRS,paero,ATCC 27853,31.9889511,1.505,development,4,DBAASP
dbaasp_19864,FLPKVAKLLKELL,paero,ATCC 27853,7.99834255,0.903,development,1,DBAASP
dbAMP_22058,RWLKKRRWKYYVPP,paero,ATCC 27853,0.510505,-0.292,development,1,dbAMP
dbaasp_13982,LLKKPLLKKLLKKL,paero,ATCC 27853,3.133285724,0.496,development,2,DBAASP
dbaasp_659,NPVSCVRNKGICVPIRCPGSMKQIGTCVGRAVKCCRKK,paero,ATCC 27853,6.137620052,0.788,development,3,DBAASP
dbaasp_8592,GLFDVIKKVLKKIGGL,paero,ATCC 27853,50.0034535,1.699,development,2,DBAASP
dbaasp_11249,GKILKYLLYLLRKYANLIIR,paero,ATCC 27853,15.99558029,1.204,development,1,DBAASP
dbaasp_5387,KRFKKFFMKLKKSVKKRVMKFFKKPMVIGVTFPF,paero,ATCC 27853,1.90107828,0.279,development,2,DBAASP
dbaasp_8617,AIPWIWIWWLLRKG,paero,ATCC 27853,5.997910763,0.778,development,1,DBAASP
dbaasp_8144,LKKAKKFGKAFV,paero,ATCC 27853,190.107828,2.279,development,1,DBAASP
dbaasp_17664,GWWKRIKTWW,paero,ATCC 27853,3.999447498,0.602,development,3,DBAASP
dbaasp_1341,PFKISIHL,paero,ATCC 27853,10.69054879,1.029,development,3,DBAASP
dbaasp_8386,KWKSFAKTFKSAKKTVAHTALKAISS,paero,ATCC 27853,125.025903,2.097,development,4,DBAASP
dbaasp_7485,GFCWNVCVYRNGVRVCHRRCN,paero,ATCC 27853,1.584893192,0.2,development,5,DBAASP
dbaasp_15836,VVVKKKKK,paero,ATCC 27853,34.11929116,1.533,development,4,DBAASP
dbaasp_8895,GIMSSLMKKLAKHIAK,paero,ATCC 27853,7.90678628,0.898,development,3,DBAASP
dbaasp_10851,FLSLIPAAISAVSALANHF,paero,ATCC 27853,511.6818355,2.709,development,4,DBAASP
dbaasp_18124,KWKSFLKTKKSLKKTVKHTLLKAISS,paero,ATCC 27853,2.654605562,0.424,development,5,DBAASP
dbaasp_2404,GLKEIFKAGLGSLVKGIAAHVAS,paero,ATCC 27853,25.00345362,1.398,development,3,DBAASP
dbaasp_4557,QLKVDLWGTR,paero,ATCC 27853,100,2,development,2,DBAASP
dbaasp_4901,KWCFCVCYRGICYCRCRG,paero,ATCC 27853,5.00034535,0.699,development,4,DBAASP
dbaasp_5631,ISSPLFKTLLSAVGSALSSSGGQE,paero,ATCC 27853,100,2,development,1,DBAASP
dbaasp_17252,FLKSLKKLL,paero,ATCC 27853,7.464487584,0.873,development,1,DBAASP
dbaasp_11743,KWCFRVCYRGICYARCR,paero,ATCC 27853,0.057676646,-1.239,development,4,DBAASP
dbaasp_12576,RFRPPIRRPPIRPPFYPPF,paero,ATCC 27853,63.97348355,1.806,development,5,DBAASP
dbaasp_19257,IAKAILPLALKALKKLIK,paero,ATCC 27853,1.99986187,0.301,development,1,DBAASP
dbaasp_20056,IWWRRRWWI,paero,ATCC 27853,15.99558029,1.204,development,5,DBAASP
dbaasp_16431,LKKLACRLKKLACR,paero,ATCC 27853,31.9889511,1.505,development,2,DBAASP
dbaasp_12703,IKPIIKPIIKPIIKPIIKPIIKPIIKPI,paero,ATCC 27853,63.97348355,1.806,development,3,DBAASP
dbaasp_10857,WRKFWKYLK,paero,ATCC 27853,11.96740531,1.078,development,1,DBAASP
dbaasp_19674,GYCFTACYLRNGRRICYRRCN,paero,ATCC 27853,0.500034535,-0.301,development,3,DBAASP
dbaasp_12574,RFRPPIRRPPIRPPFYPPFRPPI,paero,ATCC 27853,31.9889511,1.505,development,4,DBAASP
dbaasp_8593,GLFDVIKKLLKKIGGL,paero,ATCC 27853,12.5025903,1.097,development,3,DBAASP
dbAMP_16444,WFWKLLWKALRLWWKVL,paero,ATCC 27853,13.58313447,1.133,development,3,dbAMP
dbaasp_4337,LVKRFKKFFRKLKKSVKK,paero,ATCC 27853,27.92543841,1.446,development,5,DBAASP
dbaasp_17816,GKKPWGWKAK,paero,ATCC 27853,214.2890601,2.331,development,2,DBAASP
dbaasp_8019,AAYLLAKINLKALAALAKKIL,paero,ATCC 27853,29.17427014,1.465,development,2,DBAASP
dbaasp_11789,GLRKRLRKFRNKIKEKLPKIGQKIQGLLPKLAPRTDY,paero,ATCC 27853,3.647539469,0.562,development,4,DBAASP
dbaasp_1273,FLGGLIKIVPAMICAVTKKC,paero,ATCC 27853,30.61963434,1.486,development,3,DBAASP
dbaasp_12928,LLKLLLKLLLKLL,paero,ATCC 27853,127.9381304,2.107,development,2,DBAASP
dbaasp_189,YVLWKRKRFIFI,paero,ATCC 27853,29.99162519,1.477,development,3,DBAASP
dbaasp_17404,FFFKLLPKAIGALKKI,paero,ATCC 27853,63.97348355,1.806,development,2,DBAASP
dbaasp_8080,PRCRRRFCRP,paero,ATCC 27853,127.9381304,2.107,development,4,DBAASP
dbaasp_17248,FLKILKKLL,paero,ATCC 27853,3.647539469,0.562,development,5,DBAASP
dbaasp_7407,KKAAHVGKHVGKAAL,paero,ATCC 27853,29.51209227,1.47,development,1,DBAASP
dbaasp_19589,FVDLKKIANIL,paero,ATCC 27853,511.6818355,2.709,development,2,DBAASP
dbaasp_691,KIAGKIAKIAGKIAKIAGKIA,paero,ATCC 27853,15.63147643,1.194,development,4,DBAASP
DRAMP04127,RGKRWWRRKK,paero,ATCC 27853,5.956621435,0.775,development,1,DRAMP
dbaasp_5616,GIGKFLHSAKKFGKAFVGEIMNSKKKKKKKKKK,paero,ATCC 27853,0.208929613,-0.68,development,1,DBAASP
dbaasp_1677,SIRDKIKTIAIDLAKSAGMGILKTLICKLDKSC,paero,ATCC 27853,28.31391996,1.452,development,3,DBAASP
dbaasp_13146,RWKIFKKIEKMGRNIRDGIVKAGPAIQVLGSAKAI,paero,ATCC 27853,2.197859873,0.342,development,4,DBAASP
dbaasp_17405,FKIKASKKLLKKVGKGALGAVAKALAQQA,paero,ATCC 27853,0.500034535,-0.301,development,4,DBAASP
dbaasp_15062,KRIVQRKKDFLR,paero,ATCC 27853,39.99447498,1.602,development,5,DBAASP
dbaasp_11184,RRIRFRPPYLPRPGRRPRFPPPFPIPRIPRIP,paero,ATCC 27853,3.999447498,0.602,development,1,DBAASP
dbAMP_25349,MQFITDLIKKAVDVFKGLFGNK,paero,ATCC 27853,19.9986187,1.301,development,5,dbAMP
DRAMP21338,FLRALWNVAKSVF,paero,ATCC 27853,6.295061829,0.799,development,4,DRAMP
dbaasp_19992,GKWVKLLKKILK,paero,ATCC 27853,2.999162519,0.477,development,3,DBAASP
dbAMP_27621,FFHHIFRGIVHVGKKIHRLVKG,paero,ATCC 27853,63.97348355,1.806,development,3,dbAMP
dbaasp_19637,KFAKFAKKFAKFAKGGPKPQQFFGLM,paero,ATCC 27853,5.457578611,0.737,development,4,DBAASP
dbaasp_19284,GLLGKILGAGKKVLCGVSGLC,paero,ATCC 27853,63.97348355,1.806,development,5,DBAASP
dbaasp_1667,CVISAGWNHKIRCKLTGNC,paero,ATCC 27853,11.99499303,1.079,development,3,DBAASP
dbaasp_12418,FFKLIPKLVKKLIKAFK,paero,ATCC 27853,2.301441817,0.362,development,4,DBAASP
dbaasp_8873,GWWRRTVDKVRNAGRKVAGFASKACGALGH,paero,ATCC 27853,1.559552503,0.193,development,3,DBAASP
dbaasp_369,GCRRWKKFRWRYRGKFWFWCG,paero,ATCC 27853,44.25883724,1.646,development,2,DBAASP
dbaasp_3821,GLGSVLGKALKIGANLL,paero,ATCC 27853,25.00345362,1.398,development,1,DBAASP
dbaasp_4358,GVVDILKGAAKDIAGHLASKVMNKL,paero,ATCC 27853,79.9834255,1.903,development,3,DBAASP
dbaasp_10425,KWKSFLKTFKSAKKTKLHTALKAISS,paero,ATCC 27853,10.81433951,1.034,development,4,DBAASP
dbaasp_1177,QKKIRVRASA,paero,ATCC 27853,56.23413252,1.75,development,5,DBAASP
dbaasp_12626,FLSLIPKAISAVSALANHF,paero,ATCC 27853,511.6818355,2.709,development,4,DBAASP
dbaasp_14871,GFSSLFKAGAKYLLKQVGKAGAQQLACKAANNC,paero,ATCC 27853,511.6818355,2.709,development,4,DBAASP
dbaasp_37,GMASKAGAIAGKIAKVALKAL,paero,ATCC 27853,65.61452663,1.817,development,5,DBAASP
DRAMP01739,LLPIVGNLLKSLL,paero,ATCC 27853,47.97334486,1.681,development,1,DRAMP
dbaasp_6749,YRWWRWARRW,paero,ATCC 27853,4.677351413,0.67,development,5,DBAASP
dbaasp_17225,GFCWRACVYRNGVRACYRRCN,paero,ATCC 27853,0.197242274,-0.705,development,2,DBAASP
dbAMP_02268,FPFLLSLIPSAISAIKRL,paero,ATCC 27853,12.5025903,1.097,development,1,dbAMP
dbaasp_3819,GMASKAGSVLGKVAKVALKAAL,paero,ATCC 27853,12.5025903,1.097,development,4,DBAASP
dbaasp_17370,IIGGLFSAGKAIHRLIRRRRR,paero,ATCC 27853,105.4386896,2.023,development,5,DBAASP
dbaasp_17362,FIAAIIGGLFSAGKAIHRLIRRRRR,paero,ATCC 27853,180.7174126,2.257,development,1,DBAASP
dbaasp_15879,YIKLLKE,paero,ATCC 27853,100,2,development,2,DBAASP
dbAMP_24841,VDRGWGNGCGLFGKGG,paero,ATCC 27853,6.426877173,0.808,development,2,dbAMP
dbaasp_16899,CASYFCRWWWRR,paero,ATCC 27853,63.97348355,1.806,development,3,DBAASP
dbaasp_19631,RRIRPRPPRLPRPRPR,paero,ATCC 27853,7.99834255,0.903,development,2,DBAASP
dbaasp_10592,TRWLWLLRGGLKAAGWGIRAHLNRNQ,paero,ATCC 27853,12.38796587,1.093,development,3,DBAASP
dbaasp_11102,PRPRPRP,paero,ATCC 27853,37.32501578,1.572,development,4,DBAASP
dbaasp_11527,FSGGDCRGLRRRCFCTR,paero,ATCC 27853,251.1886432,2.4,development,5,DBAASP
dbaasp_4335,LVKRFKKFFRKLKKSV,paero,ATCC 27853,31.47748314,1.498,development,4,DBAASP
dbaasp_19012,KAIAAFAKKFFI,paero,ATCC 27853,37.41105883,1.573,development,3,DBAASP
dbaasp_15994,FIQHLIPLIPHAIQGIKDIF,paero,ATCC 27853,511.6818355,2.709,development,2,DBAASP
dbaasp_13428,IQKVIQKLLNRLQKILQK,paero,ATCC 27853,3.097419299,0.491,development,1,DBAASP
dbaasp_9488,FFFLRRIF,paero,ATCC 27853,25.00345362,1.398,development,1,DBAASP
dbaasp_17680,WRIWRI,paero,ATCC 27853,31.9889511,1.505,development,3,DBAASP
dbaasp_7699,KFFKKLKNSVKKRAKKFFKKPRVIGVSIPF,paero,ATCC 27853,1.745822153,0.242,development,4,DBAASP
dbaasp_11800,GLRKRLRKFRNKIKEKLKKIGQKNQGLLPKLAPRTDY,paero,ATCC 27853,3.622429984,0.559,development,2,DBAASP
dbaasp_16894,KIAKRIWKILRRRLFRRVKKVAG,paero,ATCC 27853,2.716439269,0.434,development,5,DBAASP
dbaasp_11026,KWKIRVRLSA,paero,ATCC 27853,12.91219274,1.111,development,2,DBAASP
dbaasp_12587,KKWRKWLAKK,paero,ATCC 27853,1.183041556,0.073,development,4,DBAASP
dbaasp_11778,GLRKRLRKFRNKDKEKLKKIGQKIQGLLPKLAPRTDY,paero,ATCC 27853,14.48771854,1.161,development,3,DBAASP
dbaasp_13448,GIKFFLKKLKKHI,paero,ATCC 27853,5.05824662,0.704,development,5,DBAASP
dbaasp_17406,KWKKFIKKLTSAAKKVLTTGLPALIS,paero,ATCC 27853,3.999447498,0.602,development,4,DBAASP
dbaasp_19247,RRIRRPRLPRPRVPRPRIPPRIPRPVLPPPRVPFPRFPR,paero,ATCC 27853,3.999447498,0.602,development,4,DBAASP
dbaasp_17666,KWFKRIKTFW,paero,ATCC 27853,7.99834255,0.903,development,4,DBAASP
dbaasp_19673,GYCFTACYLRNGARICYRRCN,paero,ATCC 27853,0.250034536,-0.602,development,4,DBAASP
dbaasp_5608,INLKAIAALARNY,paero,ATCC 27853,56.6239289,1.753,development,1,DBAASP
dbAMP_27557,NKKAGLFVVQFPKKY,paero,ATCC 27853,7.99834255,0.903,development,3,dbAMP
dbAMP_19472,LTLKKRRWKYRVPP,paero,ATCC 27853,6.854882265,0.836,development,3,dbAMP
dbaasp_13652,IAGLAANFLPQILCKIARKC,paero,ATCC 27853,46.98941086,1.672,development,1,DBAASP
dbaasp_7765,RFRRLRKKIRKRLKKI,paero,ATCC 27853,255.8585887,2.408,development,2,DBAASP
dbaasp_1485,RGLRRLGRKIAHGVKKYGPTVLRIIRIA,paero,ATCC 27853,3.118889584,0.494,development,3,DBAASP
dbaasp_19575,KIIKKIKKKIKKIIK,paero,ATCC 27853,6.194410751,0.792,development,2,DBAASP
dbaasp_7126,RIIRPIIQIIKQKIR,paero,ATCC 27853,1.069054879,0.029,development,5,DBAASP
dbaasp_13085,GLRKRLRKFRNKIKEYLKKIGQKIQGLLPKLAPRTDY,paero,ATCC 27853,3.597493352,0.556,development,3,DBAASP
dbaasp_2712,YKLLKLLLPKLKGLLFKL,paero,ATCC 27853,2.824879975,0.451,development,3,DBAASP
dbaasp_20079,WRWRRRWRW,paero,ATCC 27853,31.9889511,1.505,development,2,DBAASP
dbaasp_7148,LLPIVGNLLKSLLGWKRKRFG,paero,ATCC 27853,3.999447498,0.602,development,2,DBAASP
DRAMP01650,ALWKNMLKGIGKLAGQAALGAVKTLVGAE,paero,ATCC 27853,5.00034535,0.699,development,3,DRAMP
dbaasp_1787,GIGKFLHSAKKFAKAFVAEIMNS,paero,ATCC 27853,20.18366364,1.305,development,4,DBAASP
dbaasp_6753,RWWRYWR,paero,ATCC 27853,16.78804018,1.225,development,1,DBAASP
dbaasp_13066,AARIILRIRFR,paero,ATCC 27853,15.99558029,1.204,development,2,DBAASP
dbaasp_7804,VLNANLLR,paero,ATCC 27853,31.9889511,1.505,development,2,DBAASP
dbAMP_19482,LRLKLRRWKYRVPP,paero,ATCC 27853,13.42764961,1.128,development,4,dbAMP
dbaasp_19962,GKWKKLLKKILK,paero,ATCC 27853,2.897343588,0.462,development,5,DBAASP
dbaasp_3482,IWSAIWSGIKGLL,paero,ATCC 27853,31.9889511,1.505,development,5,DBAASP
dbaasp_17429,HGSRSGQSSRGERHGSSSGSSSH,paero,ATCC 27853,13.96368361,1.145,development,2,DBAASP
dbaasp_18165,FLQGIIDTVGKWL,paero,ATCC 27853,299.9162519,2.477,development,2,DBAASP
dbaasp_13983,KKPLLKKLLKKL,paero,ATCC 27853,6.251726928,0.796,development,4,DBAASP
dbaasp_10531,GLPCGESCVFIPCITTVVGCSCKNKVCYNN,paero,ATCC 27853,0.625172693,-0.204,development,5,DBAASP
dbaasp_4456,HSDAVFTDNYTRLRKQMAVKKYLNSILN,paero,ATCC 27853,1.238796587,0.093,development,3,DBAASP
dbaasp_16582,DILIIVGG,paero,ATCC 27853,63.97348355,1.806,development,5,DBAASP
dbaasp_15068,KRIVKRIKKFLR,paero,ATCC 27853,1.25025903,0.097,development,2,DBAASP
dbaasp_12721,LRPLLRPLLRPLLRPLLRPLLRPLLRPLLRPL,paero,ATCC 27853,1.99986187,0.301,development,1,DBAASP
dbaasp_1737,KFFRKLKKSVKKRAKEFFKKPRVIGVSIPF,paero,ATCC 27853,0.165576996,-0.781,development,1,DBAASP
dbAMP_20712,WKKIWKPGIKKWIKKK,paero,ATCC 27853,127.9381304,2.107,development,5,dbAMP
dbaasp_19517,ASVVNKLTKGVAKLLK,paero,ATCC 27853,63.97348355,1.806,development,1,DBAASP
dbaasp_18822,RWFHFPGRWFHF,paero,ATCC 27853,0.500034535,-0.301,development,1,DBAASP
dbaasp_18209,FFPLIFGALSSILPKIL,paero,ATCC 27853,272.8977783,2.436,development,2,DBAASP
dbaasp_19243,LKWLKKLLKWLKKL,paero,ATCC 27853,10,1,development,2,DBAASP
dbaasp_4195,GFMDTAKNVAKNVAVTLIDKLRCKVTGGC,paero,ATCC 27853,33.0369541,1.519,development,3,DBAASP
dbaasp_10169,KFWSLLKKALRLWANVL,paero,ATCC 27853,15.4525444,1.189,development,4,DBAASP
dbaasp_17046,IFGTILGFLKGL,paero,ATCC 27853,203.2357011,2.308,development,2,DBAASP
dbaasp_11745,KWSFRVCYRGICYRRAR,paero,ATCC 27853,0.453941617,-0.343,development,4,DBAASP
dbaasp_194,YVLAKRKRAIFI,paero,ATCC 27853,199.986187,2.301,development,5,DBAASP
dbaasp_4176,RRGFWKRLRRRLRRFGDRIRNRFRNFREKLPDPFPG,paero,ATCC 27853,2.060629913,0.314,development,2,DBAASP
dbAMP_25427,GNGNLLGGLLRPVLGVVKGLTGGLGKK,paero,ATCC 27853,1.99986187,0.301,development,4,dbAMP
dbaasp_16463,FLPGILKVAANVVPGVI,paero,ATCC 27853,511.6818355,2.709,development,2,DBAASP
dbaasp_11212,NLVSALIEGRKYLKNVLKKLNRLKEKNKAKNSKENN,paero,ATCC 27853,15.31087462,1.185,development,1,DBAASP
dbaasp_190,YVLWKRKRWIFI,paero,ATCC 27853,149.9684836,2.176,development,4,DBAASP
dbaasp_19375,CCDQCYGFCRLVDNCCNS,paero,ATCC 27853,49.3173804,1.693,development,2,DBAASP
dbaasp_18832,RWLHLNGRWLHL,paero,ATCC 27853,0.500034535,-0.301,development,1,DBAASP
dbaasp_9229,SGKLCCRRKK,paero,ATCC 27853,100,2,development,4,DBAASP
dbAMP_25230,GWGKFFKKFFKFGK,paero,ATCC 27853,2.999162519,0.477,development,5,dbAMP
dbaasp_14639,FLGALWNVAKSLF,paero,ATCC 27853,50.0034535,1.699,development,5,DBAASP
dbaasp_19577,KVVKKVKKKVKKVVK,paero,ATCC 27853,50.0034535,1.699,development,3,DBAASP
dbaasp_7267,GVVDILKGAAKDIAGALASKVMNKL,paero,ATCC 27853,100,2,development,4,DBAASP
dbaasp_6886,GRFRRLRKKTRKRLKKIGKV,paero,ATCC 27853,2.999162519,0.477,development,2,DBAASP
dbaasp_17119,KRLFKKLLKYLRKF,paero,ATCC 27853,1.073989412,0.031,development,4,DBAASP
dbaasp_13831,ALRGCWTKSIPPKPCP,paero,ATCC 27853,511.6818355,2.709,development,2,DBAASP
dbaasp_7674,GWLDVAKKKGKAAFNVAKNFI,paero,ATCC 27853,31.9889511,1.505,development,3,DBAASP
dbaasp_18168,FLSKIWDGVKSLL,paero,ATCC 27853,149.9684836,2.176,development,5,DBAASP
dbaasp_17591,RQIRRWWQW,paero,ATCC 27853,50.0034535,1.699,development,3,DBAASP
dbaasp_17699,WRKWRKWRKWRKWRK,paero,ATCC 27853,3.999447498,0.602,development,4,DBAASP
dbaasp_19573,KIIKKIIKIIKKIIK,paero,ATCC 27853,12.5025903,1.097,development,5,DBAASP
dbaasp_14237,RWRWWWRWRV,paero,ATCC 27853,15.99558029,1.204,development,4,DBAASP
dbAMP_27618,WRPGRWWRPGRW,paero,ATCC 27853,127.9381304,2.107,development,1,dbAMP
dbaasp_14258,RWRWWWRWRF,paero,ATCC 27853,15.99558029,1.204,development,4,DBAASP
dbaasp_13447,GWAKLITKAIKKI,paero,ATCC 27853,5.508076964,0.741,development,2,DBAASP
dbaasp_9703,KWKSFLKTFKSAEKTVLHTALKAISS,paero,ATCC 27853,125.025903,2.097,development,5,DBAASP
dbaasp_15870,KFFKKLKKSVKKHVKKFFKKPKVIGVSIPF,paero,ATCC 27853,10.49542429,1.021,development,1,DBAASP
dbaasp_10354,FASGIAGMAGKLF,paero,ATCC 27853,199.986187,2.301,development,4,DBAASP
dbaasp_18121,KWKSKLKTKKSAKKTVKHTALKAISS,paero,ATCC 27853,85.90135215,1.934,development,1,DBAASP
dbaasp_12610,KKWRKWLKALAKK,paero,ATCC 27853,14.99684836,1.176,development,4,DBAASP
dbaasp_11747,KWAFRVCYRGICYRRAR,paero,ATCC 27853,0.914113241,-0.039,development,4,DBAASP
dbaasp_5629,GFFALIPKIISSPLFKTLLSAV,paero,ATCC 27853,100,2,development,2,DBAASP
dbaasp_15970,GLFGAIAGFIKGGWQGMVKG,paero,ATCC 27853,62.66138647,1.797,development,2,DBAASP
dbaasp_10430,KWKSFLKTFKSAKKTLLHTALKAISS,paero,ATCC 27853,0.679203633,-0.168,development,5,DBAASP
dbAMP_11605,TVVRRRGRSPRRRTPSPRRRR,paero,ATCC 27853,100,2,development,5,dbAMP
dbaasp_19685,GYCFTACARRNGARICYRRCN,paero,ATCC 27853,0.500034535,-0.301,development,2,DBAASP
dbaasp_9963,KWKLFKKI,paero,ATCC 27853,63.97348355,1.806,development,5,DBAASP
dbaasp_3464,LLKWLKKLLKK,paero,ATCC 27853,2.870780582,0.458,development,5,DBAASP
dbAMP_19463,LRLKKRRWKLRVPP,paero,ATCC 27853,5.140436516,0.711,development,3,dbAMP
dbaasp_1342,TPFKISIHL,paero,ATCC 27853,14.45439771,1.16,development,1,DBAASP
dbaasp_2715,YKLLKLLLPKLKPLLIKL,paero,ATCC 27853,3.758374043,0.575,development,1,DBAASP
dbaasp_20076,IRWRRRWRI,paero,ATCC 27853,63.97348355,1.806,development,5,DBAASP
dbaasp_17468,SHHRHFRSHQCR,paero,ATCC 27853,20.37042078,1.309,development,3,DBAASP
dbaasp_11892,LNALKKVFQKIHEAIKLI,paero,ATCC 27853,1.99986187,0.301,development,3,DBAASP
DRAMP03040,FDVMGIIKKIAGAL,paero,ATCC 27853,29.99162519,1.477,development,5,DRAMP
dbaasp_7125,RVVRPVVQVVKQKVR,paero,ATCC 27853,4.518559444,0.655,development,1,DBAASP
dbaasp_17720,WRIRPRPPRLPRPRPR,paero,ATCC 27853,63.97348355,1.806,development,1,DBAASP
dbaasp_20078,FRWRRRWRF,paero,ATCC 27853,31.9889511,1.505,development,1,DBAASP
dbaasp_5729,PPCRGIFCRRVGSSSAIARPGKTLSTFITV,paero,ATCC 27853,10.09252886,1.004,development,5,DBAASP
dbaasp_6804,GIGKHVGKALKGLKGLLKGLGEC,paero,ATCC 27853,31.9889511,1.505,development,1,DBAASP
dbaasp_17866,AWRWWWRWA,paero,ATCC 27853,31.9889511,1.505,development,5,DBAASP
dbaasp_15900,KMKKALQY,paero,ATCC 27853,100,2,development,4,DBAASP
dbaasp_8911,GIWSSLLKKLKKIIAK,paero,ATCC 27853,6.295061829,0.799,development,2,DBAASP
dbaasp_17819,GKKWGWWKAK,paero,ATCC 27853,199.0673339,2.299,development,2,DBAASP
dbaasp_12711,VKPVVKPVVKPVVKPVVKPVVKPVVKPV,paero,ATCC 27853,63.97348355,1.806,development,3,DBAASP
dbaasp_13668,WFKIIKK,paero,ATCC 27853,1059.253725,3.025,development,3,DBAASP
dbaasp_6203,RQIKIWFQNRRMKWKK,paero,ATCC 27853,1.99986187,0.301,development,3,DBAASP
dbAMP_19512,LRLKKRRWKYLVPP,paero,ATCC 27853,13.61444682,1.134,development,3,dbAMP
dbaasp_15034,KRAVQRIKDFLR,paero,ATCC 27853,10,1,development,1,DBAASP
dbaasp_757,GVIPCGESCVFIPCISTLLGCSCKNKVCYRN,paero,ATCC 27853,25.52701303,1.407,development,2,DBAASP
dbaasp_9328,GRRPRPRPRPWWWW,paero,ATCC 27853,19.9986187,1.301,development,5,DBAASP
dbaasp_10886,QVRWWGRYWRRKWATCR,paero,ATCC 27853,53.82697825,1.731,development,1,DBAASP
dbaasp_4556,QLKVDLWGTRSGIQPEQHSSGKSDVRRWRSRY,paero,ATCC 27853,100,2,development,5,DBAASP
dbaasp_16158,KFLPWKIFCAITKKC,paero,ATCC 27853,127.9381304,2.107,development,1,DBAASP
dbaasp_11025,WKKIRVRLSA,paero,ATCC 27853,39.99447498,1.602,development,1,DBAASP
dbaasp_128,GLRKRKRKFRNKKKEKLKKI,paero,ATCC 27853,63.97348355,1.806,development,5,DBAASP
dbaasp_14876,GFSSLFKAGAKYLRKQVGKAGAQQL,paero,ATCC 27853,15.99558029,1.204,development,3,DBAASP
dbaasp_20077,LRWRRRWRL,paero,ATCC 27853,63.97348355,1.806,development,5,DBAASP
dbaasp_7735,GLNTLKKVIQGLHEVIKLVNNHA,paero,ATCC 27853,50.0034535,1.699,development,1,DBAASP
dbaasp_9535,KRFKKFFKKVKKSV,paero,ATCC 27853,71.9448978,1.857,development,4,DBAASP
dbaasp_14441,KKWRKWLAKKKKK,paero,ATCC 27853,3.597493352,0.556,development,4,DBAASP
dbaasp_11822,ALKLLKKLL,paero,ATCC 27853,7.834296428,0.894,development,4,DBAASP
dbaasp_16333,RRIRFPFPPFPWQWPPAGFPTFHIPRIPRKQ,paero,ATCC 27853,63.97348355,1.806,development,5,DBAASP
dbAMP_19506,LRLKKRRWLYRVPP,paero,ATCC 27853,6.714288529,0.827,development,3,dbAMP
dbaasp_10429,KWKSFLKTFKSAKKTALHTALKAISS,paero,ATCC 27853,1.377209469,0.139,development,4,DBAASP
dbAMP_19505,LRLKKRRWWYRVPP,paero,ATCC 27853,9.705099672,0.987,development,1,dbAMP
dbaasp_10700,KIKWILKYWKWS,paero,ATCC 27853,3.999447498,0.602,development,4,DBAASP
dbaasp_15625,ATCDLLSFLNVKDAACAAHCLAKGYRGGYCDGRKVCNCRK,paero,ATCC 27853,29.92264637,1.476,development,5,DBAASP
dbAMP_11617,TWLKKRRWKKAKPP,paero,ATCC 27853,0.005533501,-2.257,development,1,dbAMP
dbaasp_17219,GFCWRVCASRNGLRVCYRRCN,paero,ATCC 27853,12.79381304,1.107,development,1,DBAASP
dbaasp_17658,GWFKRIKTFW,paero,ATCC 27853,7.99834255,0.903,development,1,DBAASP
dbaasp_16196,GLFNIIKKTIGKLR,paero,ATCC 27853,20.23019179,1.306,development,5,DBAASP
dbaasp_13658,RIAGLAANFLPQILCKIARKC,paero,ATCC 27853,43.85306978,1.642,development,3,DBAASP
dbaasp_17822,GRRPWWWRAR,paero,ATCC 27853,22.23309891,1.347,development,1,DBAASP
dbaasp_14731,GWWRRTAAKVRK,paero,ATCC 27853,12.5025903,1.097,development,1,DBAASP
dbaasp_10908,FLPIVAKLLSGLLGRKKRRQRRR,paero,ATCC 27853,1.99986187,0.301,development,4,DBAASP
dbaasp_4554,LRRLWLRANRLLRRLWLRANRL,paero,ATCC 27853,3.999447498,0.602,development,1,DBAASP
dbaasp_9491,RYPAVGYT,paero,ATCC 27853,6.382634862,0.805,development,1,DBAASP
dbaasp_15044,CGGRLFDKIRQVIRKGAGGRLFDKIRQVIRKG,paero,ATCC 27853,1.25025903,0.097,development,5,DBAASP
dbaasp_19949,WRWRWRWR,paero,ATCC 27853,7.99834255,0.903,development,2,DBAASP
dbaasp_191,YVLWKRKRYIFI,paero,ATCC 27853,8.994975815,0.954,development,4,DBAASP
dbaasp_16896,KIAKRIWKILRRRLFRR,paero,ATCC 27853,3.404081897,0.532,development,5,DBAASP
dbaasp_16149,FLGLLGSVLGSVLPSIFK,paero,ATCC 27853,54.70159629,1.738,development,5,DBAASP
dbAMP_25365,AFGCPFDQGTCHSHCRSIRRRGERCSGFAKRTCTCYQK,paero,ATCC 27853,63.97348355,1.806,development,1,dbAMP
dbaasp_13029,AARRILRWIFR,paero,ATCC 27853,7.99834255,0.903,development,3,DBAASP
dbaasp_17815,GKKWGGWKAK,paero,ATCC 27853,221.819642,2.346,development,4,DBAASP
dbaasp_10533,GLPVCGETCFGGTCNTPGCACDPWPVCTRD,paero,ATCC 27853,19.9986187,1.301,development,1,DBAASP
dbaasp_8912,GILSSWLKKLKKIIAK,paero,ATCC 27853,3.999447498,0.602,development,3,DBAASP
dbaasp_569,SWLSKTAKKLENSAKKRISEGIAIAIQGGPR,paero,ATCC 27853,15.99558029,1.204,development,5,DBAASP
dbAMP_17000,WRKVWRPGVKRWVK,paero,ATCC 27853,127.9381304,2.107,development,3,dbAMP
dbAMP_04410,GYFCPYNGYCDHHCRKKLRWRGGYCGGRWKLTCICVRG,paero,ATCC 27853,19.95262315,1.3,development,4,dbAMP
dbaasp_10849,ALWKEVLKNAGKAALNEINNLVQ,paero,ATCC 27853,63.97348355,1.806,development,1,DBAASP
dbaasp_17857,WRWWWRW,paero,ATCC 27853,15.99558029,1.204,development,5,DBAASP
dbaasp_20001,KLRWYFKL,paero,ATCC 27853,7.99834255,0.903,development,3,DBAASP
dbaasp_12430,WKLLSKAQEKFGKNKSRC,paero,ATCC 27853,116.1448614,2.065,development,2,DBAASP
dbaasp_11788,GLRKRLRKFRNKIKEKPKKIGQKIQGLLPKLAPRTDY,paero,ATCC 27853,14.55459081,1.163,development,4,DBAASP
dbaasp_15881,RYRRKKKMKKALQY,paero,ATCC 27853,100,2,development,5,DBAASP
dbaasp_5208,KWKKLLKKPLLKKLLKKL,paero,ATCC 27853,3.133285724,0.496,development,1,DBAASP
dbaasp_12130,GVSGHGQHGVHG,paero,ATCC 27853,115.3453258,2.062,development,4,DBAASP
dbaasp_19555,ASVVKKWWKGWWKLLK,paero,ATCC 27853,3.999447498,0.602,development,5,DBAASP
dbaasp_12714,IRPIIRPIIRPIIRPIIRPIIRPI,paero,ATCC 27853,7.99834255,0.903,development,5,DBAASP
dbaasp_12708,LKPLLKPLLKPLLKPLLKPLLKPLLKPL,paero,ATCC 27853,1.99986187,0.301,development,2,DBAASP
dbAMP_25233,WFKFFKKFFKKWK,paero,ATCC 27853,2.999162519,0.477,development,1,dbAMP
dbAMP_24937,RIKRFWPVVIRTV,paero,ATCC 27853,0.151356125,-0.82,development,1,dbAMP
dbaasp_6757,RWRYRW,paero,ATCC 27853,79.61593504,1.901,development,2,DBAASP
dbaasp_17353,KLAKKLAKLAKKLAKLAKKLA,paero,ATCC 27853,3.999447498,0.602,development,2,DBAASP
dbaasp_3733,FLPKLFAKITKKNMAHIR,paero,ATCC 27853,50.0034535,1.699,development,4,DBAASP
dbaasp_347,CVKVKVKVGSGVKVKVKVC,paero,ATCC 27853,0.619441075,-0.208,development,2,DBAASP
dbaasp_14722,GWWRRTVAKVRN,paero,ATCC 27853,6.295061829,0.799,development,4,DBAASP
dbaasp_3251,LLKWLKK,paero,ATCC 27853,219.7859873,2.342,development,2,DBAASP
dbaasp_19996,LRVRARLRL,paero,ATCC 27853,7.99834255,0.903,development,1,DBAASP
dbaasp_16957,IWLTKALKFLGKNLGK,paero,ATCC 27853,9.81747943,0.992,development,5,DBAASP
dbaasp_19618,MTPFWRGLSLRPIGASCRDASECLTQLCKKNRCCLQTFAD,paero,ATCC 27853,22.1819642,1.346,development,1,DBAASP
dbaasp_11252,GSLHGFMYKYLKNMVLNLF,paero,ATCC 27853,17.41806873,1.241,development,1,DBAASP
dbaasp_6768,LRKLRKRLVRLASHLRKLRKRLL,paero,ATCC 27853,2.754228703,0.44,development,3,DBAASP
dbaasp_5586,RLYRRLYRRLYRRLYR,paero,ATCC 27853,0.500034535,-0.301,development,5,DBAASP
dbAMP_25404,GVVVRVGRVVVRWVRRRR,paero,ATCC 27853,127.9381304,2.107,development,1,dbAMP
dbaasp_19609,IKIKRRRFKIKI,paero,ATCC 27853,15.99558029,1.204,development,2,DBAASP
dbAMP_25405,GVVVRVPRVVVRWVRR,paero,ATCC 27853,31.9889511,1.505,development,5,dbAMP
dbAMP_16446,LLWKALRLWWKVL,paero,ATCC 27853,37.49730022,1.574,development,4,dbAMP
dbaasp_6756,YWRWRW,paero,ATCC 27853,48.3058802,1.684,development,1,DBAASP
dbaasp_18217,PFKLKLHL,paero,ATCC 27853,31.9889511,1.505,development,2,DBAASP
dbaasp_13910,RFGRFLRKIRRFRPKVTITIQGSARFG,paero,ATCC 27853,1.99986187,0.301,development,1,DBAASP
dbAMP_24904,KRKILILIKRK,paero,ATCC 27853,7.99834255,0.903,development,3,dbAMP
dbaasp_11278,IARRALKKALRARHTIPQCKKFGRR,paero,ATCC 27853,3.999447498,0.602,development,5,DBAASP
dbaasp_13661,IAGLAANFLPQILCKIARK,paero,ATCC 27853,49.4310687,1.694,development,5,DBAASP
dbaasp_366,GKKYRRFWKFKGKWFWFWG,paero,ATCC 27853,3.054921113,0.485,development,4,DBAASP
dbaasp_19947,WRNWRNWRNWRNWRN,paero,ATCC 27853,31.9889511,1.505,development,4,DBAASP
dbaasp_681,GWASKIGQTLGKIAKVGLKELIQPK,paero,ATCC 27853,47.20630413,1.674,development,5,DBAASP
dbaasp_11863,KWKVFKKAEKMIRNIRNKIVK,paero,ATCC 27853,5.997910763,0.778,development,5,DBAASP
dbaasp_11,RVKRVWPLVIRTVIAGYNLYRAIKKK,paero,ATCC 27853,3.176874071,0.502,development,3,DBAASP
dbaasp_4616,LLQWLSKLLGRLL,paero,ATCC 27853,23.98832919,1.38,development,1,DBAASP
dbaasp_15837,VKVKVKVK,paero,ATCC 27853,35.15604405,1.546,development,3,DBAASP
dbaasp_17217,LAREYKKIVEKLKRWLRQVLRTLR,paero,ATCC 27853,2.600159563,0.415,development,5,DBAASP
dbaasp_19022,FLALALGKEAIAKLK,paero,ATCC 27853,127.9381304,2.107,development,2,DBAASP
dbaasp_7808,VALNENLLR,paero,ATCC 27853,31.9889511,1.505,development,4,DBAASP
dbaasp_11742,KWCFRVCYRGICARRCR,paero,ATCC 27853,0.231739465,-0.635,development,3,DBAASP
dbaasp_7386,GLFDVIKKVASVIGGL,paero,ATCC 27853,20.04472027,1.302,development,5,DBAASP
dbaasp_15037,AGGKRIVQRIKDFLRGAGGRLFDKIRQVIRKG,paero,ATCC 27853,0.625172693,-0.204,development,2,DBAASP
dbaasp_15073,KRAAQRIKAFLR,paero,ATCC 27853,5.00034535,0.699,development,3,DBAASP
dbaasp_13081,GLRKRLRKFRNKIKEFLKKIGQKIQGLLPKLAPRTDY,paero,ATCC 27853,7.211074792,0.858,development,5,DBAASP
dbAMP_15966,ILKKLLKKVKKI,paero,ATCC 27853,25.00345362,1.398,development,4,dbAMP
DRAMP02872,GRFKRFRKKFKKLFKKLS,paero,ATCC 27853,1,0,development,2,DRAMP
dbaasp_7143,RFRRLRKKTRKRLKKI,paero,ATCC 27853,255.8585887,2.408,development,3,DBAASP
dbAMP_19509,LRLKKRRWHYRVPP,paero,ATCC 27853,13.24341535,1.122,development,5,dbAMP
dbaasp_4564,WKSYVRRWRSR,paero,ATCC 27853,100,2,development,5,DBAASP
dbaasp_18811,RWVKVPGRWVKV,paero,ATCC 27853,18.7068214,1.272,development,3,DBAASP
dbaasp_15607,GFLKKIGKKLEGAVQRTRDATIQTIAVAQAAANVAATAKQ,paero,ATCC 27853,7.762471166,0.89,development,5,DBAASP
dbaasp_20080,VRWRRRWRV,paero,ATCC 27853,127.9381304,2.107,development,2,DBAASP
dbaasp_3359,GIGKHVGKALKGLKGLLKGLGES,paero,ATCC 27853,15.99558029,1.204,development,2,DBAASP
dbaasp_4580,QHSSGKSDVRRW,paero,ATCC 27853,100,2,development,1,DBAASP
dbaasp_16100,APAAGFFGMR,paero,ATCC 27853,82.03515443,1.914,development,4,DBAASP
dbAMP_16442,LFWKLLLKALRLWAKVL,paero,ATCC 27853,7.638357836,0.883,development,4,dbAMP
dbAMP_19497,LRLKKRTWKYRVPP,paero,ATCC 27853,3.404081897,0.532,development,1,dbAMP
dbaasp_12621,RRLIWLILRLLR,paero,ATCC 27853,3.999447498,0.602,development,2,DBAASP
dbaasp_15053,KRIVQRIKAFLR,paero,ATCC 27853,1.25025903,0.097,development,1,DBAASP
dbaasp_13445,AIKIRKLFKKLLR,paero,ATCC 27853,2.483133105,0.395,development,1,DBAASP
dbaasp_4357,GVVDILKGAAKDLAGHLATKVMNKL,paero,ATCC 27853,100,2,development,3,DBAASP
dbaasp_18220,PFRLSLHL,paero,ATCC 27853,31.9889511,1.505,development,5,DBAASP
dbaasp_17226,GFCWRACVYRNGVRVCYRRCN,paero,ATCC 27853,0.19498446,-0.71,development,2,DBAASP
dbaasp_2384,ILRAWKKYGPIIVPIIRI,paero,ATCC 27853,7.99834255,0.903,development,3,DBAASP
dbaasp_17626,RQIRWQR,paero,ATCC 27853,50.0034535,1.699,development,1,DBAASP
dbaasp_17458,SHHRHFRSHQCRRQRSNSCDR,paero,ATCC 27853,11.96740531,1.078,development,3,DBAASP
dbaasp_8436,FFPSIAGLAAKFLPKIFCSITKRC,paero,ATCC 27853,0.946237161,-0.024,development,3,DBAASP
dbaasp_12454,RWWWRR,paero,ATCC 27853,63.97348355,1.806,development,4,DBAASP
dbaasp_14138,GLLKKIGKKAKKAGKKLGY,paero,ATCC 27853,15.99558029,1.204,development,4,DBAASP
dbAMP_17004,WKKLWKPGLKKWLK,paero,ATCC 27853,3.999447498,0.602,development,5,dbAMP
dbaasp_18320,RVCVWLVVMCKK,paero,ATCC 27853,88.51156098,1.947,development,1,DBAASP
dbaasp_17723,WRIRRRPPRLPRPRWR,paero,ATCC 27853,63.97348355,1.806,development,5,DBAASP
dbaasp_15883,RYRRKKKMKK,paero,ATCC 27853,100,2,development,5,DBAASP
dbaasp_13799,KIVPAMICAVTKKC,paero,ATCC 27853,2.691534804,0.43,development,2,DBAASP
dbAMP_25232,WGKFFKKFFKFGK,paero,ATCC 27853,2.999162519,0.477,development,5,dbAMP
dbaasp_19196,SWLSKTWKKLENSGKKRIAEGIAIALKGGLR,paero,ATCC 27853,3.999447498,0.602,development,4,DBAASP
dbaasp_5520,KWKSFLKKLTSAAKKVLTTALKPISS,paero,ATCC 27853,3.999447498,0.602,development,1,DBAASP
dbaasp_6770,CLRKLRKRLLC,paero,ATCC 27853,23.1206479,1.364,development,1,DBAASP
dbaasp_4562,WKSDVRRWRSRY,paero,ATCC 27853,100,2,development,2,DBAASP
dbaasp_4627,FVRWFSRFLGRIL,paero,ATCC 27853,23.98832919,1.38,development,1,DBAASP
dbaasp_362,GCKKYRRFRWKFKGKFWFWGG,paero,ATCC 27853,46.55860935,1.668,development,1,DBAASP
dbaasp_11228,KIAKGALKALKIAKVALKAL,paero,ATCC 27853,1.99986187,0.301,development,1,DBAASP
dbaasp_3259,LKKLLKWLLKLLK,paero,ATCC 27853,123.5947433,2.092,development,3,DBAASP
dbaasp_10879,HLRRINKLLTRIGLYRHAFG,paero,ATCC 27853,52.96634439,1.724,development,4,DBAASP
dbaasp_11229,KIAKGALKALKIAKGALKAL,paero,ATCC 27853,7.99834255,0.903,development,2,DBAASP
dbaasp_15972,GLFGAIAGFIKGGWPGLVKG,paero,ATCC 27853,64.26877173,1.808,development,1,DBAASP
dbaasp_10343,AKKFFKKPRVIGVSIPF,paero,ATCC 27853,3.597493352,0.556,development,5,DBAASP
dbaasp_17697,WRKWRKWRK,paero,ATCC 27853,31.9889511,1.505,development,5,DBAASP
dbaasp_17351,KLAKKLA,paero,ATCC 27853,100,2,development,5,DBAASP
dbaasp_8771,LLRRVARLLKRFAK,paero,ATCC 27853,1.161448614,0.065,development,3,DBAASP
dbaasp_8893,GIMSSLMKKLAAHIAK,paero,ATCC 27853,19.9986187,1.301,development,5,DBAASP
dbaasp_9810,FLGALWNVWKSVF,paero,ATCC 27853,0.779830111,-0.108,development,3,DBAASP
dbaasp_9165,LILKRKRKRKRILI,paero,ATCC 27853,127.9381304,2.107,development,5,DBAASP
dbaasp_12946,WFKAAAKAAAKFW,paero,ATCC 27853,15.99558029,1.204,development,3,DBAASP
dbaasp_5349,RWKIFKKIEKMGRNIRDGIVKAGPAIEVLGSAKAI,paero,ATCC 27853,3.999447498,0.602,development,5,DBAASP
dbaasp_20186,CGRRPWWWRCRL,paero,ATCC 27853,19.31968317,1.286,development,4,DBAASP
dbaasp_11776,GLRKRPRKFRNKIKEKLKKIGQKIQGLLPKLAPRTDY,paero,ATCC 27853,14.55459081,1.163,development,3,DBAASP
dbaasp_19945,WRQWRQWRQWRQWRQWRQ,paero,ATCC 27853,31.9889511,1.505,development,2,DBAASP
dbaasp_12184,GIMDTVKNAAKNLAGQLLDKLKCKITAC,paero,ATCC 27853,511.6818355,2.709,development,1,DBAASP
dbaasp_19684,GYCFTACYRRNGARICYRRCN,paero,ATCC 27853,0.125025903,-0.903,development,3,DBAASP
dbaasp_17368,FIHHIIGGLFSAGKAIHRHHRRRRR,paero,ATCC 27853,84.9180475,1.929,development,3,DBAASP
dbaasp_11911,RRPFWIIRR,paero,ATCC 27853,79.9834255,1.903,development,5,DBAASP
dbaasp_11172,GKEFKRIVKWPWWPWRR,paero,ATCC 27853,15.99558029,1.204,development,3,DBAASP
dbaasp_7587,NGVQPKYRWWRWWRRWWWW,paero,ATCC 27853,31.33285724,1.496,development,4,DBAASP
DRAMP20828,KKLLPIVANLLKSLL,paero,ATCC 27853,2.999162519,0.477,development,1,DRAMP
dbaasp_17432,GRRGGRGGRGRGR,paero,ATCC 27853,5.984115951,0.777,development,5,DBAASP
dbaasp_13978,KWKKLLKKPLLKKLLK,paero,ATCC 27853,1.559552503,0.193,development,1,DBAASP
dbaasp_13091,GLRKRLRKFRNKIKEKLKKICQKIQGLLPKLAPRTDY,paero,ATCC 27853,7.177942913,0.856,development,4,DBAASP
dbaasp_17823,GRRWWWWRAR,paero,ATCC 27853,20.89296131,1.32,development,5,DBAASP
dbaasp_10907,FLYIVAKLLSGLL,paero,ATCC 27853,511.6818355,2.709,development,3,DBAASP
dbaasp_18758,GSKKPVPIIYCNAATGKCQRM,paero,ATCC 27853,100,2,development,5,DBAASP
dbaasp_10829,VLPLVGNLLNDLLGK,paero,ATCC 27853,64.12095766,1.807,development,3,DBAASP
dbaasp_10717,WGRRWRIRIPRLPRPWPPRPKWPRSATINTDQ,paero,ATCC 27853,3.999447498,0.602,development,5,DBAASP
dbaasp_10528,GIPCGESCVWIPCLTSAIGCSCKSKVCYRN,paero,ATCC 27853,10,1,development,1,DBAASP
dbaasp_13625,SFLTTVKKLVTNLAALAGTVIDTIKCKVTGGC,paero,ATCC 27853,255.8585887,2.408,development,4,DBAASP
dbaasp_8613,GLPWILLRWLFFRG,paero,ATCC 27853,199.986187,2.301,development,2,DBAASP
dbaasp_2204,FLSGIVGMLGKLF,paero,ATCC 27853,30.97419299,1.491,development,2,DBAASP
dbaasp_13070,AARIILRYRFR,paero,ATCC 27853,15.99558029,1.204,development,4,DBAASP
dbaasp_19357,FVKELWDKVKKMGSAAWSAAKGAFA,paero,ATCC 27853,39.99447498,1.602,development,1,DBAASP
dbaasp_18216,APCKLGCKIKKVKQKIKQKLKAKVNAVKTVIGKISEHLG,paero,ATCC 27853,25.11886432,1.4,development,5,DBAASP
dbaasp_11168,TRSRWRRFIRGAGRFARRYGWRIALGLVG,paero,ATCC 27853,5.395106225,0.732,development,5,DBAASP
dbaasp_8290,GVIDIIKGAGKDLIAHAIGKLAEKV,paero,ATCC 27853,203.7042078,2.309,development,1,DBAASP
dbaasp_4726,NGVQPKY,paero,ATCC 27853,254.0972706,2.405,development,1,DBAASP
dbaasp_7729,GKFHQIKKMFLSVGVKVTSLKRIQFGDF,paero,ATCC 27853,19.9986187,1.301,development,2,DBAASP
dbaasp_10532,GGTIFDCGESCFLGTCYTKGCSCGEWKLCYGTN,paero,ATCC 27853,79.9834255,1.903,development,3,DBAASP
dbaasp_17396,LNWGAFLKHFFK,paero,ATCC 27853,31.9889511,1.505,development,3,DBAASP
dbaasp_4568,WKSYVRRWR,paero,ATCC 27853,100,2,development,2,DBAASP
dbaasp_19366,MGRFKRFRKKFKKLFKKLS,paero,ATCC 27853,1,0,development,5,DBAASP
dbaasp_4558,LWGTRSGIQP,paero,ATCC 27853,100,2,development,2,DBAASP
dbAMP_20715,WIKIWKPGIKKWKK,paero,ATCC 27853,127.9381304,2.107,development,4,dbAMP
dbaasp_7801,VLNENLRR,paero,ATCC 27853,31.9889511,1.505,development,1,DBAASP
dbaasp_17675,GFFRRIKTFF,paero,ATCC 27853,7.99834255,0.903,development,1,DBAASP
dbaasp_11830,FLKLLKKLA,paero,ATCC 27853,30.33891184,1.482,development,2,DBAASP
dbaasp_10341,KRFKKFFKKLKKFVKKGFKKFAKV,paero,ATCC 27853,1.655769963,0.219,development,5,DBAASP
dbaasp_4406,GIFPIFAKLLGKVIKVASSLISKGRTE,paero,ATCC 27853,79.9834255,1.903,development,3,DBAASP
dbaasp_904,WKLFKKILKVL,paero,ATCC 27853,2.86417797,0.457,development,4,DBAASP
dbaasp_14106,GRFKRFRKKLKKLFKKLSPVIPLLHLG,paero,ATCC 27853,3.999447498,0.602,development,4,DBAASP
dbaasp_15074,KRIVQRKKDKKR,paero,ATCC 27853,39.99447498,1.602,development,3,DBAASP
dbaasp_16467,FLKWALKWAAK,paero,ATCC 27853,15.99558029,1.204,development,3,DBAASP
dbaasp_4336,LVKRFKKFFRKLKKSVK,paero,ATCC 27853,29.58012467,1.471,development,4,DBAASP
dbaasp_5841,GFLDIIKDTGKEFAVKILNNLKCKLAGGCPP,paero,ATCC 27853,9.120108394,0.96,development,2,DBAASP
dbAMP_19474,LRLRKRRWKYRVPP,paero,ATCC 27853,3.250872974,0.512,development,5,dbAMP
dbaasp_11215,NVLKKLNRLKEKNKAKNSKENN,paero,ATCC 27853,197.2422736,2.295,development,5,DBAASP
dbaasp_12375,HRVKRNGFRKFMRRLKKFFAGG,paero,ATCC 27853,2.944421634,0.469,development,2,DBAASP
dbaasp_13913,RFRRLRWKTRWRLKKIWWPFLRR,paero,ATCC 27853,4.027170343,0.605,development,1,DBAASP
dbaasp_14032,LWKAAAKAAAKWL,paero,ATCC 27853,15.99558029,1.204,development,2,DBAASP
dbaasp_2717,YKLLKLLLPKLKPLLPKL,paero,ATCC 27853,14.19057522,1.152,development,2,DBAASP
dbaasp_11397,YKAWRWAWRWK,paero,ATCC 27853,12.35947433,1.092,development,2,DBAASP
dbaasp_19601,ILGPALRIGGRIAGRIAGKLIGDAINRHRERNRQRRG,paero,ATCC 27853,9.794899854,0.991,development,2,DBAASP
dbaasp_15058,KRKVQRIKDFLR,paero,ATCC 27853,2.500345362,0.398,development,4,DBAASP
dbAMP_19485,LRLKQRRWKYRVPP,paero,ATCC 27853,6.652731562,0.823,development,2,dbAMP
dbaasp_14051,RWCFKVCYKGICYKKCK,paero,ATCC 27853,3.741105883,0.573,development,2,DBAASP
dbaasp_7124,RVVRPVVQVVKEKVR,paero,ATCC 27853,36.0578643,1.557,development,1,DBAASP
dbaasp_20042,LWRRRWL,paero,ATCC 27853,127.9381304,2.107,development,2,DBAASP
dbaasp_14952,WWPFLRR,paero,ATCC 27853,63.97348355,1.806,development,5,DBAASP
dbaasp_14003,LRRLRRRLRRLRRRWRRRLRRLRRRLRRL,paero,ATCC 27853,1.896705921,0.278,development,3,DBAASP
dbaasp_19994,KWMKLLKKILK,paero,ATCC 27853,2.897343588,0.462,development,4,DBAASP
dbaasp_17250,FLKFLKKLL,paero,ATCC 27853,3.531831698,0.548,development,1,DBAASP
dbaasp_17110,GLFDIIKKIWESF,paero,ATCC 27853,126.7651866,2.103,development,4,DBAASP
dbaasp_6754,WWRWRW,paero,ATCC 27853,18.92343619,1.277,development,4,DBAASP
dbaasp_14235,RWRWWWRWRA,paero,ATCC 27853,7.99834255,0.903,development,3,DBAASP
dbaasp_12113,PKILNKILGKILRLAAAFK,paero,ATCC 27853,1.499684836,0.176,development,4,DBAASP
dbaasp_18815,RWVRVPGRWVRV,paero,ATCC 27853,6.902398038,0.839,development,1,DBAASP
dbaasp_17251,FLKPLKKLL,paero,ATCC 27853,7.396052751,0.869,development,5,DBAASP
dbaasp_755,GIPCGESCVWIPCISAALGCSCKNKVCYRN,paero,ATCC 27853,500.034535,2.699,development,1,DBAASP
dbaasp_19515,ASVVNKLTGGVAGLLK,paero,ATCC 27853,127.9381304,2.107,development,3,DBAASP
dbaasp_12444,GCYLLHPGKICY,paero,ATCC 27853,63.97348355,1.806,development,2,DBAASP
dbaasp_10356,KRRGSVTTRYQFLMIHLLRPKKLFA,paero,ATCC 27853,32.88516309,1.517,development,4,DBAASP
dbaasp_18123,KWKSFLKTKKSAKKTVLHTALKAISS,paero,ATCC 27853,21.97859873,1.342,development,4,DBAASP
dbaasp_1668,FKTWKRPPFQTSCWGIIKE,paero,ATCC 27853,23.55049284,1.372,development,4,DBAASP
dbaasp_9341,RRPRPRPRPFFF,paero,ATCC 27853,159.9558029,2.204,development,1,DBAASP
dbaasp_14949,KWKLFKKIWWPFLRR,paero,ATCC 27853,3.999447498,0.602,development,3,DBAASP
dbaasp_2127,LNLKGLFKKVASLLT,paero,ATCC 27853,29.99162519,1.477,development,2,DBAASP
dbaasp_19024,FLAGKLIQEAIAKLK,paero,ATCC 27853,127.9381304,2.107,development,5,DBAASP
dbaasp_16350,IDWKKVDWKKVSKKTSKVMLKASKFL,paero,ATCC 27853,12.79381304,1.107,development,2,DBAASP
dbaasp_19940,WRSWRSWRSWRS,paero,ATCC 27853,7.99834255,0.903,development,3,DBAASP
dbaasp_16445,KEIERAGQRIRDAIISAAPAVETLAQAQKIIKGG,paero,ATCC 27853,8.375292821,0.923,development,4,DBAASP
dbaasp_1770,GLPVCGETCVGGTCNTPGCSCSWPVCTRN,paero,ATCC 27853,79.9834255,1.903,development,4,DBAASP
dbAMP_25410,WKWKWKPGKWKWKW,paero,ATCC 27853,31.9889511,1.505,development,4,dbAMP
dbaasp_14984,VKRTKRGARRGLTKVLKKIFGSIVKKAVSKGV,paero,ATCC 27853,0.572796031,-0.242,development,3,DBAASP
dbaasp_19935,WRTWRT,paero,ATCC 27853,63.97348355,1.806,development,2,DBAASP
dbaasp_19860,FLPIVAKLLSKLL,paero,ATCC 27853,127.9381304,2.107,development,5,DBAASP
dbaasp_11744,KWCFRVCYRGICYRACR,paero,ATCC 27853,1.845015419,0.266,development,5,DBAASP
dbaasp_16002,GSVLRAIMRMFAKLMG,paero,ATCC 27853,18.15515663,1.259,development,2,DBAASP
dbaasp_15042,AKRIVQRIKDFLRGAKRIVQRIKDFLRG,paero,ATCC 27853,0.625172693,-0.204,development,4,DBAASP
dbaasp_6840,LIAGLAANFLPQILCKIARKC,paero,ATCC 27853,44.66835922,1.65,development,1,DBAASP
dbaasp_17256,FLKVLKKLL,paero,ATCC 27853,7.379042301,0.868,development,3,DBAASP
dbaasp_12195,YYHFWHRGVTKRSLSPHRPRHSRLQR,paero,ATCC 27853,3.999447498,0.602,development,2,DBAASP
dbaasp_3397,GLMSLFRGVLKTAGKHIFKNVGGSLLDQAKCKITGEC,paero,ATCC 27853,2.999162519,0.477,development,3,DBAASP
dbaasp_19518,AKVVNKLTGGVAGLLK,paero,ATCC 27853,127.9381304,2.107,development,1,DBAASP
dbaasp_130,GLRKRLRKARNKIKEKLKKI,paero,ATCC 27853,1,0,development,1,DBAASP
dbaasp_7581,NGVQPKYKWWKWWKKWW,paero,ATCC 27853,37.6703799,1.576,development,1,DBAASP
dbAMP_20709,WKKIWKPGIKKWIKGGGK,paero,ATCC 27853,127.9381304,2.107,development,1,dbAMP
dbaasp_1178,QKKIRVRLAA,paero,ATCC 27853,13.74041975,1.138,development,2,DBAASP
dbaasp_14026,IHHIHHIIHHIHHI,paero,ATCC 27853,3.999447498,0.602,development,1,DBAASP
dbaasp_4573,IWRIFR,paero,ATCC 27853,127.9381304,2.107,development,1,DBAASP
dbaasp_14875,GFSSLFKAGAKYLKKQVGKAGAQQL,paero,ATCC 27853,15.99558029,1.204,development,4,DBAASP
dbaasp_5390,KRFKKFFKKLKNSVKKRAKKFFKKPRVIGVSIPF,paero,ATCC 27853,0.120781384,-0.918,development,5,DBAASP
dbaasp_16974,FLSLIPKIAGGIAALVKNL,paero,ATCC 27853,127.9381304,2.107,development,2,DBAASP
dbaasp_5018,HFLGKLVNLAKKIL,paero,ATCC 27853,15.99558029,1.204,development,5,DBAASP
dbaasp_20185,CGRRWGWWRCRL,paero,ATCC 27853,9.885530947,0.995,development,2,DBAASP
dbaasp_10342,FKKFFKKLKNSVKKR,paero,ATCC 27853,4.187935651,0.622,development,2,DBAASP
dbaasp_19206,GWLSKTWKKLENSAKKRIAEGIAIAIRGGPR,paero,ATCC 27853,3.999447498,0.602,development,4,DBAASP
dbaasp_9468,FLSMIPHIVSGVAALAKHL,paero,ATCC 27853,100,2,development,1,DBAASP
dbaasp_13517,RWCVYAYVRVRGVLVRYRRCW,paero,ATCC 27853,1,0,development,5,DBAASP
dbAMP_24592,IGKEFKRIVERIKRFLRELVRPLR,paero,ATCC 27853,32.96097122,1.518,development,3,dbAMP
dbaasp_1430,KRFGRLAKSFLRMRILLPRRKILLAS,paero,ATCC 27853,3.999447498,0.602,development,1,DBAASP
dbaasp_11791,GLRKRLRKFRNKIKEKLKKNGQKIQGLLPKLAPRTDY,paero,ATCC 27853,1.811340093,0.258,development,1,DBAASP
dbaasp_11782,GLRKRLRKFRNKHKEKLKKIGQKIQGLLPKLAPRTDY,paero,ATCC 27853,1.803017741,0.256,development,2,DBAASP
dbaasp_18132,KWKSFLKTFKSAKKTVLHTLKKAISS,paero,ATCC 27853,2.679168325,0.428,development,5,DBAASP
dbaasp_13880,WLSKTAKKLWLSKTAKKLWLSKTAKKL,paero,ATCC 27853,1.99986187,0.301,development,5,DBAASP
dbAMP_25446,CKYKAQ,paero,ATCC 27853,10.81433951,1.034,development,3,dbAMP
dbaasp_14005,LRRLRRRWWRRRLRRL,paero,ATCC 27853,3.349654392,0.525,development,2,DBAASP
dbaasp_2005,PIRNWWIRIWEWLNGIRKRLRQRSPFYVRGHLNVTSTPQP,paero,ATCC 27853,0.629506183,-0.201,development,1,DBAASP
dbaasp_11264,ANRLLEAYKMLLKFLGNLR,paero,ATCC 27853,31.9889511,1.505,development,2,DBAASP
dbaasp_10885,SIKILKIYFIQGKRHWSF,paero,ATCC 27853,57.01642723,1.756,development,5,DBAASP
dbaasp_17683,WRIWRIWRIWRIWRI,paero,ATCC 27853,31.9889511,1.505,development,1,DBAASP
dbaasp_1777,LLGDFFRKAREKIGEEFKRIVQRIKDFLRNLVPRTES,paero,ATCC 27853,1,0,development,1,DBAASP
dbaasp_19613,RFRFRRRRFRFRFR,paero,ATCC 27853,7.99834255,0.903,development,4,DBAASP
dbaasp_14986,VRRSKRGIKVPSFVKKVLKDVVSESIS,paero,ATCC 27853,10.56817509,1.024,development,3,DBAASP
dbaasp_9110,FLKGIVGKLGKLF,paero,ATCC 27853,11.99499303,1.079,development,4,DBAASP
dbaasp_15050,KRIVQAIKDFLR,paero,ATCC 27853,39.99447498,1.602,development,5,DBAASP
dbaasp_11824,FLALLKKLL,paero,ATCC 27853,7.691304403,0.886,development,1,DBAASP
dbaasp_11810,GWLKKIGKKIERVGQHTRDATIQTIGVAQQAANVAATLK,paero,ATCC 27853,15.31087462,1.185,development,5,DBAASP
dbAMP_19492,LRLKKRYWKYRVPP,paero,ATCC 27853,6.637430704,0.822,development,3,dbAMP
dbaasp_9343,RRPRPRPRPFFFFF,paero,ATCC 27853,19.9986187,1.301,development,4,DBAASP
dbaasp_12609,KKWRWWLKALAKK,paero,ATCC 27853,1.811340093,0.258,development,3,DBAASP
dbAMP_16162,LKLKAIAALAKKKW,paero,ATCC 27853,5.116818355,0.709,development,3,dbAMP
dbaasp_12627,FLSLIPKAISAISALANHF,paero,ATCC 27853,511.6818355,2.709,development,5,DBAASP
dbaasp_11236,GIKDLLKGAAKALVKTVLK,paero,ATCC 27853,25.00345362,1.398,development,4,DBAASP
dbAMP_27845,FLGWLFKWASK,paero,ATCC 27853,58.61381645,1.768,development,2,dbAMP
dbaasp_15069,KRIVKRIKAFLR,paero,ATCC 27853,1.25025903,0.097,development,4,DBAASP
dbaasp_13979,KWKKLLKKPLLKKL,paero,ATCC 27853,6.251726928,0.796,development,1,DBAASP
dbaasp_16429,LKKLCARLKKLCARLKKLCAR,paero,ATCC 27853,15.99558029,1.204,development,5,DBAASP
dbaasp_13427,ITKQITKQLNRQTKIQSK,paero,ATCC 27853,100,2,development,1,DBAASP
dbaasp_7667,KLKLVALHKQVL,paero,ATCC 27853,18.23895702,1.261,development,1,DBAASP
dbaasp_4478,LVQRGRFGRFLKKVRRFIPKVIIAAQIGSRFG,paero,ATCC 27853,10.09252886,1.004,development,3,DBAASP
dbaasp_11277,IARRALKKSLRARHTIPQCKKFGRR,paero,ATCC 27853,7.99834255,0.903,development,4,DBAASP
dbaasp_3944,RPRCWIKIKFRCKSLKF,paero,ATCC 27853,8.550667129,0.932,development,2,DBAASP
dbAMP_19510,LRLKKRRWKYYVPP,paero,ATCC 27853,6.637430704,0.822,development,5,dbAMP
dbaasp_12705,LKPLLKPLLKPLLKPL,paero,ATCC 27853,63.97348355,1.806,development,4,DBAASP
dbaasp_17373,FIHHIIGGLFSVGKHIHRLIRRRRR,paero,ATCC 27853,41.87935651,1.622,development,3,DBAASP
dbaasp_3343,INLKALAALAKKIL,paero,ATCC 27853,50.0034535,1.699,development,5,DBAASP
dbaasp_1007,GFGSLFKFLAKKVAKTVAKQAAKQGAKYVANKHME,paero,ATCC 27853,0.159955803,-0.796,development,4,DBAASP
dbaasp_9677,KRIRFFERIRDRLRDLGNRIKNRIRDFFS,paero,ATCC 27853,16.943378,1.229,development,3,DBAASP
dbaasp_732,AKRHHGYKRKFH,paero,ATCC 27853,4.073802778,0.61,development,1,DBAASP
dbaasp_17676,GFFKRIRTFF,paero,ATCC 27853,3.999447498,0.602,development,4,DBAASP
dbaasp_14178,GRWRWWWRWRI,paero,ATCC 27853,7.99834255,0.903,development,3,DBAASP
dbaasp_2192,SRWPSPGRPRPFPGRPKPIFRPRPCNCYAPPCPCDRW,paero,ATCC 27853,6.295061829,0.799,development,1,DBAASP
dbaasp_9236,RKKRWWRRKK,paero,ATCC 27853,0.990831945,-0.004,development,4,DBAASP
dbaasp_18816,RWIRIPGRWIRI,paero,ATCC 27853,7.19448978,0.857,development,5,DBAASP
dbAMP_20718,QKRPRVRLSAGGGWKKIWKPGIKKWIK,paero,ATCC 27853,127.9381304,2.107,development,1,dbAMP
dbAMP_19491,LRLKKQRWKYRVPP,paero,ATCC 27853,13.52072563,1.131,development,3,dbAMP
dbaasp_14721,WWRRTVAKVRNAGRK,paero,ATCC 27853,25.00345362,1.398,development,4,DBAASP
dbaasp_1465,FIGAIARLLSKIF,paero,ATCC 27853,55.97576015,1.748,development,3,DBAASP
dbaasp_8022,AGYLLPKINLKPLAKLPKKIL,paero,ATCC 27853,55.33501092,1.743,development,5,DBAASP
dbaasp_13763,GLFEVIKKVASVIGGL,paero,ATCC 27853,19.86094917,1.298,development,5,DBAASP
dbaasp_6752,RRWWRWWR,paero,ATCC 27853,3.647539469,0.562,development,5,DBAASP
dbaasp_3355,GLNALKKVFQGIHEAIKLINNHVQ,paero,ATCC 27853,63.97348355,1.806,development,1,DBAASP
dbaasp_19244,VKWVKKVVKWVKKV,paero,ATCC 27853,5.00034535,0.699,development,4,DBAASP
dbAMP_25007,FLKGIKGMLGKLF,paero,ATCC 27853,3.48337315,0.542,development,4,dbAMP
dbaasp_4221,FLPILAGLAANILPKVFCSITKKC,paero,ATCC 27853,25.00345362,1.398,development,1,DBAASP
dbaasp_8289,GVFDIIKDAGKQLVAHATGKIAEKV,paero,ATCC 27853,395.3666201,2.597,development,5,DBAASP
dbaasp_17366,FIHHIIGGLFSAGKARHRLIRRRRR,paero,ATCC 27853,170.2158508,2.231,development,5,DBAASP
dbaasp_7025,GRPRPFPGRPKPIFRPR,paero,ATCC 27853,50.0034535,1.699,development,1,DBAASP
dbaasp_13083,GLRKRLRKFRNKIKELLKKIGQKIQGLLPKLAPRTDY,paero,ATCC 27853,3.639150361,0.561,development,5,DBAASP
dbaasp_13008,KKLGWGLKK,paero,ATCC 27853,127.9381304,2.107,development,3,DBAASP
dbaasp_8918,GILSSLWKKLKKWIAK,paero,ATCC 27853,13.00169578,1.114,development,4,DBAASP
dbaasp_2292,GFLGPLLKLGLKGAAKLLPQLLPSRQQ,paero,ATCC 27853,25.00345362,1.398,development,4,DBAASP
dbaasp_19551,ASVVKKLWKGVWKLLK,paero,ATCC 27853,1.99986187,0.301,development,1,DBAASP
dbaasp_10099,RWQWRWQWR,paero,ATCC 27853,66.98846094,1.826,development,5,DBAASP
dbaasp_3103,FLSSIGKILGNLL,paero,ATCC 27853,159.9558029,2.204,development,4,DBAASP
dbaasp_12579,RPPIRRPPIRPPFYPPFRPPIRP,paero,ATCC 27853,63.97348355,1.806,development,4,DBAASP
dbaasp_17875,KLFKKLFKKLFK,paero,ATCC 27853,1.199499303,0.079,development,3,DBAASP
dbaasp_11912,PRFRWRIRI,paero,ATCC 27853,19.9986187,1.301,development,5,DBAASP
dbaasp_4379,LVKRFKKFFRKLKKS,paero,ATCC 27853,66.0693448,1.82,development,2,DBAASP
dbaasp_19937,WRTWRTWRTWRT,paero,ATCC 27853,31.9889511,1.505,development,3,DBAASP
dbAMP_24835,PVGRVHRLLRK,paero,ATCC 27853,4.797334486,0.681,development,5,dbAMP
dbaasp_7277,GVVDIAKGAAKDIAGHLASKVMNKL,paero,ATCC 27853,100,2,development,2,DBAASP
dbaasp_4560,EQHSSGKSDV,paero,ATCC 27853,100,2,development,1,DBAASP
dbaasp_5730,GKCNVLCQLKQKLRSIGSGSHIGSVVLPRG,paero,ATCC 27853,4.539416167,0.657,development,3,DBAASP
dbaasp_12591,FKKLKKLFSKLWNWK,paero,ATCC 27853,3.19889511,0.505,development,2,DBAASP
dbaasp_19615,RIRIRRRRFRIRIR,paero,ATCC 27853,3.999447498,0.602,development,4,DBAASP
dbaasp_11282,IARRALKKAKRAAHKIPACKKFGRR,paero,ATCC 27853,1.99986187,0.301,development,1,DBAASP
dbaasp_8077,FRFRCRRRFCRFRF,paero,ATCC 27853,3.999447498,0.602,development,4,DBAASP
dbaasp_14002,LRRLRRRWLRRLRRR,paero,ATCC 27853,14.55459081,1.163,development,2,DBAASP
dbaasp_13016,KKLTLWLTLKK,paero,ATCC 27853,7.99834255,0.903,development,4,DBAASP
dbaasp_4361,ILGKLLKTAAGLLSNL,paero,ATCC 27853,63.97348355,1.806,development,2,DBAASP
dbAMP_19049,KKLLKLKLKLKK,paero,ATCC 27853,199.986187,2.301,development,4,dbAMP
dbaasp_13656,KIAGLAANFLPQILCKIARKC,paero,ATCC 27853,44.36086439,1.647,development,1,DBAASP
dbaasp_17932,GILDILNKVSNLF,paero,ATCC 27853,31.18889584,1.494,development,1,DBAASP
dbaasp_18081,VFALKKWIQKVI,paero,ATCC 27853,137.4041975,2.138,development,5,DBAASP
dbAMP_19516,LRLKKRRWKYRVPF,paero,ATCC 27853,3.213660539,0.507,development,2,dbAMP
dbaasp_7820,FFKKFWGGVKAIFKGARKGWK,paero,ATCC 27853,1.99986187,0.301,development,2,DBAASP
dbaasp_16040,RGLRRLGRKIKKGLKKYG,paero,ATCC 27853,12.5025903,1.097,development,4,DBAASP
dbaasp_14199,RWRWWWRWRW,paero,ATCC 27853,31.9889511,1.505,development,2,DBAASP
DRAMP04095,GFGSLFKFLAKKVAKTVAKQAAKQGAKYVANKHMQ,paero,ATCC 27853,0.30974193,-0.509,development,4,DRAMP
dbaasp_18131,KWKSFLKTFKSAKKTVKHTLLKAISS,paero,ATCC 27853,1.339676687,0.127,development,1,DBAASP
dbaasp_19643,KFAKFAKKFAKFAKGGFGLM,paero,ATCC 27853,3.630780548,0.56,development,2,DBAASP
dbaasp_13426,ITKVITKLLNRLTKILSK,paero,ATCC 27853,25.00345362,1.398,development,1,DBAASP
dbAMP_19488,LRLKKLRWKYRVPP,paero,ATCC 27853,6.807693587,0.833,development,3,dbAMP
dbaasp_15882,RYRRKKKMKKA,paero,ATCC 27853,100,2,development,4,DBAASP
dbaasp_7987,SLGNFFRKARKKIGEEFKRIVQRIKDFLQHLIPRTEA,paero,ATCC 27853,1.99986187,0.301,development,4,DBAASP
dbaasp_12925,AAKAAAKAAAKAA,paero,ATCC 27853,127.9381304,2.107,development,5,DBAASP
dbaasp_17365,FIHHIIGGLFSAGKAAHRLIRRRRR,paero,ATCC 27853,87.70008211,1.943,development,3,DBAASP
dbaasp_5370,GLVGTLLGHIGKAILS,paero,ATCC 27853,250.0345362,2.398,development,4,DBAASP
dbaasp_9964,FRIRVRVFKRIVQRIKDFLR,paero,ATCC 27853,3.999447498,0.602,development,1,DBAASP
dbaasp_18819,RWVHVPGRWVHV,paero,ATCC 27853,0.500034535,-0.301,development,1,DBAASP
dbaasp_12700,IKPIIKPIIKPIIKPI,paero,ATCC 27853,63.97348355,1.806,development,2,DBAASP
dbaasp_19010,INLKAIAAFAKALI,paero,ATCC 27853,4.345102242,0.638,development,1,DBAASP
dbAMP_19462,LRLKKRRWKVRVPP,paero,ATCC 27853,27.54228703,1.44,development,4,dbAMP
dbaasp_3252,LLKWLLK,paero,ATCC 27853,111.6863248,2.048,development,3,DBAASP
dbaasp_15033,KAIVQRIKDFLR,paero,ATCC 27853,39.99447498,1.602,development,2,DBAASP
dbaasp_1026,FVQWFSKFLGRIL,paero,ATCC 27853,47.97334486,1.681,development,3,DBAASP
dbaasp_13072,AARIILRFRFR,paero,ATCC 27853,127.9381304,2.107,development,2,DBAASP
dbaasp_16444,KCAGSIAWAIGSGLFGGAKLIKIKKYIAELGGLQ,paero,ATCC 27853,1.452111618,0.162,development,1,DBAASP
dbaasp_17679,KWWKKWKKWW,paero,ATCC 27853,1.99986187,0.301,development,3,DBAASP
dbaasp_11807,GRKKRRQRRRGALWKSLLKNVGKA,paero,ATCC 27853,7.99834255,0.903,development,2,DBAASP
dbaasp_18218,PFKLSLKL,paero,ATCC 27853,31.9889511,1.505,development,3,DBAASP
dbaasp_10428,KWKSFLKTFKSAKKTELHTALKAISS,paero,ATCC 27853,42.16965034,1.625,development,5,DBAASP
dbaasp_17931,GILDIKNKVSNLF,paero,ATCC 27853,62.51726928,1.796,development,1,DBAASP
dbaasp_8905,GILSSLLKKLKKIIAK,paero,ATCC 27853,5.00034535,0.699,development,2,DBAASP
dbaasp_3398,GLMSVTKGVLKTAGKHIFKNVGGSLLDQAKCKISGQC,paero,ATCC 27853,5.997910763,0.778,development,3,DBAASP
dbaasp_3846,FIGPVLKMATSILPTAICKGFKKC,paero,ATCC 27853,1.963360277,0.293,development,3,DBAASP
dbaasp_15835,FFFKKK,paero,ATCC 27853,38.72576449,1.588,development,2,DBAASP
dbaasp_4226,FLPIIAGVAAKVLPKLFCAITKKC,paero,ATCC 27853,19.9986187,1.301,development,4,DBAASP
dbaasp_734,GLPVCGETCVGGTCNTPGCTCSWPVCTRN,paero,ATCC 27853,39.99447498,1.602,development,5,DBAASP
dbaasp_16900,CASYFCRWWWLL,paero,ATCC 27853,63.97348355,1.806,development,2,DBAASP
dbaasp_11867,FLGAVLKVAGKLVPAAICKISKKC,paero,ATCC 27853,31.9889511,1.505,development,3,DBAASP
dbaasp_20075,GRWRRRWRG,paero,ATCC 27853,127.9381304,2.107,development,4,DBAASP
dbaasp_4175,RPWAGNGSVHRYTVLSPRLKTQ,paero,ATCC 27853,0.72945751,-0.137,development,4,DBAASP
dbaasp_16583,KERKKRRR,paero,ATCC 27853,63.97348355,1.806,development,4,DBAASP
dbaasp_11885,WLNALKKVFQGIHEAIKLIWNHVQ,paero,ATCC 27853,1.99986187,0.301,development,3,DBAASP
dbaasp_19991,GKWLKLLKKILK,paero,ATCC 27853,3.999447498,0.602,development,4,DBAASP
dbaasp_11781,GLRKRLRKFRNKFKEKLKKIGQKIQGLLPKLAPRTDY,paero,ATCC 27853,0.899497582,-0.046,development,1,DBAASP
dbaasp_19019,NEPTHLLKAFSKAGFQ,paero,ATCC 27853,12.5025903,1.097,development,1,DBAASP
dbaasp_19359,AGTKEWLNKAKDFIKEKGLGMLSAAANAALN,paero,ATCC 27853,39.99447498,1.602,development,1,DBAASP
dbaasp_3389,GIHDILKYGKPS,paero,ATCC 27853,31.9889511,1.505,development,1,DBAASP
dbaasp_2383,GGLRSLGRKILRAWKKYGPIIVPIIRIG,paero,ATCC 27853,1,0,development,3,DBAASP
dbaasp_17613,KKWKMRRNQFWIKIQR,paero,ATCC 27853,50.0034535,1.699,development,1,DBAASP
dbaasp_12222,GLLSGILGAGKKIVF,paero,ATCC 27853,2.023019179,0.306,development,3,DBAASP
dbaasp_13256,TRGRWKRFWRGAGRFFRRHKEKIIRAAVDIVLS,paero,ATCC 27853,9.246981739,0.966,development,5,DBAASP
dbaasp_15904,KRFWPLVPVAINTVALYKAIRRK,paero,ATCC 27853,1.99986187,0.301,development,3,DBAASP
dbaasp_15997,MSLLERKLLMHFLRV,paero,ATCC 27853,4.285485204,0.632,development,2,DBAASP
dbaasp_17657,GLLKRFKTLL,paero,ATCC 27853,15.99558029,1.204,development,4,DBAASP
dbaasp_13993,RFCWKVCYKGICFKKCK,paero,ATCC 27853,1.883649089,0.275,development,5,DBAASP
dbaasp_8913,GILSSLWKKLKKIIAK,paero,ATCC 27853,5.296634439,0.724,development,4,DBAASP
dbaasp_8146,KAKKFGKAFVKI,paero,ATCC 27853,47.53352259,1.677,development,3,DBAASP
dbaasp_660,ALWKNMLKGIGKLAGQAALGAVKTLVGA,paero,ATCC 27853,5.00034535,0.699,development,2,DBAASP
dbaasp_3788,IKIPAFVKDTLKKVAKGVISAVAGALTQ,paero,ATCC 27853,19.9986187,1.301,development,2,DBAASP
dbaasp_18729,GILGKLWEGVKSIK,paero,ATCC 27853,25.00345362,1.398,development,3,DBAASP
dbaasp_17872,VRRWWWRRV,paero,ATCC 27853,31.9889511,1.505,development,3,DBAASP
dbaasp_1163,GILDAIKAIAKAAG,paero,ATCC 27853,48.75284901,1.688,development,2,DBAASP
dbaasp_19119,KRIVQRIKDWLRKLCKKW,paero,ATCC 27853,10.49542429,1.021,development,4,DBAASP
dbaasp_14782,KKLFKKILRYL,paero,ATCC 27853,11.88502227,1.075,development,2,DBAASP
dbaasp_4905,KWCRCVCRRGICRCRCRK,paero,ATCC 27853,1.99986187,0.301,development,2,DBAASP
dbaasp_14027,IHHIHHIIHHIHHIIHHIHHI,paero,ATCC 27853,1,0,development,4,DBAASP
dbaasp_15873,RKKKMKKALQYIKLLKE,paero,ATCC 27853,100,2,development,4,DBAASP
dbaasp_9230,FLGGLIKIVPAMICAVTKKCHHHHHH,paero,ATCC 27853,43.95416154,1.643,development,2,DBAASP
dbAMP_19478,LRLTKRRWKYRVPP,paero,ATCC 27853,13.48962883,1.13,development,5,dbAMP
dbaasp_5887,FLKLLKKLL,paero,ATCC 27853,7.294575103,0.863,development,2,DBAASP
dbAMP_25242,RKLKHMRF,paero,ATCC 27853,3.647539469,0.562,development,5,dbAMP
dbaasp_19570,KLLKKVVKLFKKKKK,paero,ATCC 27853,50.0034535,1.699,development,5,DBAASP
dbaasp_16428,LKKLCARLKKLCAR,paero,ATCC 27853,31.9889511,1.505,development,3,DBAASP
dbaasp_13014,KKIGIWIGIKK,paero,ATCC 27853,3.999447498,0.602,development,3,DBAASP
dbaasp_17112,GLFKIIKKIWKSF,paero,ATCC 27853,1.963360277,0.293,development,1,DBAASP
dbAMP_27542,KTLLKKVLKAAA,paero,ATCC 27853,31.9889511,1.505,development,3,dbAMP
dbaasp_10305,VLIKTRLFIKRK,paero,ATCC 27853,7.99834255,0.903,development,1,DBAASP
dbaasp_19960,GKWMKLLKKILK,paero,ATCC 27853,2.79898132,0.447,development,1,DBAASP
dbaasp_4574,IWRIFRRIF,paero,ATCC 27853,3.999447498,0.602,development,4,DBAASP
dbaasp_1352,IIGPVLGLVGSALGGLLKKI,paero,ATCC 27853,50.0034535,1.699,development,1,DBAASP
dbaasp_9634,LKWLKWG,paero,ATCC 27853,127.9381304,2.107,development,5,DBAASP
dbaasp_8139,GIGKFLKKAKKF,paero,ATCC 27853,2.971666032,0.473,development,2,DBAASP
dbaasp_8915,GKLSSLWKKLKKIIAK,paero,ATCC 27853,6.807693587,0.833,development,4,DBAASP
dbAMP_18845,KLLLLLKLLLLK,paero,ATCC 27853,125.025903,2.097,development,3,dbAMP
dbaasp_19356,FWGAAAKMLGKALPGLISMFQKN,paero,ATCC 27853,39.99447498,1.602,development,4,DBAASP
dbaasp_11787,GLRKRLRKFRNKIKEKKKKIGQKIQGLLPKLAPRTDY,paero,ATCC 27853,1.807174126,0.257,development,4,DBAASP
dbaasp_9450,RRWWRF,paero,ATCC 27853,130.0169578,2.114,development,4,DBAASP
dbaasp_12847,LFKKNKLWFKSKKWL,paero,ATCC 27853,50.0034535,1.699,development,3,DBAASP
dbaasp_13175,ATCYCRTGRCATRESLSGVCEISGRLYR,paero,ATCC 27853,100.461579,2.002,development,5,DBAASP
dbaasp_14136,GLLKKIAKKAKKALKKLGY,paero,ATCC 27853,1,0,development,5,DBAASP
dbaasp_9966,FRIRVRVKWKLFKKI,paero,ATCC 27853,1.99986187,0.301,development,4,DBAASP
dbaasp_11232,KIALKALKALKALGKALKAL,paero,ATCC 27853,7.99834255,0.903,development,3,DBAASP
dbaasp_7405,KHVGKAALTHYL,paero,ATCC 27853,9.099132726,0.959,development,2,DBAASP
dbaasp_764,LLGDFFRKSKEKIGKEFKRIVQRIKDFLRNLVPRTES,paero,ATCC 27853,1.25025903,0.097,development,2,DBAASP
dbaasp_11231,KIAGKAGKIAKIAGKAGKIA,paero,ATCC 27853,63.97348355,1.806,development,3,DBAASP
dbaasp_9158,GIGKFLKKAKKGIGAVLKVLTTGL,paero,ATCC 27853,1.99986187,0.301,development,5,DBAASP
dbaasp_3785,IKLSPETKDNLKKVLKGAIKGAIAVAKMV,paero,ATCC 27853,39.99447498,1.602,development,2,DBAASP
dbaasp_10292,LLGMIPVAIKAISALSKL,paero,ATCC 27853,281.190083,2.449,development,2,DBAASP
dbaasp_18756,GSKKPVPIIYCNARTGKCQRM,paero,ATCC 27853,1.99986187,0.301,development,1,DBAASP
dbAMP_20717,WKKIWKPGIKKWIKGGGQKRPRVRLSA,paero,ATCC 27853,63.97348355,1.806,development,1,dbAMP
dbaasp_1173,QKKARVRLSA,paero,ATCC 27853,56.23413252,1.75,development,3,DBAASP
dbaasp_10072,SRSEKAGLQFPVGRIGRMLKK,paero,ATCC 27853,5.00034535,0.699,development,2,DBAASP
dbaasp_15847,RRWTWWWTWRR,paero,ATCC 27853,3.999447498,0.602,development,3,DBAASP
dbaasp_2027,KWCVYAYVKVKGVLVKYKKCW,paero,ATCC 27853,1,0,development,2,DBAASP
dbaasp_256,LKLLKKLLKKLLKLL,paero,ATCC 27853,25.00345362,1.398,development,3,DBAASP
dbaasp_4227,FLPVIAGLAAKVLPKLFCAITKKC,paero,ATCC 27853,10,1,development,2,DBAASP
dbaasp_7258,GVVDILKGAAKDIAGHLASKVMNKA,paero,ATCC 27853,100,2,development,2,DBAASP
dbaasp_9573,KKWRKLLKWLAKK,paero,ATCC 27853,0.584790084,-0.233,development,1,DBAASP
dbAMP_19513,LRLKKRRWKYRVPG,paero,ATCC 27853,13.61444682,1.134,development,2,dbAMP
dbaasp_7259,GVVDILKGAAKDIAGHLASKVMNAL,paero,ATCC 27853,100,2,development,4,DBAASP
dbaasp_16590,DILIIVGGRRRR,paero,ATCC 27853,63.97348355,1.806,development,3,DBAASP
dbaasp_1005,GFGALFKFLAKKVAKTVAKQAAKQGAKYVVNKQME,paero,ATCC 27853,0.30974193,-0.509,development,5,DBAASP
dbaasp_7127,RLLRPLLQLLKQKLR,paero,ATCC 27853,1.069054879,0.029,development,4,DBAASP
dbaasp_18127,KWKSFLKTKKSLKKTVLHTALKAISS,paero,ATCC 27853,2.710191632,0.433,development,2,DBAASP
dbaasp_367,GRRYKKFRWKFKGRWFWFG,paero,ATCC 27853,6.109420249,0.786,development,4,DBAASP
dbaasp_14972,IRIRPIRIRP,paero,ATCC 27853,127.9381304,2.107,development,2,DBAASP
dbaasp_5604,INLKAITALAKKLL,paero,ATCC 27853,53.57966575,1.729,development,5,DBAASP
dbaasp_10393,RPRRRATTRRRITTGTRRRR,paero,ATCC 27853,25.00345362,1.398,development,2,DBAASP
dbaasp_14836,GIKEMLCNMACAQTVCKKSGGPLCDTCQAACKALG,paero,ATCC 27853,25.00345362,1.398,development,5,DBAASP
dbAMP_25118,RRPRPRPRPWWW,paero,ATCC 27853,5.023425895,0.701,development,3,dbAMP
dbaasp_18625,GMFTNMLKGIGKLAGKAALGAVKTLA,paero,ATCC 27853,3.999447498,0.602,development,3,DBAASP
dbAMP_19455,LRLKKRRFKYRVPP,paero,ATCC 27853,6.792036326,0.832,development,1,dbAMP
dbaasp_8079,WRWRCRRRFCRWRW,paero,ATCC 27853,7.99834255,0.903,development,3,DBAASP
dbaasp_15634,SLWGKLKEMLAKAGKAVANAVNGLANQ,paero,ATCC 27853,31.9889511,1.505,development,5,DBAASP
dbaasp_17820,GKKPWWWKAK,paero,ATCC 27853,192.7524913,2.285,development,1,DBAASP
dbaasp_19853,FLPIVAKLLSGEL,paero,ATCC 27853,127.9381304,2.107,development,2,DBAASP
dbaasp_7150,LLPIVGNLLKSLLGAKRKRAG,paero,ATCC 27853,100,2,development,2,DBAASP
dbaasp_5146,DAEFRHDSGYEVHHQKLVFFAEDVGSNKGAIIGLMVGGVV,paero,ATCC 27853,11.58777356,1.064,development,5,DBAASP
dbaasp_5805,GAFGNFLKGVAKKAGLKILSIAQCKLSGTC,paero,ATCC 27853,8.317637711,0.92,development,5,DBAASP
dbaasp_12530,AAKKGCWTVSIPPKPCF,paero,ATCC 27853,31.9889511,1.505,development,4,DBAASP
dbaasp_18044,LLPIVGNLLKALLGWKRKRFG,paero,ATCC 27853,7.99834255,0.903,development,1,DBAASP
dbaasp_11840,LKKAKKFGKAFVKILKK,paero,ATCC 27853,1.020939484,0.009,development,2,DBAASP
dbaasp_10398,ENFFKRIRRAGKRIRDAIISAAPAVETLAQAQKIIKGGD,paero,ATCC 27853,5.00034535,0.699,development,2,DBAASP
dbaasp_4585,KRLRRVWRRWR,paero,ATCC 27853,19.9986187,1.301,development,3,DBAASP
dbaasp_5585,RLYRRLYR,paero,ATCC 27853,4.10204103,0.613,development,3,DBAASP
dbaasp_18122,KWKSKLKTFKSAKKTVLHTAKKAISS,paero,ATCC 27853,21.87761624,1.34,development,2,DBAASP
dbaasp_10527,NLLKSALKTVNKLLAAS,paero,ATCC 27853,63.97348355,1.806,development,3,DBAASP
dbaasp_16441,IAAERRYATIYQARLWAF,paero,ATCC 27853,57.2796031,1.758,development,2,DBAASP
dbaasp_12927,AAKLLLKLLLKAA,paero,ATCC 27853,127.9381304,2.107,development,3,DBAASP
dbaasp_8202,PCRGRSCGPRLRGGYTLIGRPVKNQNRPKYMWV,paero,ATCC 27853,52.60172664,1.721,development,4,DBAASP
dbaasp_19193,SWLSKTYKKLENSAKKRIAEGIAIALRGGPR,paero,ATCC 27853,7.99834255,0.903,development,1,DBAASP
dbaasp_13006,GKKLGLWLGLKKG,paero,ATCC 27853,15.99558029,1.204,development,4,DBAASP
dbaasp_941,FLWWLFKWAWK,paero,ATCC 27853,125.6029964,2.099,development,1,DBAASP
dbaasp_16895,KIAKRIWKILRRRLFRRV,paero,ATCC 27853,3.265878322,0.514,development,3,DBAASP
dbaasp_17249,FLKMLKKLL,paero,ATCC 27853,7.177942913,0.856,development,1,DBAASP
dbaasp_17361,AAHHIIGGLFSAGKAIHRLIRRRRR,paero,ATCC 27853,89.94975815,1.954,development,3,DBAASP
dbaasp_12844,FKKLKKLFSKLKNWW,paero,ATCC 27853,3.19889511,0.505,development,4,DBAASP
dbaasp_18153,LPLIAGLFGKIF,paero,ATCC 27853,127.9381304,2.107,development,2,DBAASP
dbaasp_15052,KRIVQRIADFLR,paero,ATCC 27853,39.99447498,1.602,development,2,DBAASP
dbaasp_11255,GSLHGFMYKYLKNMVLTLF,paero,ATCC 27853,31.9889511,1.505,development,1,DBAASP
dbaasp_9466,FLSLIPHIVSGVASLAKHF,paero,ATCC 27853,199.986187,2.301,development,3,DBAASP
dbaasp_17242,FLKCLKKLL,paero,ATCC 27853,14.72312502,1.168,development,5,DBAASP
dbaasp_11114,PRPWPRP,paero,ATCC 27853,72.11074792,1.858,development,1,DBAASP
dbaasp_5936,IWLTALKFLGKNLGKHLAKQQLAKL,paero,ATCC 27853,2.818382931,0.45,development,5,DBAASP
dbAMP_24577,YCVYSVKPTFQRWQLYFIGSMWCP,paero,ATCC 27853,8.375292821,0.923,development,5,dbAMP
dbaasp_10171,KFWKLLKKALRLWAKVL,paero,ATCC 27853,7.533555637,0.877,development,5,DBAASP
dbaasp_18228,PWRLSLHL,paero,ATCC 27853,31.9889511,1.505,development,5,DBAASP
dbAMP_27411,WKWLKKWIK,paero,ATCC 27853,0.779830111,-0.108,development,3,dbAMP
dbaasp_18130,KWKSKLKTFKSLKKTVLHTLKKAISS,paero,ATCC 27853,1.327394458,0.123,development,2,DBAASP
dbaasp_7669,KKCRNKKMEVSR,paero,ATCC 27853,40.27170343,1.605,development,3,DBAASP
dbaasp_2407,ILGKLLSTAAGLLSNL,paero,ATCC 27853,255.8585887,2.408,development,1,DBAASP
dbaasp_17678,RWWRRWRRWW,paero,ATCC 27853,7.99834255,0.903,development,5,DBAASP
dbaasp_13017,KKLGLCLGLKK,paero,ATCC 27853,63.97348355,1.806,development,5,DBAASP
dbaasp_15848,RRWGWWWGWRR,paero,ATCC 27853,7.99834255,0.903,development,3,DBAASP
dbaasp_19611,IRIRIRRRRFRIRIRI,paero,ATCC 27853,3.999447498,0.602,development,1,DBAASP
dbaasp_3463,LKWLKKLLKKL,paero,ATCC 27853,5.741164622,0.759,development,4,DBAASP
dbaasp_13506,RRWCVYAYVRVRGVRVYAYVCW,paero,ATCC 27853,15.99558029,1.204,development,4,DBAASP
dbaasp_104,GLRKRLRKFRNKIKEKLKKI,paero,ATCC 27853,0.500034535,-0.301,development,5,DBAASP
dbaasp_1170,AKKIRVRLSA,paero,ATCC 27853,14.25607594,1.154,development,2,DBAASP
dbaasp_3850,SIRDKGKTIAIDLAKSAGTGVLKTLMCKLDKSC,paero,ATCC 27853,0.72443596,-0.14,development,3,DBAASP
dbaasp_11757,KWCFVCYRGICYRRCG,paero,ATCC 27853,8.016780634,0.904,development,3,DBAASP
dbaasp_12612,KKWRKWLKWLAKK,paero,ATCC 27853,0.874983775,-0.058,development,3,DBAASP
dbaasp_5510,GVAKFGKAAAHFGKGWIKEMLNS,paero,ATCC 27853,76.03262769,1.881,development,1,DBAASP
dbaasp_9532,ILSLRWWRKWWKK,paero,ATCC 27853,31.9889511,1.505,development,5,DBAASP
dbAMP_25151,DIFGAIWPLALGALKNLIK,paero,ATCC 27853,7.99834255,0.903,development,1,dbAMP
dbaasp_2719,YKLLKWLLLKLKALLEKL,paero,ATCC 27853,20.37042078,1.309,development,5,DBAASP
dbaasp_12438,QSVACTSYYCSKFCGSAGCSLYGCYLLHPGKICYCLHCSR,paero,ATCC 27853,63.97348355,1.806,development,2,DBAASP
dbaasp_806,GIGAVLKVLTTGLPALISWIKRKRQQ,paero,ATCC 27853,1.25025903,0.097,development,4,DBAASP
dbaasp_12313,AGDKKIKIGINGFGRIGRL,paero,ATCC 27853,256.4484037,2.409,development,2,DBAASP
dbaasp_14190,GRWRWWWRWRW,paero,ATCC 27853,7.99834255,0.903,development,2,DBAASP
dbaasp_18226,PWKLSLKL,paero,ATCC 27853,31.9889511,1.505,development,5,DBAASP
dbaasp_11935,GVWGIAKIAGKVLGNILPHVFSSNQS,paero,ATCC 27853,100,2,development,4,DBAASP
dbaasp_14781,KRLFRKILKYL,paero,ATCC 27853,11.64126029,1.066,development,5,DBAASP
dbaasp_11540,GFGCPLNERECHSHCQSIGRKFGYCGGTLRLTCICGKE,paero,ATCC 27853,0.250034536,-0.602,development,5,DBAASP
dbaasp_945,FAKWAFKWAKK,paero,ATCC 27853,143.5489433,2.157,development,4,DBAASP
dbaasp_17821,GKKWWWWKAK,paero,ATCC 27853,90.15711376,1.955,development,4,DBAASP
dbAMP_20708,WKKIWKKIWKPGIKKWIKKWIK,paero,ATCC 27853,1.99986187,0.301,development,4,dbAMP
dbaasp_18191,FPFLLSLIPSAISALKKL,paero,ATCC 27853,41.20975191,1.615,development,4,DBAASP
dbAMP_19496,LRLKKRQWKYRVPP,paero,ATCC 27853,6.760829754,0.83,development,2,dbAMP
dbaasp_14783,KRLFRKILRYL,paero,ATCC 27853,47.42419853,1.676,development,4,DBAASP
dbaasp_11749,KWAFRVAYRGIAYRRAR,paero,ATCC 27853,7.533555637,0.877,development,3,DBAASP
dbaasp_852,GSKKPVPIIYCNRRTGKCQRM,paero,ATCC 27853,1,0,development,1,DBAASP
dbaasp_17684,WRLWRL,paero,ATCC 27853,127.9381304,2.107,development,1,DBAASP
dbaasp_13028,AARIILRWRFR,paero,ATCC 27853,3.999447498,0.602,development,4,DBAASP
dbaasp_11734,KWCFAVCYRGICYRRCR,paero,ATCC 27853,0.115345326,-0.938,development,3,DBAASP
dbAMP_25440,PHVALKPGKLKFIIPSPKRPVKLLSG,paero,ATCC 27853,2.786121169,0.445,development,3,dbAMP
dbaasp_11280,IARRALKKAKRAAHTIPQCKKFGRR,paero,ATCC 27853,1.99986187,0.301,development,3,DBAASP
dbaasp_11804,ALWKDLLKNVGKAAGKAVLNKVTDMVNQ,paero,ATCC 27853,7.99834255,0.903,development,1,DBAASP
dbaasp_10723,KLLKLLKKLLKLLK,paero,ATCC 27853,19.0107828,1.279,development,3,DBAASP
dbAMP_24958,GKKLLKKLKKLLKKW,paero,ATCC 27853,50.0034535,1.699,development,2,dbAMP
dbAMP_19013,KWIVWRWRFKR,paero,ATCC 27853,4.864072057,0.687,development,5,dbAMP
dbaasp_12761,GCKKYRRFRWKFKGKFWFWG,paero,ATCC 27853,95.06047937,1.978,development,3,DBAASP
dbaasp_14723,GWWRRTVAKVRK,paero,ATCC 27853,1.599558029,0.204,development,4,DBAASP
dbaasp_19127,GFFKKAKRKVKKAG,paero,ATCC 27853,81.28305162,1.91,development,4,DBAASP
dbaasp_15999,MRIGLRFVLM,paero,ATCC 27853,13.15224832,1.119,development,5,DBAASP
dbaasp_14726,GAWRRTVAKVRK,paero,ATCC 27853,199.986187,2.301,development,5,DBAASP
dbaasp_17871,WRRWWWRRW,paero,ATCC 27853,3.999447498,0.602,development,3,DBAASP
dbaasp_5583,RWCVYAYVRVAGVLVRYRRCW,paero,ATCC 27853,8.994975815,0.954,development,1,DBAASP
dbaasp_6750,YRWARWWRR,paero,ATCC 27853,3.52370871,0.547,development,2,DBAASP
dbaasp_3260,LLKLLKWLLKLLK,paero,ATCC 27853,124.7383514,2.096,development,1,DBAASP
dbaasp_10402,RLLFRKIRRLKR,paero,ATCC 27853,4.886523593,0.689,development,2,DBAASP
dbAMP_20711,WKKIWKPGIKKWIKK,paero,ATCC 27853,127.9381304,2.107,development,5,dbAMP
dbaasp_13980,KWKKLLKKPLLK,paero,ATCC 27853,25.00345362,1.398,development,1,DBAASP
dbaasp_19636,KFAKFAKKFAKFAKGGRPKPQQFFGLM,paero,ATCC 27853,2.594179362,0.414,development,5,DBAASP
dbAMP_25150,QQRFEWEFEQQ,paero,ATCC 27853,15.99558029,1.204,development,4,dbAMP
dbaasp_20041,IWRRRWI,paero,ATCC 27853,127.9381304,2.107,development,3,DBAASP
dbaasp_17394,LNWGAVLKHVVK,paero,ATCC 27853,31.9889511,1.505,development,2,DBAASP
dbaasp_8720,RLYRRRFVVGR,paero,ATCC 27853,25.00345362,1.398,development,3,DBAASP
dbaasp_17465,SHHRRRRSHCH,paero,ATCC 27853,22.08004733,1.344,development,3,DBAASP
dbaasp_13172,AAKIILNPKFR,paero,ATCC 27853,127.9381304,2.107,development,4,DBAASP
dbaasp_16592,LIGIIDGVKERKKRRR,paero,ATCC 27853,63.97348355,1.806,development,4,DBAASP
dbaasp_3465,KLLKWLKKLLK,paero,ATCC 27853,5.741164622,0.759,development,1,DBAASP
dbaasp_10881,VLHTGYRKFLHRSKRFFHLR,paero,ATCC 27853,49.54501908,1.695,development,2,DBAASP
dbaasp_16580,DILIIVGGKERKKRRR,paero,ATCC 27853,63.97348355,1.806,development,3,DBAASP
dbaasp_18730,GILGKLWEGVKSIV,paero,ATCC 27853,25.00345362,1.398,development,5,DBAASP
dbAMP_25403,GVVVRVGRVVVRWVRR,paero,ATCC 27853,127.9381304,2.107,development,4,dbAMP
dbaasp_9335,GRRPRPRPRPFFFFF,paero,ATCC 27853,19.9986187,1.301,development,2,DBAASP
dbaasp_10714,LRWTPTPSYPRYPTRSRGSRWSR,paero,ATCC 27853,31.9889511,1.505,development,3,DBAASP
dbaasp_14971,IRPIRP,paero,ATCC 27853,127.9381304,2.107,development,3,DBAASP
dbaasp_2368,INLKAIAALAKKLL,paero,ATCC 27853,3.419794425,0.534,development,1,DBAASP
dbaasp_265,KWKSFLKTFKSAKKTVLHTALKAISS,paero,ATCC 27853,2.728977783,0.436,development,1,DBAASP
dbaasp_10683,SLLSLIRKLLT,paero,ATCC 27853,1.599558029,0.204,development,2,DBAASP
dbaasp_1439,GGLRSLGRKILRAWKKYGPQATPATRQ,paero,ATCC 27853,0.500034535,-0.301,development,5,DBAASP
dbaasp_11400,YRMWRWRWRWR,paero,ATCC 27853,10.99005839,1.041,development,3,DBAASP
dbaasp_17852,KLFKKLFK,paero,ATCC 27853,1.599558029,0.204,development,2,DBAASP
dbaasp_12704,IKPIIKPIIKPIIKPIIKPIIKPIIKPIIKPI,paero,ATCC 27853,63.97348355,1.806,development,3,DBAASP
dbaasp_13626,SFLTTVKKLVTNLAAL,paero,ATCC 27853,63.97348355,1.806,development,5,DBAASP
dbaasp_10049,KWKLFKKIEKVGQNIRDGIIKAGPAVAVVGQATQIAK,paero,ATCC 27853,8.035261222,0.905,development,5,DBAASP
dbaasp_12719,LRPLLRPLLRPLLRPLLRPLLRPL,paero,ATCC 27853,7.99834255,0.903,development,3,DBAASP
dbaasp_11701,KWAFRVCYRGICYRRSR,paero,ATCC 27853,7.261059574,0.861,development,2,DBAASP
dbaasp_8143,FLKKAKKFGKAF,paero,ATCC 27853,45.91980128,1.662,development,4,DBAASP
dbaasp_4740,KKAAHVGKHVGKAALTHYL,paero,ATCC 27853,39.99447498,1.602,development,2,DBAASP
dbAMP_24949,KYYGNGVHCTKSGCSVNWGEAFSAGVHRLA,paero,ATCC 27853,31.9889511,1.505,development,2,dbAMP
dbaasp_16813,KLLKLLKKLLKALG,paero,ATCC 27853,19.9986187,1.301,development,1,DBAASP
dbaasp_11571,KKCKGYRCRPVGFSSPISRRINDSENIYLPFGV,paero,ATCC 27853,53.08844442,1.725,development,3,DBAASP
dbaasp_5019,HFLGTLKNLAKKIL,paero,ATCC 27853,31.9889511,1.505,development,3,DBAASP
dbaasp_15969,GLFGAIAGFIKNGWKGMIKG,paero,ATCC 27853,7.603262769,0.881,development,5,DBAASP
dbaasp_7021,SRWPSPGRPRPFPG,paero,ATCC 27853,100,2,development,5,DBAASP
dbaasp_14695,SRSCLIVCQRLF,paero,ATCC 27853,71.12135137,1.852,development,1,DBAASP
dbaasp_16468,FLPKWALKWAAK,paero,ATCC 27853,63.97348355,1.806,development,4,DBAASP
dbaasp_18077,VFRLKKWIQKVI,paero,ATCC 27853,32.43396173,1.511,development,4,DBAASP
dbaasp_14419,KILRGVCKKIMRPFLRRISKDILTGKK,paero,ATCC 27853,15.99558029,1.204,development,1,DBAASP
dbaasp_361,GCKKFRRLKWKYKGKFWFWCG,paero,ATCC 27853,93.54056741,1.971,development,5,DBAASP
dbaasp_7734,GIGDILKNLAKAAGKAALHAVGESL,paero,ATCC 27853,76.91304403,1.886,development,2,DBAASP
dbaasp_14720,GWWRRTVAKVRNAGRK,paero,ATCC 27853,3.097419299,0.491,development,3,DBAASP
dbaasp_11861,KWKVFKKIEKMIRNIRNKIVK,paero,ATCC 27853,1.499684836,0.176,development,5,DBAASP
dbaasp_15039,AKRIVQRIKDFLRGARLFDKIRQVIRKG,paero,ATCC 27853,1.25025903,0.097,development,4,DBAASP
dbaasp_17856,FRWWWRF,paero,ATCC 27853,31.9889511,1.505,development,1,DBAASP
dbaasp_12702,IKPIIKPIIKPIIKPIIKPIIKPI,paero,ATCC 27853,63.97348355,1.806,development,4,DBAASP
dbaasp_13659,HIAGLAANFLPQILCKIARKC,paero,ATCC 27853,44.15704474,1.645,development,4,DBAASP
dbaasp_18828,RWLRLNGRWLRL,paero,ATCC 27853,48.97788194,1.69,development,1,DBAASP
dbaasp_8810,VARGWGNGCGLFGKGG,paero,ATCC 27853,100,2,development,4,DBAASP
dbaasp_12644,FIVPSIFLLKKAFCIALKKC,paero,ATCC 27853,511.6818355,2.709,development,1,DBAASP
dbaasp_16004,GSVIRALMRMFARLVG,paero,ATCC 27853,4.549880602,0.658,development,4,DBAASP
dbaasp_11700,KACFRVCYRGICYRRCR,paero,ATCC 27853,0.233883724,-0.631,development,5,DBAASP
dbaasp_8199,FFSLIPSLVGGLISAFK,paero,ATCC 27853,149.9684836,2.176,development,5,DBAASP
dbaasp_15063,KRIVQRIKKFLR,paero,ATCC 27853,1.25025903,0.097,development,3,DBAASP
dbaasp_12578,RFRPPIRRPPIRPPF,paero,ATCC 27853,63.97348355,1.806,development,4,DBAASP
dbaasp_16809,KLLKLVKKVVGALG,paero,ATCC 27853,21.97859873,1.342,development,3,DBAASP
dbaasp_20061,AWWRRRWWA,paero,ATCC 27853,31.9889511,1.505,development,4,DBAASP
dbaasp_7430,GLLKKIKWLL,paero,ATCC 27853,28.37919028,1.453,development,4,DBAASP
dbaasp_14234,GLWSKIKKAAKTAGKAALGFVNKMV,paero,ATCC 27853,3.999447498,0.602,development,5,DBAASP
dbaasp_5236,GLPVCGETCFGGTCNTPGCSCTWPICTRD,paero,ATCC 27853,159.9558029,2.204,development,4,DBAASP
dbaasp_19604,FRFRRRRFRFRF,paero,ATCC 27853,7.99834255,0.903,development,5,DBAASP
dbaasp_14038,GGHGLFDVIKKVASVIGGL,paero,ATCC 27853,33.96252726,1.531,development,4,DBAASP
dbaasp_17372,FIHHIIGGLFSAGKAIHRLIR,paero,ATCC 27853,218.7761624,2.34,development,3,DBAASP
dbaasp_19642,KFAKFAKKFAKFAKGGFFGLM,paero,ATCC 27853,1.702158508,0.231,development,5,DBAASP
dbaasp_17858,VRWWWRV,paero,ATCC 27853,63.97348355,1.806,development,4,DBAASP
dbaasp_12663,RRIWRR,paero,ATCC 27853,13.52072563,1.131,development,5,DBAASP
dbaasp_6895,DDALKKLLKKLLKKL,paero,ATCC 27853,12.5025903,1.097,development,5,DBAASP
dbaasp_16157,KKFLPKIFCAITKKC,paero,ATCC 27853,255.8585887,2.408,development,5,DBAASP
dbaasp_17467,SHHRCRRSHRC,paero,ATCC 27853,22.5943577,1.354,development,3,DBAASP
dbaasp_15602,FLGALFKVASKLVPAAICSISKKC,paero,ATCC 27853,31.9889511,1.505,development,1,DBAASP
dbaasp_17690,WRFWRFWRFWRF,paero,ATCC 27853,15.99558029,1.204,development,5,DBAASP
dbAMP_19483,LRLKHRRWKYRVPP,paero,ATCC 27853,13.24341535,1.122,development,1,dbAMP
dbAMP_19489,LRLKKHRWKYRVPP,paero,ATCC 27853,6.729766563,0.828,development,3,dbAMP
dbaasp_17240,FLKNLKKLL,paero,ATCC 27853,7.277798045,0.862,development,4,DBAASP
dbaasp_9962,AKKFGKAFVGEIM,paero,ATCC 27853,63.97348355,1.806,development,2,DBAASP
dbAMP_25226,GWGKFFKKFFKVGK,paero,ATCC 27853,2.999162519,0.477,development,4,dbAMP
dbaasp_14039,VIHGLFDVIKKVASVIGGL,paero,ATCC 27853,33.0369541,1.519,development,1,DBAASP
dbaasp_8427,FLPAVLRVAAKVGPAVFCAITQKC,paero,ATCC 27853,2.01372425,0.304,development,2,DBAASP
dbaasp_12191,SPHRPRHSRLQREPQVQWLEQQVAKRRTKR,paero,ATCC 27853,100,2,development,1,DBAASP
dbAMP_27620,KKYRYHLKPFSKK,paero,ATCC 27853,20.98939884,1.322,development,3,dbAMP
dbaasp_13080,GLRKRLRKFRNKSKEKLKKIGQKIQGLLPKLAPRTDY,paero,ATCC 27853,1.823895702,0.261,development,4,DBAASP
dbaasp_11165,KRFKKFFRKIKKGFRKIFKKTKIFIGGTIPI,paero,ATCC 27853,2.477422058,0.394,development,1,DBAASP
DBAASPS_38,KAAAKWAAKAAK,paero,ATCC 27853,9.099624996,0.959023495,development,1,DBAASP
DBAASPS_73,KGGGKWGGKGGK,paero,ATCC 27853,8.485812002,0.928693406,development,3,DBAASP
DBAASPS_75,KVVVKWVVKVVK,paero,ATCC 27853,141.3879999,2.150412551,development,5,DBAASP
DBAASPS_77,KLLLKWLLKLLK,paero,ATCC 27853,11.34067501,1.054638905,development,1,DBAASP
DBAASPR_461,DCLSGRYKGPCAVWDNETCRRVCKEEGRSSGHCSPSLKCWCEGC,paero,ATCC 27853,245.0354897,2.38922899,development,2,DBAASP
DBAASPS_836,KLLK,paero,ATCC 27853,8.900750001,0.949426603,development,4,DBAASP
DBAASPS_838,KAAK,paero,ATCC 27853,8.199499996,0.91378737,development,5,DBAASP
DBAASPS_860,KGGK,paero,ATCC 27853,3.924374996,0.5937705,development,1,DBAASP
DBAASPS_862,KKKK,paero,ATCC 27853,2.31648,0.364828555,development,5,DBAASP
DBAASPS_863,KKEK,paero,ATCC 27853,38.60500002,1.586643557,development,1,DBAASP
DBAASPS_864,GIGK,paero,ATCC 27853,61.188,1.786666258,development,4,DBAASP
DBAASPR_919,GIINTLQKYYCRVRGGRCAVLSCLPKEEQIGKCSTRGRKCCRRKK,paero,ATCC 27853,25.83675,1.412237883,development,3,DBAASP
DBAASPR_964,FKLGSFLKKAWKSKLAKKLRAKGKEMLKDYAKGLLEGGSEEVPGQ,paero,ATCC 27853,31.53830298,1.498838321,development,4,DBAASP
DBAASPR_966,GKVWDWIKSTAKKLWNSEPVKELKNTALNAAKNLVAEKIGATPS,paero,ATCC 27853,60.55937606,1.782181392,development,1,DBAASP
DBAASPR_1121,GIGDPVTCLKSGAICHPVFCPRRYKQIGTCGLPGTKCCKKP,paero,ATCC 27853,14.30471258,1.155479136,development,1,DBAASP
DBAASPR_1250,KYYGNGVTCGKHSCSVDWGKATTCIINNGAMAWATGGHQGNHKC,paero,ATCC 27853,43.2134668,1.635619109,development,3,DBAASP
DBAASPS_1689,VKLKVYPLKVKLYP,paero,ATCC 27853,37.91080471,1.578763003,development,3,DBAASP
DBAASPS_2515,GFMKYIGPLIPHAVKAISKLI,paero,ATCC 27853,57.47349994,1.759467645,development,1,DBAASP
DBAASPS_2519,GFMKYIKPLIPHAVKAIKKLI,paero,ATCC 27853,60.32924996,1.780527926,development,5,DBAASP
DBAASPS_2855,WLKKW,paero,ATCC 27853,105.2701833,2.022305379,development,4,DBAASP
DBAASPS_2856,WLLKW,paero,ATCC 27853,107.3919806,2.030971852,development,1,DBAASP
DBAASPR_3935,FLWGLIPGAISAVTSLIKK,paero,ATCC 27853,31.76995568,1.502016609,development,5,DBAASP
DBAASPR_4321,YKQCHKKGGHCFPKEKICLPPSSDFGKMDCRWRWKCCKKGSG,paero,ATCC 27853,40.90141162,1.611738297,development,5,DBAASP
DBAASPR_4351,QGVRNSQSCRRNKGICVPIRCPGSMRQIGTCLGAQVKCCRRK,paero,ATCC 27853,26.88430662,1.42949884,development,1,DBAASP
DBAASPS_4593,GIIKKIIKKI,paero,ATCC 27853,74.02240001,1.869363162,development,2,DBAASP
DBAASPS_4594,GIIKKIIKKIIKKI,paero,ATCC 27853,13.1302395,1.118272648,development,3,DBAASP
DBAASPS_4595,GIIKKIIKKIIKKIIKKI,paero,ATCC 27853,8.503839504,0.929615055,development,3,DBAASP
DBAASPS_4784,KKLLKLLLKLLK,paero,ATCC 27853,4.743809997,0.676127286,development,2,DBAASP
DBAASPS_4789,KKLLKKLKKLLK,paero,ATCC 27853,24.19965001,1.383809085,development,1,DBAASP
DBAASPS_4792,KKKLKKLKKKLK,paero,ATCC 27853,82.26750002,1.9152283,development,1,DBAASP
DBAASPS_5145,DAEFRHDSGYEVHHQKLVFFAEDVGSNKGAIIGLMVGGVVIA,paero,ATCC 27853,11.07641711,1.044399302,development,5,DBAASP
DBAASPS_5148,DAEFRHDSGYEVRHQKLVFFAEDVGSNKGAIIGLMVGGVVIA,paero,ATCC 27853,11.02987856,1.042570731,development,3,DBAASP
DBAASPS_5149,AIVVGGVMLGIIAGKNSGVDEAFFVLKQHHVEYGSDHRFEAD,paero,ATCC 27853,11.07641711,1.044399302,development,4,DBAASP
DBAASPR_5175,CLAGRLDKQCTCRRSQPSRRSGHEVGRPSPHCGPSRQCGCHMD,paero,ATCC 27853,237.6255002,2.375893044,development,2,DBAASP
DBAASPR_5178,DTLACRQSHGSCSFVACRAPSVDIGTCRGGKLKCCKWAPSS,paero,ATCC 27853,29.8510896,1.474960188,development,1,DBAASP
DBAASPS_5180,GSTLACRQSHGSCSFVACRAPSVDIGTCRGGKLKCCKWAPSS,paero,ATCC 27853,29.65027379,1.472028708,development,5,DBAASP
DBAASPR_5528,KDGYIIEHRGCKYSCFFGTNSWCNTECTLKKGSSGYCAWPACWCYGLPDNVKIFDSNNLKC,paero,ATCC 27853,533.8517995,2.727420711,development,3,DBAASP
DBAASPR_5529,KDGYLVGNDGCKYSCFTRPGTYCANECSRVKGKDGYCYAWMACYCYSMPNWVKTWNRATNRCGR,paero,ATCC 27853,398.44763,2.600371248,development,5,DBAASP
DBAASPS_5584,RLYR,paero,ATCC 27853,302.8749999,2.481263427,development,4,DBAASP
DBAASPS_5615,KKKKKKKKKKKKKKKKKKKKGIGKFLHSAKKFGKAFVGEIMNS,paero,ATCC 27853,0.312101867,-0.505703634,development,3,DBAASP
DBAASPR_5620,SPIHACRYQRGVCIPGPCRWPYYRVGSCGSGLKSCCVRNRWA,paero,ATCC 27853,18.98272001,1.278358442,development,4,DBAASP
DBAASPR_5668,RRSKARGGSRGSKMGRKDSKGGSRGRPGSGSRPGGGSSIAGASRGDRGGTRNA,paero,ATCC 27853,24.41027797,1.387572725,development,3,DBAASP
DBAASPR_5817,DFGCARGMIFVCMRRCARMYPGSTGYCQGFRCMCDTHIPIRRPPFIMG,paero,ATCC 27853,6.805035263,0.83283038,development,3,DBAASP
DBAASPR_5835,RRSRRGRGGGRRGGSGGRGGRGGGGRSGAGSSIAGVGSRGGGGGRHYA,paero,ATCC 27853,1.403619506,0.147249395,development,4,DBAASP
DBAASPR_5876,PKRKAEGDAKGDKAKVKDEPQRRSARLSAKPAPPKPEPKPKKAPAKKGEKVPKGKKGKADAGKEGNNPAENGDAKTDQAQKAEGAGDAK,paero,ATCC 27853,2.69935338,0.431259743,development,3,DBAASP
DBAASPS_6082,GIINTLQKYYARVRGGRYAVLSVLPKEEQIGKVSTRGRKKVRRKK,paero,ATCC 27853,2.402833969,0.380723763,development,5,DBAASP
DBAASPR_6384,INLKAIAALAKKLF,paero,ATCC 27853,48.51135999,1.68584345,development,2,DBAASP
DBAASPR_6587,FSRYARMRDSRPWSDRKNNYSGPQFTYPPEKAPPEKLIKWNNEGSPIFEMPAEGGHIEP,paero,ATCC 27853,0.361862381,-0.441456563,development,1,DBAASP
DBAASPR_6595,ATYDGKCYKKDNICKYKAQSGKTAICKCYVKVCPRDGAKCEFDSYKGKCYC,paero,ATCC 27853,8.653879707,0.937210854,development,5,DBAASP
DBAASPS_6669,RGGLCYCRGRFCVCVGR,paero,ATCC 27853,7.617480006,0.881811323,development,4,DBAASP
DBAASPS_6758,WRWRW,paero,ATCC 27853,56.24107937,1.750053647,development,3,DBAASP
DBAASPS_6759,RWRWR,paero,ATCC 27853,58.20693443,1.764974727,development,4,DBAASP
DBAASPS_6939,LKKLLKKLLKKL,paero,ATCC 27853,20.31650002,1.307848893,development,5,DBAASP
DBAASPS_7597,AWLKKRRWKKAKPP,paero,ATCC 27853,0.005576506,-2.253637832,development,2,DBAASP
DBAASPS_7598,TALKKRRWKKAKPP,paero,ATCC 27853,9.366971417,0.971599195,development,4,DBAASP
DBAASPS_7599,TWAKKRRWKKAKPP,paero,ATCC 27853,0.056142454,-1.25070861,development,5,DBAASP
DBAASPS_7600,TWLAKRRWKKAKPP,paero,ATCC 27853,0.028309868,-1.54806215,development,4,DBAASP
DBAASPS_7601,TWLKARRWKKAKPP,paero,ATCC 27853,0.056619737,-1.247032154,development,1,DBAASP
DBAASPS_7602,TWLKKARWKKAKPP,paero,ATCC 27853,0.017259679,-1.762967292,development,1,DBAASP
DBAASPS_7603,TWLKKRAWKKAKPP,paero,ATCC 27853,0.034519357,-1.461937297,development,3,DBAASP
DBAASPS_7604,TWLKKRRAKKAKPP,paero,ATCC 27853,9.366971417,0.971599195,development,5,DBAASP
DBAASPS_7605,TWLKKRRWAKAKPP,paero,ATCC 27853,0.033971842,-1.468880904,development,3,DBAASP
DBAASPS_7606,TWLKKRRWKAAKPP,paero,ATCC 27853,0.033971842,-1.468880904,development,1,DBAASP
DBAASPS_7607,TWLKKRRWKKAAPP,paero,ATCC 27853,0.016985921,-1.7699109,development,1,DBAASP
DBAASPS_7608,TFLKKRRWKKAKPP,paero,ATCC 27853,0.033628003,-1.473298925,development,4,DBAASP
DBAASPS_7609,TYLKKRRWKKAKPP,paero,ATCC 27853,0.033329136,-1.477175943,development,4,DBAASP
DBAASPS_7610,TLLKKRRWKKAKPP,paero,ATCC 27853,0.571359982,-0.243090181,development,5,DBAASP
DBAASPS_7611,TWLKKRRFKKAKPP,paero,ATCC 27853,0.056046671,-1.251450175,development,5,DBAASP
DBAASPS_7612,TWLKKRRYKKAKPP,paero,ATCC 27853,0.16664568,-0.778205939,development,2,DBAASP
DBAASPS_7613,TWLKKRRLKKAKPP,paero,ATCC 27853,0.057135998,-1.243090181,development,3,DBAASP
DBAASPR_8171,GRRRRSVQWCAVSQPEATKCFQWQRNMRKVRGPPVSCIKRDSPIQCIQA,paero,ATCC 27853,5.57130806,0.745957173,development,1,DBAASP
DBAASPS_8172,YPYYGTNLYQRRPAIAINNPYVPRTYYANPAVVRPHAQIPQRQYLPNSHPPTVVRRP,paero,ATCC 27853,2.385694344,0.377614801,development,5,DBAASP
DBAASPR_8198,GASPALWGCDSFLGYCRIACFAHEASVGQKDCAEGMICCLPNVF,paero,ATCC 27853,90.13032996,1.954870961,development,3,DBAASP
DBAASPR_8208,RMRRSKSGKGSGGSKGSGSKGSKGSKGSGSKGSGSKGGSRPGGGSSIAGGGSKGKGGTQTA,paero,ATCC 27853,2.296140231,0.360998408,development,3,DBAASP
DBAASPR_8426,GIFSKFAGRGLKNLFMKGAKKIGKEVGMDVLRTGIDIAGCKIRGEC,paero,ATCC 27853,1.017308842,0.007452819,development,3,DBAASP
DBAASPR_8430,GIFSKFAGKGLKNLFMKGAKTIGKEVGMDVLRTGIDIAGCKIKGEC,paero,ATCC 27853,0.517402044,-0.28617186,development,1,DBAASP
DBAASPR_8435,GIFSKFVGKGLKNLFMKGAKTIGREVGMDVLRTGIDIAGCKIKGEC,paero,ATCC 27853,1.022934252,0.009847721,development,2,DBAASP
DBAASPR_8645,GLRKKFRKTRKRIQKLGRKIGKTGRKVWKAWREYGQIPYPCRI,paero,ATCC 27853,1.513310384,0.179928012,development,2,DBAASP
DBAASPS_8910,KILSSLLKKLKKIIAK,paero,ATCC 27853,9.147350009,0.961295297,development,4,DBAASP
DBAASPR_9157,VWLSALKFIGKHLAKHQLSKL,paero,ATCC 27853,4.842040002,0.685028373,development,4,DBAASP
DBAASPS_9924,KKYRYHLKPFCKK,paero,ATCC 27853,294.3953541,2.468930952,development,3,DBAASP
DBAASPR_10071,MDSFQKIEKIGEGTYGVVYKAKDKVSGRLVALKKIRLENESEGVPSTA,paero,ATCC 27853,26.38594999,1.421372735,development,1,DBAASP
DBAASPS_10338,KKVVFKVKFKK,paero,ATCC 27853,11.40711999,1.05717601,development,3,DBAASP
DBAASPR_10587,SMATPHVAGAAALILSKHPTWTNAQVRDRLESTATYLGNSFYYGK,paero,ATCC 27853,26.14104285,1.417322909,development,1,DBAASP
DBAASPS_10620,FVPWFSKFLKRIL,paero,ATCC 27853,21.026875,1.322774733,development,5,DBAASP
DBAASPS_10622,FVPWFSKFLWRIL,paero,ATCC 27853,86.9595,1.939317034,development,4,DBAASP
DBAASPS_10864,ILPFKFPFFPFRR,paero,ATCC 27853,58.40724788,1.766466743,development,3,DBAASP
DBAASPR_11023,RSPPQCQYTNCAAVLCPAVYCANAYTPPCGCCDICPPQKYGGGYRPR,paero,ATCC 27853,505.9010002,2.704065538,development,5,DBAASP
DBAASPR_11024,RSQPGPTCPSSVQAILCDNRCGRSACSYYIERCACCAKCNRIPYYGASNHP,paero,ATCC 27853,557.3520001,2.746129564,development,5,DBAASP
DBAASPS_11033,KAK,paero,ATCC 27853,58.48800001,1.767066771,development,2,DBAASP
DBAASPS_11034,KLK,paero,ATCC 27853,62.69600003,1.797239834,development,2,DBAASP
DBAASPS_11035,KK,paero,ATCC 27853,12.84500001,1.108734109,development,2,DBAASP
DBAASPS_11063,WKKIWKPGIKKWIK,paero,ATCC 27853,30.18319997,1.479765281,development,2,DBAASP
DBAASPS_11158,GPHSANHVRGLARVGNANPGLYLAKYAFIPVILAAKPLSPTPTKT,paero,ATCC 27853,6.83690638,0.834859633,development,5,DBAASP
DBAASPS_11159,GPRSSNHKRGLSRVGNSNPGKYLAKYSFRPVILSSKPLSPTPTKT,paero,ATCC 27853,3.276938199,0.515468251,development,5,DBAASP
DBAASPS_11160,GPRSANHKRGLARVGNANPGKYLAKYSFRPVILSSKPLSPTPTKT,paero,ATCC 27853,52.9515485,1.723878665,development,1,DBAASP
DBAASPS_11164,GPHSCNHQRGLCRVGNCNPGYYLAKYCFSPVILCCKPLSPTPTKT,paero,ATCC 27853,51.97153846,1.715765573,development,1,DBAASP
DBAASPS_11733,DLIWKLLVKAQEKFGRGKPSKRVKKMRRQWQACKSSHHHHHH,paero,ATCC 27853,1.408820482,0.148855657,development,1,DBAASP
DBAASPR_11808,SLQPGAPNFPIPGQEKQEGWKFDPSLTRGEDGNTLGSINIHHTGPNHEVGANWDKVIRGPGKAKPTYSIHGSWRW,paero,ATCC 27853,124.0291108,2.09352363,development,4,DBAASP
DBAASPR_11811,SLQPGAPKLPYAWSRKQEGWKFDPSLTRGEDGNTLGSINIHHTGRNHEVGANWNKVIRGPGKAKPTYSIHGSWRW,paero,ATCC 27853,30.35540167,1.482235984,development,2,DBAASP
DBAASPR_11812,GFRKRFNKLVKKVKHTIKETANVSKDVAIVAGSGVAVGAAM,paero,ATCC 27853,0.462196809,-0.335173057,development,3,DBAASP
DBAASPR_11821,DSEGWKVQPNINRDQDGNTAGSVRVQKQLGNHEVHAGASRVFSGPNRGGPSYNVGATFNW,paero,ATCC 27853,158.3681772,2.199667918,development,4,DBAASP
DBAASPR_12416,GLFSKKGGKGGKSWIKGVFKGIKGIGKEVGGDVIRTGIEIAACKIKGEC,paero,ATCC 27853,49.98013099,1.69879739,development,3,DBAASP
DBAASPS_12553,GIIKRIIKRIIKRI,paero,ATCC 27853,13.44174001,1.128455491,development,1,DBAASP
DBAASPS_12650,RFWR,paero,ATCC 27853,37.66307664,1.575915794,development,1,DBAASP
DBAASPS_12652,RAWR,paero,ATCC 27853,42.53999289,1.628797413,development,1,DBAASP
DBAASPS_12653,RCWR,paero,ATCC 27853,322.7147903,2.50881887,development,5,DBAASP
DBAASPS_12654,RGWR,paero,ATCC 27853,87.16034347,1.940318933,development,1,DBAASP
DBAASPS_12655,RHWR,paero,ATCC 27853,152.9649394,2.184591899,development,1,DBAASP
DBAASPS_12657,RLWR,paero,ATCC 27853,39.69748104,1.59876295,development,4,DBAASP
DBAASPS_12658,RMWR,paero,ATCC 27853,19.29619579,1.285471697,development,5,DBAASP
DBAASPS_12659,RRWR,paero,ATCC 27853,37.15864321,1.570059848,development,2,DBAASP
DBAASPS_12660,RSWR,paero,ATCC 27853,41.4125537,1.617132012,development,5,DBAASP
DBAASPS_12661,RVWR,paero,ATCC 27853,20.30090557,1.307515411,development,5,DBAASP
DBAASPS_12664,RRFW,paero,ATCC 27853,18.83153831,1.274885798,development,2,DBAASP
DBAASPS_12665,RRIW,paero,ATCC 27853,19.84874051,1.297732954,development,3,DBAASP
DBAASPR_13273,MAFPFSTQRINPEIEEGNASLADLPVTHAGSLPGIKAQVRTALGIALLLVA,paero,ATCC 27853,37.73470082,1.576740911,development,2,DBAASP
DBAASPS_13596,VRKPPYLPRPRWPRRIYNR,paero,ATCC 27853,3.1733209,0.501513992,development,5,DBAASP
DBAASPS_13833,ALRGCWTKSIPPKPCK,paero,ATCC 27853,915.0873399,2.961462547,development,3,DBAASP
DBAASPS_14004,LRRLRRRLRRLRRRLRRLRRRWRRRLRRLRRRLRRLRRRLRRL,paero,ATCC 27853,2.56091526,0.408395208,development,1,DBAASP
DBAASPS_14029,MGIINTLQKYYCRVRGGRCAVLSCLPKEEQIGKCSTRGRKCCRRKK,paero,ATCC 27853,26.49274998,1.423127041,development,3,DBAASP
DBAASPS_14030,GIINTLQKYYCRVRGGRCAVLSCLPKEEQIGKCSTRGRKCCRRKKGGGGMGIGDPVTCLKSGAICHPVFCPRRYKQIGTCGLPGTKCCKKP,paero,ATCC 27853,24.62025003,1.391292459,development,2,DBAASP
DBAASPS_14239,MRESPSSRMECYEQAERYGYGGYGGGRYGGGYGSGRGQPVGQGVERSHDDNRNQPRHHHHHH,paero,ATCC 27853,14.31971383,1.155934339,development,1,DBAASP
DBAASPS_14669,ELR,paero,ATCC 27853,59.78000004,1.776555911,development,3,DBAASP
DBAASPS_14942,WRR,paero,ATCC 27853,11.61568,1.065044639,development,2,DBAASP
DBAASPS_15606,GFLKKIGKKLEGAVQRTRDATIQTIAVAQAAANVAATAKQG,paero,ATCC 27853,61.01224731,1.785417022,development,2,DBAASP
DBAASPS_15621,GFLKKVGKKLEGASDLTRDATIQTIAVAQAAANVAATAKQG,paero,ATCC 27853,248.9226633,2.396064439,development,2,DBAASP
DBAASPS_15623,QFNMQGGGSPRQGFDVNANARFPIWQSQNARNSVHGTASYAQHLGGPYGNSRPNFGGGLQFT,paero,ATCC 27853,153.8878932,2.187204454,development,3,DBAASP
DBAASPS_15624,AACSLGSLLNVGCNSCACAAHCLATRGKNGACNSQRRCVCNK,paero,ATCC 27853,30.26071198,1.480879142,development,3,DBAASP
DBAASPS_15826,KKKKK,paero,ATCC 27853,6.070854957,0.783249857,development,4,DBAASP
DBAASPS_15833,RRRRR,paero,ATCC 27853,40.05242962,1.602628866,development,3,DBAASP
DBAASPS_16847,PIMYKVPLIRKKSLRRTLSERGLLKDPFLKKHNLNPARKYFPQWKAPTL,paero,ATCC 27853,73.71612503,1.867562498,development,4,DBAASP
DBAASPS_17024,GGH,paero,ATCC 27853,128.1677599,2.107778794,development,2,DBAASP
DBAASPS_17418,RIVQRIKKWLR,paero,ATCC 27853,64.12804998,1.807048034,development,2,DBAASP
DBAASPS_17440,GRGR,paero,ATCC 27853,71.99195992,1.857283997,development,3,DBAASP
DBAASPS_17442,GKGK,paero,ATCC 27853,82.37502018,1.915795534,development,1,DBAASP
DBAASPS_17627,RQIRW,paero,ATCC 27853,37.846,1.578019985,development,1,DBAASP
DBAASPS_17732,RWW,paero,ATCC 27853,43.00032005,1.633471688,development,4,DBAASP
DBAASPS_17739,RRW,paero,ATCC 27853,5.359040004,0.729086999,development,2,DBAASP
DBAASPS_17781,RRR,paero,ATCC 27853,12.03392,1.08040712,development,1,DBAASP
DBAASPS_17783,RWR,paero,ATCC 27853,5.583440006,0.746901854,development,3,DBAASP
DBAASPS_17846,KLFK,paero,ATCC 27853,87.71005998,1.943049408,development,2,DBAASP
DBAASPN_18368,VGALAVVVWLWLWLWG,paero,ATCC 27853,62.06047996,1.79281513,development,3,DBAASP
DBAASPS_18592,ATCDLLSASTPWGSLNHSACAAHCLTKRYKGGRCRNGICRCRR,paero,ATCC 27853,21.29729365,1.328324419,development,3,DBAASP
DBAASPS_18593,VTCDLLSAEAKGVKVNHAACAAHCLLKRKRGGYCNKRRICVCRN,paero,ATCC 27853,41.40127606,1.617013727,development,5,DBAASP
DBAASPS_18791,FVPWFSKFKGRIE,paero,ATCC 27853,164.299,2.21563492,development,5,DBAASP
DBAASPS_18792,FVPWFSKKLGREL,paero,ATCC 27853,160.8970002,2.206547947,development,5,DBAASP
DBAASPS_18793,FVPWFKKFLERIL,paero,ATCC 27853,172.5179902,2.23683439,development,4,DBAASP
DBAASPS_18797,FVPWKSKFEGRIL,paero,ATCC 27853,160.8970002,2.206547947,development,4,DBAASP
DBAASPS_18798,FVPKFSKELGRIL,paero,ATCC 27853,153.591,2.186365768,development,5,DBAASP
DBAASPS_18804,FVPWFKKFLGRIE,paero,ATCC 27853,166.9069999,2.222474551,development,2,DBAASP
DBAASPS_18805,FVPWKSKFLGREL,paero,ATCC 27853,160.8970002,2.206547947,development,3,DBAASP
DBAASPS_18808,FVPWFEKFLKRIL,paero,ATCC 27853,172.5179902,2.23683439,development,1,DBAASP
DBAASPS_18810,FVPWFCKFLCRIL,paero,ATCC 27853,167.3180001,2.223542665,development,3,DBAASP
DBAASPS_18874,VRKPPYLPRPRPPRRIYNR,paero,ATCC 27853,13.15831794,1.119200376,development,2,DBAASP
DBAASPS_18875,VWKPPYLPRPRPPRRIYNR,paero,ATCC 27853,12.99784022,1.113871194,development,4,DBAASP
DBAASPS_18876,VDRPPYLPRPRPPRRIYNR,paero,ATCC 27853,26.45900449,1.4225735,development,2,DBAASP
DBAASPS_18877,VDKKPYLPRPRPPRRIYNR,paero,ATCC 27853,13.21287441,1.120997307,development,2,DBAASP
DBAASPS_18878,VDKFPYLPRPRPPRRIYNR,paero,ATCC 27853,52.44004383,1.719663046,development,3,DBAASP
DBAASPS_18880,VDKYPYLPRPRPPRRIYNR,paero,ATCC 27853,52.09855033,1.716825639,development,2,DBAASP
DBAASPS_18881,VDKPFYLPRPRPPRRIYNR,paero,ATCC 27853,52.44004383,1.719663046,development,2,DBAASP
DBAASPS_18883,VDKPYYLPRPRPPRRIYNR,paero,ATCC 27853,52.09855033,1.716825639,development,1,DBAASP
DBAASPS_18884,VDKPHYLPRPRPPRRIYNR,paero,ATCC 27853,52.65653712,1.721452295,development,2,DBAASP
DBAASPS_18885,VDKPRYLPRPRPPRRIYNR,paero,ATCC 27853,26.12358266,1.417032737,development,2,DBAASP
DBAASPS_18893,RRWWWWRRW,paero,ATCC 27853,6.291560005,0.798758343,development,2,DBAASP
DBAASPS_18911,VDKPPWLPRPRPPRRIYNR,paero,ATCC 27853,26.51355,1.423467881,development,1,DBAASP
DBAASPS_18912,VDKPPFLPRPRPPRRIYNR,paero,ATCC 27853,53.89874276,1.731578635,development,3,DBAASP
DBAASPS_18913,VDKPPHLPRPRPPRRIYNR,paero,ATCC 27853,27.06373704,1.432387765,development,2,DBAASP
DBAASPS_18918,VDKPPYRPRPRPPRRIYNR,paero,ATCC 27853,13.14788797,1.118855995,development,3,DBAASP
DBAASPS_18919,VDKPPYMPRPRPPRRIYNR,paero,ATCC 27853,53.13725505,1.725399116,development,4,DBAASP
DBAASPS_18920,VDKPPYFPRPRPPRRIYNR,paero,ATCC 27853,52.78698629,1.722526868,development,4,DBAASP
DBAASPS_18921,VDKPPYLPRWRPPRRIYNR,paero,ATCC 27853,51.6145811,1.712772407,development,2,DBAASP
DBAASPS_18922,VDKPPYLPRPWPPRRIYNR,paero,ATCC 27853,26.43701077,1.422212348,development,5,DBAASP
DBAASPS_18923,VDKPPYLPRPHPPRRIYNR,paero,ATCC 27853,53.9679861,1.732136212,development,4,DBAASP
DBAASPS_18924,VDKPPYLPRPKPPRRIYNR,paero,ATCC 27853,27.08639884,1.432751269,development,5,DBAASP
DBAASPS_18925,VDKPPYLPRPFPPRRIYNR,paero,ATCC 27853,53.74059791,1.730302494,development,4,DBAASP
DBAASPS_18932,VDKPPYLPRPRWPRRIYNR,paero,ATCC 27853,51.6145811,1.712772407,development,1,DBAASP
DBAASPS_18934,VDKPPYLPRPRWERRIYNR,paero,ATCC 27853,50.95707383,1.707204481,development,4,DBAASP
DBAASPS_18937,VDKPPYLPRPRWRRRIYNR,paero,ATCC 27853,12.6034359,1.100488957,development,2,DBAASP
DBAASPS_18938,VDKPPYLPRPRWWRRIYNR,paero,ATCC 27853,24.91226328,1.396413185,development,4,DBAASP
DBAASPS_18939,VDKPPYLPRPRWKRRIYNR,paero,ATCC 27853,12.74404458,1.105307282,development,2,DBAASP
DBAASPS_18940,VDKPPYLPRPRWHRRIYNR,paero,ATCC 27853,50.79478402,1.705819118,development,5,DBAASP
DBAASPS_18941,VDKPPYLPRPRWIRRIYNR,paero,ATCC 27853,51.28283043,1.709971987,development,4,DBAASP
DBAASPS_18942,VDKPPYLPRPRWFRRIYNR,paero,ATCC 27853,50.59329969,1.704093005,development,2,DBAASP
DBAASPS_18943,VDKPPYLPRPRWLRRIYNR,paero,ATCC 27853,51.28283043,1.709971987,development,1,DBAASP
DBAASPS_18944,VDKPPYLPRPRWARRIYNR,paero,ATCC 27853,52.1622585,1.717356387,development,5,DBAASP
DBAASPS_18945,VDKPPYLPRPRWNRRIYNR,paero,ATCC 27853,51.26343376,1.709807693,development,1,DBAASP
DBAASPS_18946,VDKPPYLPRPRWVRRIYNR,paero,ATCC 27853,51.57265823,1.712419517,development,1,DBAASP
DBAASPS_18947,VDKPPYLPRPRWGRRIYNR,paero,ATCC 27853,26.23107155,1.418816032,development,3,DBAASP
DBAASPS_18948,VDKPPYLPRPRWSRRIYNR,paero,ATCC 27853,51.82436161,1.714533961,development,2,DBAASP
DBAASPS_18949,VDKPPYLPRPRWQRRIYNR,paero,ATCC 27853,50.97705932,1.707374779,development,4,DBAASP
DBAASPS_18950,VDKPPYLPRPRWYRRIYNR,paero,ATCC 27853,50.27536208,1.701355207,development,5,DBAASP
DBAASPS_18951,VDKPPYLPRPRWDRRIYNR,paero,ATCC 27853,51.24322307,1.709636438,development,3,DBAASP
DBAASPR_19005,GIINTLQRYYCRIRSGRCALLSCLPKEEQIGRCSSTGRKCCRRKK,paero,ATCC 27853,12.29304943,1.089659628,development,4,DBAASP
DBAASPS_19076,LRRRLLLLR,paero,ATCC 27853,77.28576,1.888099482,development,2,DBAASP
DBAASPS_19630,RIWR,paero,ATCC 27853,12.99327999,1.113718797,development,4,DBAASP
DBAASPS_19659,KKLFKKILGRYK,paero,ATCC 27853,2.628196908,0.4196579,development,2,DBAASP
DBAASPS_19660,KKLFKKILGRYL,paero,ATCC 27853,2.654383457,0.423963662,development,3,DBAASP
DBAASPS_19663,KKLFKKIGLRYL,paero,ATCC 27853,2.654383457,0.423963662,development,4,DBAASP
DBAASPS_19664,KKLFKKIGLRYK,paero,ATCC 27853,5.25639382,0.720687896,development,2,DBAASP
DBAASPS_19665,KKLFKKGILRYK,paero,ATCC 27853,5.25639382,0.720687896,development,1,DBAASP
DBAASPS_19934,WRT,paero,ATCC 27853,29.47520003,1.469456761,development,5,DBAASP
DBAASPS_20123,WRIRIRWKRLRRPP,paero,ATCC 27853,2.010603541,0.303326443,development,2,DBAASP
DBAASPS_20347,GIFKVLKNLAKGVITSLAS,paero,ATCC 27853,3.059861999,0.48570184,development,2,DBAASP
DBAASPS_20348,GIFDVLKNLAKGVITSLKS,paero,ATCC 27853,50.13650002,1.700154013,development,1,DBAASP
DBAASPS_20349,GIFKVLKNLAKGVITSLKS,paero,ATCC 27853,6.304084996,0.79962206,development,2,DBAASP
DBAASPN_20466,CV,paero,ATCC 27853,32.44000003,1.511080846,development,4,DBAASP
DBAASPS_20515,WLKKLKKKLKKLKKK,paero,ATCC 27853,62.35775997,1.794890506,development,4,DBAASP
DBAASPS_20535,VVKTVVSRAYTRAGLAQRLGWHDLRHSTRT,paero,ATCC 27853,145.5204507,2.162924031,development,5,DBAASP
DBAASPS_20536,MMGAPTRRFKHHAWHETTVARRATARYVGGLSSRFVTR,paero,ATCC 27853,113.6344583,2.055510046,development,2,DBAASP
DBAASPS_20537,VNRVTRVIATRRNEAERIGVPLYF,paero,ATCC 27853,176.6604059,2.247139224,development,5,DBAASP
DBAASPS_20538,VEKSEKAISGARRGSPIVNRHVVHLEHVRLKGPYRLSDRLSSAPRTSTRV,paero,ATCC 27853,89.21517732,1.950438743,development,2,DBAASP
DBAASPS_20567,RRRRRWWWW,paero,ATCC 27853,20.72799866,1.316557372,development,5,DBAASP
DBAASPS_20580,RLFRRVKKVAGKIAKRIWKILRR,paero,ATCC 27853,2.69992562,0.4313518,development,4,DBAASP
DBAASPS_20581,RLFRRVKKVAGKIAKRIW,paero,ATCC 27853,1.756668303,0.244689765,development,1,DBAASP
DBAASPS_20582,RLFRRVKKVAGKIAKRI,paero,ATCC 27853,7.66330045,0.884415853,development,2,DBAASP
DBAASPS_20583,RLFRRVKKVAGKIAKR,paero,ATCC 27853,32.44340164,1.511126383,development,4,DBAASP
DBAASPS_20584,RLFRRVKKVAGKIAK,paero,ATCC 27853,70.61172367,1.848876813,development,5,DBAASP
DBAASPS_20595,RLFRRVKKVAGKIA,paero,ATCC 27853,152.2468424,2.182548294,development,3,DBAASP
DBAASPS_20596,RLFRRVKKVAGKI,paero,ATCC 27853,159.1351827,2.201766207,development,1,DBAASP
DBAASPS_20597,RLFRRVKKVAGK,paero,ATCC 27853,171.4875264,2.234232536,development,3,DBAASP
DBAASPR_20598,LKTKALNKLKQKLQAVGNLIGSVIKG,paero,ATCC 27853,138.47299,2.14136507,development,1,DBAASP
DBAASPS_20599,RLFRRVKKVAGKIAKRIWK,paero,ATCC 27853,1.661017733,0.220374269,development,3,DBAASP
DBAASPS_20758,VKKWVKKAVKKWVKKA,paero,ATCC 27853,62.77087795,1.797758203,development,3,DBAASP
DBAASPS_20759,VKKWVKKWVKKAVKKA,paero,ATCC 27853,15.69271899,1.195698198,development,3,DBAASP
DBAASPS_20760,VKKWVKKWVKKAVKKW,paero,ATCC 27853,8.30692,0.919440028,development,5,DBAASP
DBAASPS_20761,VKKWVKKWVKKWVKKA,paero,ATCC 27853,4.153459997,0.618410032,development,4,DBAASP
DBAASPS_20762,VKKWVKKWVKKWVKKW,paero,ATCC 27853,2.191870002,0.340814793,development,2,DBAASP
DBAASPS_20826,WWRWWRRRW,paero,ATCC 27853,12.58311999,1.099788338,development,3,DBAASP
DBAASPS_20827,WWRWRRRWW,paero,ATCC 27853,25.16624,1.400818334,development,4,DBAASP
DBAASPS_20834,WRRWRWRWW,paero,ATCC 27853,6.291560005,0.798758343,development,5,DBAASP
DBAASPS_20837,WWWRRRRWW,paero,ATCC 27853,12.58311999,1.099788338,development,5,DBAASP
DBAASPS_20838,RLRLRLRLL,paero,ATCC 27853,9.66072,0.985009495,development,3,DBAASP
DBAASPS_20839,RIRIRIRWL,paero,ATCC 27853,4.738405001,0.675632178,development,2,DBAASP
DBAASPS_20840,RIRWRIRIL,paero,ATCC 27853,5.122599998,0.709490445,development,5,DBAASP
DBAASPS_20841,RIRWRIRWL,paero,ATCC 27853,10.82968,1.034615624,development,4,DBAASP
DBAASPS_20842,RIRIRWRWL,paero,ATCC 27853,11.696055,1.068039402,development,5,DBAASP
DBAASPS_20853,RWRIRIRWL,paero,ATCC 27853,5.414839995,0.733585628,development,2,DBAASP
DBAASPS_20854,RIRWRWRIL,paero,ATCC 27853,21.65936001,1.33564562,development,1,DBAASP
DBAASPS_20855,RWRWRWRIL,paero,ATCC 27853,8.389408003,0.923731316,development,4,DBAASP
DBAASPS_20856,RWRIRWRWL,paero,ATCC 27853,11.41416,1.057443956,development,4,DBAASP
DBAASPS_20883,WRIRRRWPRLPRPRWRPLPFPR,paero,ATCC 27853,24.41415998,1.387641786,development,1,DBAASP
DBAASPS_20889,RWRWRWRWW,paero,ATCC 27853,6.291560005,0.798758343,development,4,DBAASP
DBAASPS_20890,WRRRWWWWR,paero,ATCC 27853,12.58311999,1.099788338,development,5,DBAASP
DBAASPS_20966,RRWWWRWRW,paero,ATCC 27853,6.291560005,0.798758343,development,1,DBAASP
DBAASPS_20967,RWRWRRWWW,paero,ATCC 27853,12.58311999,1.099788338,development,5,DBAASP
DBAASPS_20983,RWWWWRRWR,paero,ATCC 27853,6.291560005,0.798758343,development,3,DBAASP
DBAASPR_21035,TLSAC,paero,ATCC 27853,14.808001,1.170496435,development,4,DBAASP
DBAASPS_21036,WRRRRWWWW,paero,ATCC 27853,12.58311999,1.099788338,development,3,DBAASP
DBAASPS_21049,WRRWRWWRW,paero,ATCC 27853,6.291560005,0.798758343,development,1,DBAASP
DBAASPS_21050,LLRLLRRRL,paero,ATCC 27853,77.28576,1.888099482,development,5,DBAASP
DBAASPS_21051,LLRLRRRLL,paero,ATCC 27853,77.28576,1.888099482,development,5,DBAASP
DBAASPS_21052,LLLRRRRLL,paero,ATCC 27853,77.28576,1.888099482,development,4,DBAASP
DBAASPS_21053,RRLLLLRRL,paero,ATCC 27853,77.28576,1.888099482,development,2,DBAASP
DBAASPR_21124,GTPGFQTPDARVISRFGFN,paero,ATCC 27853,103.3664999,2.014379811,development,1,DBAASP
DBAASPS_21161,TGKASQFFGLM,paero,ATCC 27853,151.8630399,2.181452089,development,5,DBAASP
DBAASPS_21162,LKKWTGKASQFFGLM,paero,ATCC 27853,223.2537498,2.348798762,development,2,DBAASP
DBAASPS_21163,LKKWTLKASQFFGLM,paero,ATCC 27853,115.2179201,2.061520031,development,5,DBAASP
DBAASPS_21164,LKKWLKKWTGKASQFFGLM,paero,ATCC 27853,9.207640002,0.964148331,development,2,DBAASP
DBAASPS_21165,LKKWLKKWTLKASQFFGLM,paero,ATCC 27853,4.71604,0.67357748,development,1,DBAASP
DBAASPS_21166,LKKWLKKWTPKASQFFGLM,paero,ATCC 27853,4.683960004,0.670613178,development,5,DBAASP
DBAASPS_21173,KLLKLLKLLL,paero,ATCC 27853,428.5761952,2.632028045,development,1,DBAASP
DBAASPS_21175,RLLRLLRLLLLLL,paero,ATCC 27853,158.2032285,2.199215342,development,3,DBAASP
DBAASPS_21176,RLLLRLLLRLLLR,paero,ATCC 27853,308.2109542,2.48884807,development,1,DBAASP
DBAASPS_21178,RLLRLLRLL,paero,ATCC 27853,54.91044458,1.73965496,development,4,DBAASP
DBAASPS_21179,LRRLRLRLL,paero,ATCC 27853,77.28576,1.888099482,development,3,DBAASP
DBAASPS_21181,RRLLLRLRL,paero,ATCC 27853,77.28576,1.888099482,development,3,DBAASP
DBAASPS_21320,GMPVL,paero,ATCC 27853,193.9230415,2.287629414,development,3,DBAASP
DBAASPS_21321,SKPVL,paero,ATCC 27853,276.40788,2.44155042,development,4,DBAASP
DBAASPS_21322,HCPVL,paero,ATCC 27853,176.1481709,2.245878138,development,4,DBAASP
DBAASPS_21323,TRPVL,paero,ATCC 27853,85.51151404,1.932024596,development,1,DBAASP
DBAASPS_21509,KRLKKIGKVLKWIPPIVGSI,paero,ATCC 27853,9.280039996,0.967549848,development,3,DBAASP
DBAASPS_21510,KRLKKIGKVLKWIAKIVGSI,paero,ATCC 27853,37.21647997,1.570735294,development,5,DBAASP
DBAASPS_21515,KRLKKIGKVLKWI,paero,ATCC 27853,13.24952,1.122200145,development,5,DBAASP
DBAASPR_21525,FKIGGFIKKLWRSKLAKKLRAKGRELLKDYANRVINGGPEEEAAVPAE,paero,ATCC 27853,27.02739999,1.431804269,development,2,DBAASP
DBAASPS_21747,CWTKSIPPKPCRLLRKFFRKLKKSV,paero,ATCC 27853,5.227309251,0.718278194,development,5,DBAASP
DBAASPS_21757,SPAGRNSRRRRCRFCCGCCPDMVGCGTCCKF,paero,ATCC 27853,27.45776002,1.438665105,development,5,DBAASP
DBAASPS_21760,RRRRCRFCC,paero,ATCC 27853,10.0448,1.001941294,development,3,DBAASP
DBAASPS_21794,KKYRYHLKPF,paero,ATCC 27853,371.1029981,2.569494463,development,5,DBAASP
DBAASPS_21884,CRVRLRCRRRRCKVRLRC,paero,ATCC 27853,6.697317839,0.82590091,development,2,DBAASP
DBAASPS_21991,RLRLRRLLL,paero,ATCC 27853,77.28576,1.888099482,development,1,DBAASP
DBAASPS_22018,RFLRKIRRFR,paero,ATCC 27853,43.16897938,1.635171781,development,1,DBAASP
DBAASPS_22020,RLLLLRRLR,paero,ATCC 27853,38.64287997,1.587069486,development,3,DBAASP
DBAASPS_22021,LRRRRLLLL,paero,ATCC 27853,77.28576,1.888099482,development,5,DBAASP
DBAASPS_22022,LRRLRLLRL,paero,ATCC 27853,77.28576,1.888099482,development,4,DBAASP
DBAASPS_22049,RWRRFWGKAKRGIKKHGVSIALAALRLRG,paero,ATCC 27853,1.383843573,0.141087001,development,2,DBAASP
DBAASPS_22050,RWRRFWGKAKRGIKK,paero,ATCC 27853,4.753201702,0.676986244,development,3,DBAASP
DBAASPS_22051,RWRRFWGKAKRGIKKH,paero,ATCC 27853,1.108716904,0.044820669,development,2,DBAASP
DBAASPS_22052,RWRRFWGKAKRGIKKHG,paero,ATCC 27853,4.32736731,0.63622376,development,1,DBAASP
DBAASPS_22053,RWRRFWGKAKRGIKKHGV,paero,ATCC 27853,2.069057752,0.315772613,development,3,DBAASP
DBAASPS_22054,IALAALRLR,paero,ATCC 27853,100.3749729,2.001625441,development,1,DBAASP
DBAASPR_22165,ALWKTLLKKVGKVAGKAVLNAVTNMANQNEQ,paero,ATCC 27853,167.202,2.223241468,development,4,DBAASP
DBAASPR_22166,ALWKTLLKKVGKVAGKAVLNAVTNMANQN,paero,ATCC 27853,38.58487299,1.586417075,development,1,DBAASP
DBAASPR_22201,FLPLLAGLAASFLPTIFCKISRKC,paero,ATCC 27853,38.31039837,1.583316668,development,5,DBAASP
DBAASPS_22213,GLFKKLRRKIKKGFKKIF,paero,ATCC 27853,14.31203706,1.155701452,development,1,DBAASP
DBAASPS_22214,GLFKKLWRKIKKGFKKIF,paero,ATCC 27853,7.061193553,0.848878116,development,4,DBAASP
DBAASPS_22215,GLFKKLRRKIKKGF,paero,ATCC 27853,4.65333801,0.6677646,development,1,DBAASP
DBAASPS_22216,GLFKKLWRKIKKWF,paero,ATCC 27853,4.258982377,0.629305843,development,1,DBAASP
DBAASPS_22217,LRRKIKKGFKKIFKRL,paero,ATCC 27853,3.884126636,0.589293381,development,5,DBAASP
DBAASPS_22218,LWRKIKKWFKKIFKRL,paero,ATCC 27853,7.21093585,0.857991632,development,1,DBAASP
DBAASPS_22219,IKKGFKKIFKRL,paero,ATCC 27853,21.24895261,1.327337528,development,4,DBAASP
DBAASPS_22220,IKKWFKKIFKRL,paero,ATCC 27853,4.892613609,0.689540919,development,1,DBAASP
DBAASPS_22282,KVLGRLVKVLGRLV,paero,ATCC 27853,20.64502438,1.3148154,development,4,DBAASP
DBAASPS_22283,KVLGRLVKVLGRLA,paero,ATCC 27853,42.05113671,1.62377774,development,4,DBAASP
DBAASPS_22284,KVLGRLVKVLGRAV,paero,ATCC 27853,42.44229748,1.627798885,development,1,DBAASP
DBAASPS_22285,KVLGRLVKVLGALV,paero,ATCC 27853,10.92223547,1.038311535,development,3,DBAASP
DBAASPS_22286,KVLGRLVKVLARLV,paero,ATCC 27853,5.114967917,0.708842914,development,4,DBAASP
DBAASPS_22287,KVLGRLVKVAGRLV,paero,ATCC 27853,42.44229748,1.627798885,development,5,DBAASP
DBAASPS_22288,KVLGRLVKALGRLV,paero,ATCC 27853,42.05113671,1.62377774,development,1,DBAASP
DBAASPS_22289,KVLGRLVAVLGRLV,paero,ATCC 27853,42.86915252,1.632144898,development,3,DBAASP
DBAASPS_22290,KVLGRLAKVLGRLV,paero,ATCC 27853,42.05113671,1.62377774,development,3,DBAASP
DBAASPS_22291,KVLGRAVKVLGRLV,paero,ATCC 27853,42.44229748,1.627798885,development,4,DBAASP
DBAASPS_22292,KVLGALVKVLGRLV,paero,ATCC 27853,10.92223547,1.038311535,development,4,DBAASP
DBAASPS_22293,KVLARLVKVLGRLV,paero,ATCC 27853,20.4598717,1.310902906,development,1,DBAASP
DBAASPS_22294,KVAGRLVKVLGRLV,paero,ATCC 27853,42.44229748,1.627798885,development,2,DBAASP
DBAASPS_22295,KALGRLVKVLGRLV,paero,ATCC 27853,42.05113671,1.62377774,development,5,DBAASP
DBAASPS_22296,AVLGRLVKVLGRLV,paero,ATCC 27853,42.86915252,1.632144898,development,2,DBAASP
DBAASPS_22311,FLWKLIPGAISAVTSLIKK,paero,ATCC 27853,30.68655292,1.486948106,development,3,DBAASP
DBAASPS_22312,FLWKLIPKAISAVTSLIKK,paero,ATCC 27853,7.418651192,0.870324952,development,2,DBAASP
DBAASPS_22313,FLWKLIPKAIKAVTSLIKK,paero,ATCC 27853,3.639966905,0.561097435,development,5,DBAASP
DBAASPS_22314,FLWKLIPKAIKKVTSLIKK,paero,ATCC 27853,7.095603332,0.850989329,development,2,DBAASP
DBAASPS_22315,FLWKLIPKAIKKVKSLIKK,paero,ATCC 27853,1.752858762,0.243746924,development,1,DBAASP
DBAASPS_22316,FLWKLIPKAIKKVKKLIKK,paero,ATCC 27853,1.721850262,0.235995381,development,3,DBAASP
DBAASPS_22317,FLWKLIKKAIKKVKKLIKK,paero,ATCC 27853,3.3982689,0.531257741,development,3,DBAASP
DBAASPS_22318,GWIKKWIKKWIKKW,paero,ATCC 27853,15.08917801,1.178665582,development,2,DBAASP
DBAASPS_22319,GIWKKIWKKIWKKW,paero,ATCC 27853,15.08917801,1.178665582,development,2,DBAASP
DBAASPS_22320,GFIKKFIKKFIKKF,paero,ATCC 27853,13.87113,1.142111842,development,5,DBAASP
DBAASPS_22321,GIFKKIFKKIFKKF,paero,ATCC 27853,13.87113,1.142111842,development,2,DBAASP
DBAASPS_22322,GVIKKVIKKVIKKV,paero,ATCC 27853,49.64649202,1.695888567,development,3,DBAASP
DBAASPS_22323,GIVKKIVKKIVKKV,paero,ATCC 27853,49.64649202,1.695888567,development,1,DBAASP
DBAASPS_22324,GYIKKYIKKYIKKY,paero,ATCC 27853,230.2937502,2.362282152,development,4,DBAASP
DBAASPS_22325,GIYKKIYKKIYKKY,paero,ATCC 27853,460.5874996,2.663312147,development,5,DBAASP
DBAASPS_22326,GQIKKQIKKQIKKQ,paero,ATCC 27853,425.5375002,2.628937838,development,1,DBAASP
DBAASPS_22327,GIQKKIQKKIQKKQ,paero,ATCC 27853,425.5375002,2.628937838,development,4,DBAASP
DBAASPS_22328,GIIRKIIRKIIRKI,paero,ATCC 27853,26.88347998,1.429485486,development,3,DBAASP
DBAASPS_22338,GIIHKIIHKIIHKI,paero,ATCC 27853,416.5374999,2.619654106,development,5,DBAASP
DBAASPS_22339,GIIKHIIKHIIKHI,paero,ATCC 27853,52.15049404,1.717258427,development,4,DBAASP
DBAASPR_22344,GRFRRLRNRIRNIWRKIGPIAGPLISRFG,paero,ATCC 27853,4.601433627,0.662893162,development,4,DBAASP
DBAASPR_22345,GRFSRLRKRIRKVWRKIGPIAGPIIGHFG,paero,ATCC 27853,4.743398479,0.67608961,development,4,DBAASP
DBAASPR_22346,KRFKKFFKKIKKSVKKRVKKLFKKPRVIPISIPF,paero,ATCC 27853,0.948445945,-0.022987416,development,5,DBAASP
DBAASPS_22386,IINVLTSIVTPIKNQLDKYQ,paero,ATCC 27853,111.2693328,2.046375484,development,4,DBAASP
DBAASPS_22387,KDNLKTIIVTAIKNILDKYQ,paero,ATCC 27853,27.44682928,1.438492181,development,3,DBAASP
DBAASPS_22388,IKNVLKSIVTPAKNQLDKYQ,paero,ATCC 27853,111.2691829,2.046374899,development,5,DBAASP
DBAASPS_22389,IIKDLLKIVTPIANQLIKYQ,paero,ATCC 27853,110.11341,2.041840212,development,4,DBAASP
DBAASPS_22390,IINKDTLKVIPIKAQLDIYQ,paero,ATCC 27853,110.0221129,2.041479981,development,5,DBAASP
DBAASPS_22391,IINVKTSLKTIIKNALDKIQ,paero,ATCC 27853,28.39706327,1.453273429,development,2,DBAASP
DBAASPS_22392,IINVLKSILKPIKNQADKYI,paero,ATCC 27853,592.6143997,2.7727722,development,3,DBAASP
DBAASPS_22394,GIFSKLAPKKIKNLLISGLKG,paero,ATCC 27853,13.93656299,1.144155682,development,3,DBAASP
DBAASPS_22432,SYWVRASGGGFFFLSRIF,paero,ATCC 27853,134.1728,2.127664483,development,2,DBAASP
DBAASPS_22433,SYWVRASGGGFFFLSRIFR,paero,ATCC 27853,144.1689601,2.158871766,development,4,DBAASP
DBAASPS_22434,SYWVRASGGGFFFLSRIFK,paero,ATCC 27853,142.4403201,2.153632941,development,5,DBAASP
DBAASPS_22435,SYWVRASGGGFFFLSRIFRR,paero,ATCC 27853,154.1651199,2.187986125,development,4,DBAASP
DBAASPS_22436,SYWVRASGGGFFFLSRIFKK,paero,ATCC 27853,150.7078399,2.178135845,development,5,DBAASP
DBAASPR_22437,SYWVRASGGGFFFLSRIFRRR,paero,ATCC 27853,164.1612899,2.215270756,development,4,DBAASP
DBAASPS_22438,SYWVRASGGGFFFLSRIFKKK,paero,ATCC 27853,158.97536,2.201329817,development,3,DBAASP
DBAASPR_22442,LLRRGGEKLAEKFEKIGQKIKNFFRKLLPETES,paero,ATCC 27853,9.604021133,0.982453107,development,3,DBAASP
DBAASPS_22443,KIGQKIKNFFRKLL,paero,ATCC 27853,5.412028526,0.733360077,development,4,DBAASP
DBAASPS_22482,RRKWWW,paero,ATCC 27853,130.2080101,2.114637702,development,5,DBAASP
DBAASPS_22495,RRRRKWWWW,paero,ATCC 27853,24.25360102,1.384776229,development,1,DBAASP
DBAASPS_22496,RRKW,paero,ATCC 27853,82.53568005,1.916641734,development,4,DBAASP
DBAASPS_22497,RRKWW,paero,ATCC 27853,106.3718401,2.026826672,development,3,DBAASP
DBAASPS_22498,RRRRKWWW,paero,ATCC 27853,21.27408,1.327850788,development,1,DBAASP
DBAASPS_22499,RRRRKWWWWW,paero,ATCC 27853,54.46623995,1.736127395,development,1,DBAASP
DBAASPS_22500,RRRRRRKWWWWW,paero,ATCC 27853,64.46240004,1.809306471,development,1,DBAASP
DBAASPS_22501,RRRRRRKWWWWWW,paero,ATCC 27853,140.84288,2.148734897,development,1,DBAASP
DBAASPS_22502,RRRRRRKWWWWWWW,paero,ATCC 27853,76.38047995,1.882982383,development,5,DBAASP
DBAASPS_22503,WWKR,paero,ATCC 27853,86.37951992,1.936410786,development,1,DBAASP
DBAASPS_22504,WWKRR,paero,ATCC 27853,106.3718401,2.026826672,development,3,DBAASP
DBAASPS_22505,WWKRRR,paero,ATCC 27853,126.3641601,2.101623915,development,2,DBAASP
DBAASPS_22506,WWWWKRRR,paero,ATCC 27853,21.75456001,1.337550304,development,3,DBAASP
DBAASPS_22507,WWWWKRRRR,paero,ATCC 27853,12.126801,1.083746251,development,3,DBAASP
DBAASPS_22508,WWWWKRRRRR,paero,ATCC 27853,26.75263997,1.427366645,development,1,DBAASP
DBAASPS_22509,WWWWWWKRRRRR,paero,ATCC 27853,32.71167999,1.514702849,development,4,DBAASP
DBAASPS_22510,WWWWWWKRRRRRR,paero,ATCC 27853,70.42143993,1.847704901,development,4,DBAASP
DBAASPS_22511,WWWWWWKRRRRRRR,paero,ATCC 27853,75.41951999,1.877483764,development,3,DBAASP
DBAASPS_22550,GVFYPWRFRLLCLLRRWLPRPRAWFIR,paero,ATCC 27853,35.75460002,1.553331924,development,3,DBAASP
DBAASPS_22560,LLKLLKKLL,paero,ATCC 27853,7.397174792,0.869065881,development,3,DBAASP
DBAASPS_22561,PLKLLKKLL,paero,ATCC 27853,7.508555444,0.875556392,development,4,DBAASP
DBAASPS_22562,ILKLLKKLL,paero,ATCC 27853,7.397174792,0.869065881,development,3,DBAASP
DBAASPS_22563,VLKLLKKLL,paero,ATCC 27853,29.97750244,1.476795447,development,4,DBAASP
DBAASPS_22564,WLKLLKKLL,paero,ATCC 27853,13.8582398,1.141708072,development,2,DBAASP
DBAASPS_22565,YLKLLKKLL,paero,ATCC 27853,14.14038923,1.150461364,development,1,DBAASP
DBAASPS_22567,FLKLLKKLLFLKLLKKLL,paero,ATCC 27853,14.45996278,1.160167175,development,1,DBAASP
DBAASPS_22631,GLLKKLLKKI,paero,ATCC 27853,37.01119998,1.568333166,development,4,DBAASP
DBAASPS_22632,GLLKKLLKKLLKKI,paero,ATCC 27853,6.565119702,0.817242649,development,3,DBAASP
DBAASPS_22633,GLLKKLLKKLLKKLLKKI,paero,ATCC 27853,17.00767898,1.23064505,development,1,DBAASP
DBAASPS_22634,GFFKKFFKKI,paero,ATCC 27853,20.68287799,1.31561097,development,2,DBAASP
DBAASPS_22635,GFFKKFFKKFFKKI,paero,ATCC 27853,7.381599395,0.868150472,development,1,DBAASP
DBAASPS_22636,GFFKKFFKKFFKKFFKKI,paero,ATCC 27853,9.592479992,0.981930902,development,3,DBAASP
DBAASPS_22637,GWWKKWWKKWWKKI,paero,ATCC 27853,8.318559992,0.920048153,development,5,DBAASP
DBAASPS_22638,GWWKKWWKKWWKKWWKKI,paero,ATCC 27853,5.420880005,0.734069794,development,3,DBAASP
DBAASPS_22639,GWWKKWWKKI,paero,ATCC 27853,5.795360001,0.763080419,development,1,DBAASP
DBAASPS_22748,KKCKFLCKVKKKLKSVGLQISMGI,paero,ATCC 27853,45.96470297,1.662424458,development,1,DBAASP
DBAASPS_22749,RRAGRSRGRSRGRPPGRPRLPGLNNPIAGIPGRK,paero,ATCC 27853,184.4174999,2.26580213,development,3,DBAASP
DBAASPS_22793,CPGGKRIVKRIKAFLRGPGGKRIVKRIKAFLR,paero,ATCC 27853,2.266637601,0.355382089,development,2,DBAASP
DBAASPS_22822,WVKKVARKVVKIGRKVAR,paero,ATCC 27853,14.72880119,1.1681674,development,3,DBAASP
DBAASPR_22897,FLPFLGKLFSGIF,paero,ATCC 27853,47.54784004,1.677130793,development,5,DBAASP
DBAASPS_22998,GGGKRIVQRIKDFLR,paero,ATCC 27853,9.179110014,0.962800575,development,1,DBAASP
DBAASPS_22999,KRIVQRIKDFLRGGGK,paero,ATCC 27853,17.10075437,1.233015269,development,2,DBAASP
DBAASPS_23003,RRGIKKFIKKVKKVKKAI,paero,ATCC 27853,1.078920858,0.032989589,development,1,DBAASP
DBAASPS_23077,MRGGRLCYCRRRFCVCVGR,paero,ATCC 27853,19.93944202,1.299713001,development,5,DBAASP
DBAASPS_23078,SAGFVSLVCRGCRWRRRRRRLRIVR,paero,ATCC 27853,19.473938,1.289453783,development,2,DBAASP
DBAASPS_23079,RRSGSRRCRCAWWRGVRCRRSPSRA,paero,ATCC 27853,306.2639997,2.48609595,development,4,DBAASP
DBAASPS_23080,FCDGISSVLGWCRYPHRRFRCTCR,paero,ATCC 27853,291.9500003,2.46530848,development,4,DBAASP
DBAASPS_23112,TVGGLVKWILKTVKKFA,paero,ATCC 27853,26.47785796,1.422882848,development,2,DBAASP
DBAASPS_23131,WLKLKLKW,paero,ATCC 27853,57.42783356,1.759122433,development,3,DBAASP
DBAASPS_23132,WLKLKLKLKW,paero,ATCC 27853,188.8217968,2.276052126,development,2,DBAASP
DBAASPR_23147,GKFSIFGKILSSIAKVFKGVGKVRKSFQNASDLDKP,paero,ATCC 27853,48.50854497,1.685818248,development,5,DBAASP
DBAASPS_23243,RGGRRCYCRRRFCVCVGR,paero,ATCC 27853,2.203719999,0.343156413,development,5,DBAASP
DBAASPS_23244,RGGRACYCRRRFCVCVGR,paero,ATCC 27853,0.529652501,-0.276008973,development,5,DBAASP
DBAASPS_23245,RGGRLCYCRRRFCVCRGR,paero,ATCC 27853,1.108874999,0.044882592,development,1,DBAASP
DBAASPS_23246,RGGRLCYCRRRFCVCAGR,paero,ATCC 27853,1.066320101,0.027887596,development,3,DBAASP
DBAASPS_23247,RGGRLCYCRRRFCRCVGR,paero,ATCC 27853,70.96799996,1.851062566,development,4,DBAASP
DBAASPS_23248,RGGRLCYCRRRFCACVGR,paero,ATCC 27853,1.066320101,0.027887596,development,2,DBAASP
DBAASPS_23249,RGGRLCRCRRRFCVCVGR,paero,ATCC 27853,8.614799992,0.935245199,development,4,DBAASP
DBAASPS_23250,RGGRLCTCRRRFCVCVGR,paero,ATCC 27853,4.197239999,0.622963803,development,4,DBAASP
DBAASPS_23252,RGGRLCTCRRRFCVCRGR,paero,ATCC 27853,68.98176004,1.838734271,development,1,DBAASP
DBAASPS_23253,RGGRLCYCRRRFCACRGR,paero,ATCC 27853,8.75880049,0.942444634,development,2,DBAASP
DBAASPS_23254,RGGRACYCRRRFCVCRGR,paero,ATCC 27853,8.702680006,0.939653015,development,5,DBAASP
DBAASPS_23255,RGGRACYCRRRFCACVGR,paero,ATCC 27853,2.090560002,0.320262637,development,2,DBAASP
DBAASPS_23256,RGGRACYCRRRFCVCAGR,paero,ATCC 27853,2.090560002,0.320262637,development,1,DBAASP
DBAASPS_23267,RWGRFLRKIRRFRRKDVT,paero,ATCC 27853,6.538780699,0.815496772,development,1,DBAASP
DBAASPS_23268,RWGRFLRKIRRFRRKDVTQ,paero,ATCC 27853,12.42684628,1.094360926,development,4,DBAASP
DBAASPS_23269,RWKYRVPPLRLKKR,paero,ATCC 27853,4.218604766,0.625168839,development,2,DBAASP
DBAASPS_23371,KVVPIIYCNRRTRVCRRF,paero,ATCC 27853,72.98751996,1.863248607,development,5,DBAASP
DBAASPS_23372,AVRVTRICNLRTRRCVYIIRRI,paero,ATCC 27853,21.85144,1.339480062,development,4,DBAASP
DBAASPS_23373,AARVTIIRIRNKRTGKVTIIVIRRK,paero,ATCC 27853,11.7428,1.069771664,development,3,DBAASP
DBAASPS_23379,VKKVKKVCWTKSIPPKPC,paero,ATCC 27853,132.84608,2.123348744,development,2,DBAASP
DBAASPS_23380,VKKVKKVVKKVKKVCWTKSIPPKPC,paero,ATCC 27853,184.9491101,2.267052246,development,5,DBAASP
DBAASPS_23381,VKKVKKVVKKVKKVVKKVKKVCWTKSIPPKPC,paero,ATCC 27853,237.0521502,2.374843899,development,5,DBAASP
DBAASPS_23382,VRRVRRVCWTKSIPPKPC,paero,ATCC 27853,139.7606401,2.145384881,development,4,DBAASP
DBAASPS_23383,VRRVRRVVRRVRRVCWTKSIPPKPC,paero,ATCC 27853,198.77824,2.298368841,development,4,DBAASP
DBAASPS_23384,VRRVRRVVRRVRRVVRRVRRVCWTKSIPPKPC,paero,ATCC 27853,32.22448,1.508185918,development,4,DBAASP
DBAASPS_23385,IKKIKKICWTKSIPPKPC,paero,ATCC 27853,135.5398401,2.132066969,development,2,DBAASP
DBAASPS_23386,IKKIKKIIKKIKKICWTKSIPPKPC,paero,ATCC 27853,23.79207997,1.376432411,development,3,DBAASP
DBAASPS_23387,IKKIKKIIKKIKKIIKKIKKICWTKSIPPKPC,paero,ATCC 27853,7.660419992,0.884252581,development,3,DBAASP
DBAASPS_23392,IRRIRRICWTKSIPPKPC,paero,ATCC 27853,71.22719997,1.852645872,development,4,DBAASP
DBAASPS_23393,IRRIRRIIRRIRRICWTKSIPPKPC,paero,ATCC 27853,51.04143996,1.707922918,development,5,DBAASP
DBAASPS_23394,IRRIRRIIRRIRRIIRRIRRICWTKSIPPKPC,paero,ATCC 27853,33.234642,1.521591005,development,3,DBAASP
DBAASPS_23395,IKKIKKIIKKIKKIIKKIKKIRCKAAFC,paero,ATCC 27853,6.735259994,0.828354365,development,3,DBAASP
DBAASPS_23396,IKKIKKIIKKIKKIIKKIKKICTKSIPPIC,paero,ATCC 27853,7.061700006,0.848909264,development,1,DBAASP
DBAASPS_23397,IKKIKKIIKKIKKIIKKIKKI,paero,ATCC 27853,5.173239703,0.713762602,development,5,DBAASP
DBAASPS_23398,CTKSIPPIC,paero,ATCC 27853,61.58400004,1.789467894,development,2,DBAASP
DBAASPS_23399,RCKAAFC,paero,ATCC 27853,51.13791995,1.708743059,development,4,DBAASP
DBAASPS_23428,IRIRPGRIRI,paero,ATCC 27853,159.8207999,2.2036333,development,1,DBAASP
DBAASPS_23429,RIRIRPGRIRIR,paero,ATCC 27853,24.97568101,1.397517339,development,5,DBAASP
DBAASPS_23430,IRIRIRPGRIRIRI,paero,ATCC 27853,7.149200005,0.854257447,development,1,DBAASP
DBAASPS_23431,KWKWKPGKWKWK,paero,ATCC 27853,54.11711996,1.733334676,development,3,DBAASP
DBAASPS_23432,FRFRPGRFRF,paero,ATCC 27853,5.538720003,0.743409411,development,1,DBAASP
DBAASPS_23433,RFRFRPGRFRFR,paero,ATCC 27853,27.15296001,1.43381718,development,3,DBAASP
DBAASPS_23434,FRFRFRPGRFRFRF,paero,ATCC 27853,3.982839999,0.60019286,development,3,DBAASP
DBAASPS_23476,FLFSLIKKAIGGLISAFK,paero,ATCC 27853,65.52537906,1.816409542,development,5,DBAASP
DBAASPS_23477,FLFSLRKAGGLISAFK,paero,ATCC 27853,72.92881401,1.862899151,development,2,DBAASP
DBAASPS_23478,FLFSLIRKAIGGLWSAFK,paero,ATCC 27853,62.30199706,1.794501968,development,1,DBAASP
DBAASPS_23563,RRWFKIRMAAKLA,paero,ATCC 27853,19.42851531,1.288439614,development,1,DBAASP
DBAASPS_23564,AIPKRLRRFYLRALARRL,paero,ATCC 27853,3.524513083,0.547099127,development,5,DBAASP
DBAASPS_23565,KWRKVRAKFWRKWLAGLINT,paero,ATCC 27853,3.127297121,0.495169145,development,3,DBAASP
DBAASPS_23566,KWKKWVRAIKKLV,paero,ATCC 27853,2.376478831,0.37593395,development,4,DBAASP
DBAASPS_23567,VKRFRRWWKPWRKILHLV,paero,ATCC 27853,6.386957878,0.805294052,development,3,DBAASP
DBAASPS_23568,SKLWKKIVKALKAALKTL,paero,ATCC 27853,7.84458935,0.894570214,development,5,DBAASP
DBAASPS_23569,RVLWIKRWIKRFFRP,paero,ATCC 27853,7.613172497,0.88156567,development,5,DBAASP
DBAASPS_23570,IRFYWRRVQVWRGIWRRLVR,paero,ATCC 27853,22.83774235,1.358653169,development,1,DBAASP
DBAASPS_23571,RKKWWAYLLAKIAKKVK,paero,ATCC 27853,7.509279892,0.875598292,development,3,DBAASP
DBAASPS_23572,LWRFKRWWWWKKIL,paero,ATCC 27853,30.00984629,1.477263771,development,4,DBAASP
DBAASPS_23573,GIKKFAKLLKYIAGKL,paero,ATCC 27853,8.932076562,0.950952437,development,5,DBAASP
DBAASPS_23574,RRWGKLIKKIAKKFGG,paero,ATCC 27853,2.120482326,0.326434657,development,3,DBAASP
DBAASPS_23575,YKWVANVAKKLIKLLKVLK,paero,ATCC 27853,14.18499274,1.151829118,development,3,DBAASP
DBAASPS_23576,AKKFKIWGAIKRLLA,paero,ATCC 27853,4.589221959,0.661739063,development,4,DBAASP
DBAASPS_23577,KKFLKLIKGIKR,paero,ATCC 27853,173.9202059,2.240350041,development,5,DBAASP
DBAASPS_23578,KWKWPPRWPPWRPVWKVI,paero,ATCC 27853,26.19744124,1.418258875,development,1,DBAASP
DBAASPS_23579,LFKVIFGIVKKKKLLPKFF,paero,ATCC 27853,6.974725532,0.843527122,development,5,DBAASP
DBAASPS_23580,AVWRWLWKGSLAKGIIKFLK,paero,ATCC 27853,13.32786567,1.124760607,development,5,DBAASP
DBAASPS_23627,VRRVVRVPRRPVRVVRRV,paero,ATCC 27853,72.12256006,1.858071134,development,4,DBAASP
DBAASPS_23628,IRRIIRIPRRPIRIIRRI,paero,ATCC 27853,37.85712003,1.578147572,development,2,DBAASP
DBAASPS_23629,FRRFFRFPRRPFRFFRRF,paero,ATCC 27853,42.21167998,1.625432637,development,5,DBAASP
DBAASPS_23630,LRRLLRLPRRPLRLLRRL,paero,ATCC 27853,9.464279992,0.97608758,development,2,DBAASP
DBAASPS_23631,IIRIIRRGGRRIIRII,paero,ATCC 27853,63.15360304,1.800398133,development,3,DBAASP
DBAASPS_23632,IIRIIRRPGRRIIRII,paero,ATCC 27853,64.43584394,1.809127521,development,5,DBAASP
DBAASPS_23633,FFRFFRRGGRRFFRFF,paero,ATCC 27853,71.86271997,1.856503651,development,5,DBAASP
DBAASPS_23634,FFRFFRRPGRRFFRFF,paero,ATCC 27853,73.14496004,1.864184407,development,5,DBAASP
DBAASPS_23635,LLRLLRRGGRRLLRLL,paero,ATCC 27853,15.78840099,1.198338148,development,3,DBAASP
DBAASPS_23636,LLRLLRRPGRRLLRLL,paero,ATCC 27853,16.108961,1.20706753,development,2,DBAASP
DBAASPS_23637,GLRLLRRLLRRLLRLP,paero,ATCC 27853,8.054480993,0.906037561,development,2,DBAASP
DBAASPS_23723,RLLRLLLLRLLR,paero,ATCC 27853,2.583911757,0.412277678,development,4,DBAASP
DBAASPS_23724,RLLRLLRLLL,paero,ATCC 27853,3.128192763,0.495293507,development,4,DBAASP
DBAASPS_23726,RVLRVLRVLL,paero,ATCC 27853,25.87712996,1.412916107,development,5,DBAASP
DBAASPS_23727,RVVRVVRVVV,paero,ATCC 27853,216.8561654,2.336171774,development,5,DBAASP
DBAASPS_23728,RLLRLLLRLLR,paero,ATCC 27853,1.393843734,0.144214087,development,3,DBAASP
DBAASPS_23729,RIIRIIIRIIR,paero,ATCC 27853,89.20599897,1.950394061,development,5,DBAASP
DBAASPS_23730,RILRILIRLIR,paero,ATCC 27853,22.30149971,1.348334069,development,5,DBAASP
DBAASPS_23731,RALRALARALR,paero,ATCC 27853,202.1224948,2.30561465,development,4,DBAASP
DBAASPS_23732,RAARAAARAAR,paero,ATCC 27853,897.9960017,2.953274403,development,4,DBAASP
DBAASPS_23733,RRLLRLLLRLLR,paero,ATCC 27853,5.028067369,0.701401088,development,3,DBAASP
DBAASPS_23735,RLLRLLRLLLRLLRLLR,paero,ATCC 27853,29.09231505,1.463778282,development,2,DBAASP
DBAASPS_23736,RLLRLLRLLLL,paero,ATCC 27853,183.9274721,2.264646602,development,2,DBAASP
DBAASPR_23739,RLRDLIRRGRQKIGRRINRLGRRIQDILKNLQPGKVS,paero,ATCC 27853,13.91681301,1.143539792,development,2,DBAASP
DBAASPR_23787,LIVAASLVYDFYTWIAKKVALLRIAKKVLYLARNA,paero,ATCC 27853,3.999969999,0.602056734,development,2,DBAASP
DBAASPS_23821,INLKWLAALAKKIL,paero,ATCC 27853,160.4967997,2.205466377,development,2,DBAASP
DBAASPS_23822,INLKALWALAKKIL,paero,ATCC 27853,20.06209996,1.30237639,development,1,DBAASP
DBAASPS_23823,INLKALAWLAKKIL,paero,ATCC 27853,20.06209996,1.30237639,development,5,DBAASP
DBAASPS_23824,INLKALAALWKKIL,paero,ATCC 27853,10.03105,1.001346395,development,2,DBAASP
DBAASPS_23825,INLKALWWLAKKIL,paero,ATCC 27853,18.71146118,1.272107703,development,4,DBAASP
DBAASPS_23826,INLKALWALWKKIL,paero,ATCC 27853,37.4229224,1.573137699,development,1,DBAASP
DBAASPS_23827,INLKALAWLWKKIL,paero,ATCC 27853,37.4229224,1.573137699,development,2,DBAASP
DBAASPS_23828,INLKALWWLWKKIL,paero,ATCC 27853,140.2496745,2.146901862,development,3,DBAASP
DBAASPS_23829,INLKWLWWLWKKIL,paero,ATCC 27853,131.9281216,2.120337379,development,2,DBAASP
DBAASPS_23830,INLKKLWALAKKIL,paero,ATCC 27853,4.842196796,0.685042436,development,4,DBAASP
DBAASPS_23831,INLKALWALALKIL,paero,ATCC 27853,162.0219654,2.209573896,development,5,DBAASP
DBAASPS_23832,INLKALWKLAKAIL,paero,ATCC 27853,10.03105,1.001346395,development,1,DBAASP
DBAASPS_23833,INLKKLWALWKKIL,paero,ATCC 27853,18.10695128,1.257845333,development,3,DBAASP
DBAASPS_23834,INLKALWALWLKIL,paero,ATCC 27853,1.179824705,0.071817486,development,1,DBAASP
DBAASPS_23835,INLKALWKLWKAIL,paero,ATCC 27853,37.4229224,1.573137699,development,4,DBAASP
DBAASPS_23859,FLVKLIL,paero,ATCC 27853,295.8103157,2.471013315,development,4,DBAASP
DBAASPS_23860,FLVKLILKILRR,paero,ATCC 27853,10.33727369,1.014406015,development,2,DBAASP
DBAASPS_23861,FLVKLIKKILRR,paero,ATCC 27853,10.23563051,1.0101146,development,3,DBAASP
DBAASPS_23862,FLVKKIKKILRR,paero,ATCC 27853,40.53089688,1.607786214,development,5,DBAASP
DBAASPS_23932,LLGMIPWAIKAISALSKL,paero,ATCC 27853,986.3679993,2.994038974,development,1,DBAASP
DBAASPS_24149,ARWVRRVLKKKMV,paero,ATCC 27853,214.0403099,2.330495571,development,5,DBAASP
DBAASPS_24150,ARWVRRVLKKVMK,paero,ATCC 27853,26.75504002,1.427405605,development,1,DBAASP
DBAASPS_24199,WRIRRRWPRLPRPRWRPLPFPRPGPRP,paero,ATCC 27853,56.90192004,1.755126921,development,4,DBAASP
DBAASPS_24200,WRIRRRWPRLPRPRWRPRFPPP,paero,ATCC 27853,24.28584098,1.385353147,development,3,DBAASP
DBAASPS_24201,WRIRRRWPRLPRPRWRPRFPPPFPIPR,paero,ATCC 27853,58.34400006,1.765996201,development,2,DBAASP
DBAASPS_24202,WRIRRRWPRLPRPRWRPWFPPR,paero,ATCC 27853,12.49932001,1.096886387,development,5,DBAASP
DBAASPS_24203,WRIRRRWPRLPRPRWRPWFPPRFPIPR,paero,ATCC 27853,29.88480002,1.475450354,development,3,DBAASP
DBAASPS_24207,RCWKRWWRWWKRCWR,paero,ATCC 27853,8.407396256,0.924661517,development,2,DBAASP
